Time (s),Channel 1 (V),Channel 2 (V)
-0.0006168793801352054,-0.8915275757419804,-0.0001026315240947261
-0.0006167493801352054,-0.8894950047644947,-0.0007807700117141612
-0.0006166193801352054,-0.8884787192757519,-0.001458908499333596
-0.0006164893801352054,-0.8871236719574283,-0.001119839255523879
-0.0006163593801352055,-0.8847523391503628,-0.0001026315240951886
-0.0006162293801352055,-0.8833972918320386,0.0005755069635244008
-0.0006160993801352054,-0.8833972918320379,0.0009145762073344267
-0.0006159693801352054,-0.8830585300024563,0.0009145762073344267
-0.0006158393801352054,-0.8813647208545523,0.0009145762073344267
-0.0006157093801352054,-0.8796709117066477,0.0002364377197149915
-0.0006155793801352054,-0.877977102558743,0.0009145762073344267
-0.0006154493801352054,-0.8762832934108383,0.0005755069635247092
-0.0006153193801352055,-0.8749282460925145,-0.0004417007679044436
-0.0006151893801352055,-0.8728956751150299,-0.004171462449809641
-0.0006150593801352055,-0.8705243423079635,-0.005188670181240028
-0.0006149293801352054,-0.8678142476713147,-0.001797977743142851
-0.0006147993801352054,-0.867136724012153,-0.0007807700117141612
-0.0006146693801352054,-0.8661204385234103,0.0002364377197149915
-0.0006145393801352054,-0.8661204385234103,0.0009145762073344267
-0.0006144093801352054,-0.8647653912050866,0.0002364377197149915
-0.0006142793801352054,-0.862055296568439,0.0005755069635247092
-0.0006141493801352055,-0.8603614874205352,0.0005755069635247092
-0.0006140193801352055,-0.8600227255909536,0.0009145762073342725
-0.0006138893801352054,-0.8586676782726288,0.001253645451143682
-0.0006137593801352054,-0.8566351072951438,0.000236437719714529
-0.0006136293801352054,-0.8559575836359823,-0.0007807700117141612
-0.0006134993801352054,-0.8546025363176585,-0.0007807700117141612
-0.0006133693801352054,-0.852231203510592,-0.0007807700117141612
-0.0006132393801352054,-0.8498598707035254,-0.0007807700117141612
-0.0006131093801352055,-0.8481660615556216,0.000236437719714529
-0.0006129793801352055,-0.8464722524077168,0.000575506963524555
-0.0006128493801352054,-0.8441009196006485,0.0009145762073344267
-0.0006127193801352054,-0.8417295867935831,0.0009145762073342725
-0.0006125893801352054,-0.8420683486231639,0.0005755069635247092
-0.0006124593801352054,-0.8407133013048402,0.0005755069635247092
-0.0006123293801352054,-0.8376644448386118,-0.0001026315240947261
-0.0006121993801352054,-0.8369869211794499,-0.0004417007679044436
-0.0006120693801352055,-0.8356318738611261,-0.0007807700117141612
-0.0006119393801352055,-0.8352931120315453,-0.0004417007679045978
-0.0006118093801352054,-0.8325830173948978,-0.0004417007679042895
-0.0006116793801352054,-0.8325830173948969,-0.0001026315240945719
-0.0006115493801352054,-0.8305504464174122,0.0002364377197149915
-0.0006114193801352054,-0.8291953990990885,-0.0007807700117141612
-0.0006112893801352054,-0.8271628281216028,-0.0004417007679044436
-0.0006111593801352054,-0.8258077808032791,-0.0004417007679044436
-0.0006110293801352055,-0.8244527334849554,-0.0004417007679044436
-0.0006108993801352055,-0.8214038770187283,-0.00111983925552357
-0.0006107693801352055,-0.8186937823820807,-0.001119839255523879
-0.0006106393801352054,-0.8180162587229169,-0.0004417007679049062
-0.0006105093801352054,-0.816661211404593,-0.001458908499333751
-0.0006103793801352054,-0.8146286404271083,-0.001797977743143314
-0.0006102493801352054,-0.8122573076200417,-0.001119839255523879
-0.0006101193801352054,-0.8132735931087846,-0.0001026315240947261
-0.0006099893801352054,-0.8125960694496227,0.001253645451144144
-0.0006098593801352055,-0.8105634984721379,0.001931783938763271
-0.0006097293801352055,-0.8095472129833947,0.001253645451144453
-0.0006095993801352054,-0.806498356517164,0.001253645451144607
-0.0006094693801352054,-0.8024332145621946,0.002270853182572989
-0.0006093393801352054,-0.8024332145621946,0.001592714694953862
-0.0006092093801352054,-0.800061881755128,0.0005755069635247092
-0.0006090793801352054,-0.7990455962663853,-0.0001026315240947261
-0.0006089493801352054,-0.7973517871184806,0.0002364377197149915
-0.0006088193801352055,-0.7956579779705767,0.0002364377197149915
-0.0006086893801352055,-0.7932866451635106,-0.0007807700117136987
-0.0006085593801352054,-0.7909153123564424,-0.001119839255523725
-0.0006084293801352054,-0.7898990268676993,-0.0007807700117143154
-0.0006082993801352054,-0.7882052177197953,-0.001119839255523879
-0.0006081693801352054,-0.7878664558902144,-0.001119839255523879
-0.0006080393801352054,-0.7861726467423098,-0.0007807700117141612
-0.0006079093801352054,-0.7824462666169195,-0.0007807700117141612
-0.0006077793801352055,-0.7783811246619483,-0.0007807700117141612
-0.0006076493801352055,-0.7777036010027868,0.0005755069635240925
-0.0006075193801352055,-0.7760097918548825,0.0005755069635247092
-0.0006073893801352054,-0.7746547445365571,-0.0004417007679044436
-0.0006072593801352054,-0.7726221735590724,-0.0004417007679044436
-0.0006071293801352054,-0.7726221735590724,0.0002364377197149915
-0.0006069993801352054,-0.769912078922425,0.0009145762073344267
-0.0006068693801352054,-0.7682182697745202,-0.0007807700117141612
-0.0006067393801352055,-0.7658469369674538,0.0002364377197149915
-0.0006066093801352055,-0.763814365989969,0.004983407133048879
-0.0006064793801352055,-0.7624593186716451,0.00430526864543191
-0.0006063493801352054,-0.7627980805012246,0.0002364377197146832
-0.0006062193801352054,-0.761104271353319,-0.0004417007679042895
-0.0006060893801352054,-0.7577166530575112,-0.0001026315240947261
-0.0006059593801352054,-0.7560228439096066,0.0009145762073344267
-0.0006058293801352054,-0.75365151110254,0.0005755069635247092
-0.0006056993801352054,-0.7499251309771497,0.0009145762073344267
-0.0006055693801352055,-0.7485700836588267,0.0009145762073344267
-0.0006054393801352055,-0.7455212271925989,0.0005755069635248633
-0.0006053093801352054,-0.7438274180446925,0.0002364377197149915
-0.0006051793801352054,-0.7428111325559494,0.0002364377197148373
-0.0006050493801352054,-0.7411173234080455,-0.0001026315240947261
-0.0006049193801352054,-0.7390847524305599,0.0002364377197149915
-0.0006047893801352054,-0.7370521814530743,0.0005755069635247092
-0.0006046593801352054,-0.7350196104755887,0.001253645451144144
-0.0006045293801352055,-0.7343420868164271,0.000236437719715454
-0.0006043993801352055,-0.7319707540093614,-0.0001026315240945719
-0.0006042693801352054,-0.7285831357135502,0.0002364377197152999
-0.0006041393801352054,-0.7268893265656452,0.0009145762073344267
-0.0006040093801352054,-0.7245179937585797,0.0009145762073344267
-0.0006038793801352054,-0.7218078991219322,0.0002364377197149915
-0.0006037493801352054,-0.7187590426557038,-0.0001026315240947261
-0.0006036193801352054,-0.7180815189965419,-0.0001026315240947261
-0.0006034893801352055,-0.7184202808261229,-0.0001026315240947261
-0.0006033593801352055,-0.7160489480190575,-0.0004417007679042895
-0.0006032293801352055,-0.7146939007007332,-0.0004417007679044436
-0.0006030993801352054,-0.7119838060640841,-0.0004417007679042895
-0.0006029693801352054,-0.7096124732570186,-0.0001026315240947261
-0.0006028393801352054,-0.707579902279533,0.0002364377197149915
-0.0006027093801352054,-0.7062248549612092,0.0002364377197149915
-0.0006025793801352054,-0.7035147603245618,-0.001797977743143314
-0.0006024493801352054,-0.7001271420287525,-0.001797977743143314
-0.0006023193801352055,-0.6974170473921062,-0.001119839255524187
-0.0006021893801352055,-0.6960620000737819,-0.0007807700117143154
-0.0006020593801352054,-0.6940294290962945,-0.001458908499333596
-0.0006019293801352054,-0.6916580962892281,-0.001458908499333134
-0.0006017993801352054,-0.6896255253117435,-0.0004417007679044436
-0.0006016693801352054,-0.6879317161638389,-0.0007807700117141612
-0.0006015393801352054,-0.686915430675096,-0.0001026315240947261
-0.0006014093801352054,-0.6842053360384486,0.0002364377197149915
-0.0006012793801352055,-0.6831890505497061,0.000575506963524555
-0.0006011493801352055,-0.6821727650609634,-0.0001026315240944178
-0.0006010193801352054,-0.6808177177426379,0.0002364377197152999
-0.0006008893801352054,-0.6777688612764092,0.0009145762073338099
-0.0006007593801352054,-0.6743812429806014,-0.0004417007679044436
-0.0006006293801352054,-0.6733649574918587,-0.0007807700117141612
-0.0006004993801352054,-0.6699773391960493,-0.001119839255523879
-0.0006003693801352054,-0.6669284827298209,-0.0004417007679044436
-0.0006002393801352055,-0.6652346735819162,-0.0001026315240947261
-0.0006001093801352055,-0.6621858171156891,-0.0004417007679042895
-0.0005999793801352054,-0.6587981988198778,-0.0001026315240948802
-0.0005998493801352054,-0.6574431515015541,-0.0004417007679041352
-0.0005997193801352054,-0.6560881041832309,0.0002364377197149915
-0.0005995893801352054,-0.6547330568649072,0.0009145762073344267
-0.0005994593801352054,-0.6513454385690979,0.0005755069635247092
-0.0005993293801352054,-0.6486353439324504,-0.0004417007679044436
-0.0005991993801352055,-0.6469415347845457,0.0002364377197149915
-0.0005990693801352055,-0.6452477256366419,0.000575506963524555
-0.0005989393801352055,-0.6449089638070602,-0.0001026315240944178
-0.0005988093801352054,-0.643215154659155,-0.002137046986953494
-0.0005986793801352054,-0.6421988691704118,-0.003154254718381413
-0.0005985493801352054,-0.640166298192927,-0.001458908499333596
-0.0005984193801352054,-0.6377949653858606,-0.0007807700117141612
-0.0005982893801352054,-0.635084870749213,-0.0001026315240947261
-0.0005981593801352054,-0.6327135379421465,0.001253645451144144
-0.0005980293801352055,-0.6296646814759195,0.0005755069635250175
-0.0005978993801352055,-0.6262770631801103,0.0005755069635247092
-0.0005977693801352054,-0.6235669685434606,0.0005755069635248633
-0.0005976393801352054,-0.6222119212251368,0.0009145762073338099
-0.0005975093801352054,-0.6205181120772328,-0.0004417007679044436
-0.0005973793801352054,-0.6184855410997473,-0.0004417007679044436
-0.0005972493801352054,-0.6157754464630998,0.0005755069635247092
-0.0005971193801352054,-0.6127265899968714,0.0005755069635247092
-0.0005969893801352055,-0.6106940190193867,0.0002364377197151457
-0.0005968593801352055,-0.6100164953602243,0.000575506963524555
-0.0005967293801352054,-0.6069676388939939,0.0009145762073338099
-0.0005965993801352054,-0.603241258768604,-0.000441700767904752
-0.0005964693801352054,-0.6005311641319577,-0.001119839255523879
-0.0005963393801352054,-0.5988373549840531,-0.0007807700117141612
-0.0005962093801352054,-0.5961272603474056,-0.0007807700117141612
-0.0005960793801352054,-0.5930784038811772,-0.0001026315240947261
-0.0005959493801352055,-0.5913845947332725,0.0005755069635247092
-0.0005958193801352055,-0.5886745000966263,0.0009145762073342725
-0.0005956893801352054,-0.5863031672895573,0.0009145762073338099
-0.0005955593801352054,-0.5839318344824904,-0.0004417007679039811
-0.0005954293801352054,-0.5805442161866826,0.0005755069635247092
-0.0005952993801352054,-0.5791891688683589,0.0009145762073344267
-0.0005951693801352054,-0.578511645209197,0.0009145762073344267
-0.0005950393801352054,-0.5758015505725496,0.0005755069635247092
-0.0005949093801352055,-0.5724139322767402,0.0005755069635247092
-0.0005947793801352055,-0.5710588849584172,0.0002364377197151457
-0.0005946493801352055,-0.5690263139809317,-0.0004417007679041353
-0.0005945193801352054,-0.565299933855539,0.0002364377197148373
-0.0005943893801352054,-0.5619123155597299,-0.0001026315240942635
-0.0005942593801352054,-0.5588634590935028,0.0009145762073344267
-0.0005941293801352054,-0.5575084117751791,0.0009145762073344267
-0.0005939993801352054,-0.5547983171385316,0.0005755069635247092
-0.0005938693801352054,-0.5497168896948176,0.0005755069635247092
-0.0005937393801352055,-0.5473455568877521,0.0005755069635247092
-0.0005936093801352055,-0.5446354622511048,0.001253645451143836
-0.0005934793801352054,-0.5439579385919413,0.0005755069635247092
-0.0005933493801352054,-0.5429416531031982,0.0005755069635248633
-0.0005932193801352054,-0.5415866057848752,0.0009145762073344267
-0.0005930893801352054,-0.5395540348073895,0.0005755069635247092
-0.0005929593801352054,-0.5388765111482277,0.0009145762073344267
-0.0005928293801352054,-0.5365051783411612,0.001592714694953862
-0.0005926993801352055,-0.5331175600453534,0.001592714694953862
-0.0005925693801352055,-0.5304074654087055,0.0009145762073347351
-0.0005924393801352054,-0.5270198471128936,0.001592714694953862
-0.0005923093801352054,-0.5239709906466656,0.001592714694953862
-0.0005921793801352054,-0.521938419669181,0.001592714694953862
-0.0005920493801352054,-0.5188895632029525,0.0005755069635247092
-0.0005919193801352054,-0.5155019449071432,0.0002364377197149915
-0.0005917893801352054,-0.5127918502704958,0.0009145762073344267
-0.0005916593801352055,-0.5107592792930101,-0.0004417007679044436
-0.0005915293801352055,-0.5073716609972023,-0.0004417007679044436
-0.0005913993801352055,-0.5060166136788777,-0.0001026315240948802
-0.0005912693801352054,-0.5036452808718093,-0.001119839255523725
-0.0005911393801352054,-0.5009351862351631,-0.0007807700117141612
-0.0005910093801352054,-0.4985638534280964,-0.0007807700117141612
-0.0005908793801352054,-0.4965312824506108,-0.0004417007679044436
-0.0005907493801352054,-0.4948374733027062,-0.0007807700117141612
-0.0005906193801352054,-0.4928049023252206,-0.0001026315240947261
-0.0005904893801352055,-0.4904335695181551,-0.0001026315240947261
-0.0005903593801352055,-0.487384713051927,-0.0007807700117138528
-0.0005902293801352054,-0.484335856585696,-0.001119839255523108
-0.0005900993801352054,-0.4816257619490482,0.000575506963524555
-0.0005899693801352054,-0.4782381436532404,0.0002364377197149915
-0.0005898393801352054,-0.4762055726757548,-0.0007807700117141612
-0.0005897093801352054,-0.4745117635278501,-0.0001026315240947261
-0.0005895793801352054,-0.4724791925503645,-0.0007807700117141612
-0.0005894493801352055,-0.4714629070616221,0.000236437719714529
-0.0005893193801352055,-0.4684140505953946,0.0002364377197149915
-0.0005891893801352054,-0.466042717788325,-0.000780770011714007
-0.0005890593801352054,-0.4623163376629351,-0.0004417007679042895
-0.0005889293801352054,-0.4592674811967081,-0.0001026315240947261
-0.0005887993801352054,-0.4552023392417369,0.0002364377197149915
-0.0005886693801352054,-0.4524922446050894,-0.001119839255523879
-0.0005885393801352054,-0.4507984354571847,-0.0001026315240947261
-0.0005884093801352055,-0.4504596736276038,0.0009145762073344267
-0.0005882793801352055,-0.4477495789909575,0.00125364545114399
-0.0005881493801352054,-0.4447007225247269,0.001592714694953708
-0.0005880193801352054,-0.4426681515472404,0.001253645451144298
-0.0005878893801352054,-0.4386030095922711,0.001592714694953862
-0.0005877593801352054,-0.4369092004443664,-0.0001026315240947261
-0.0005876293801352054,-0.4341991058077189,-0.0004417007679044436
-0.0005874993801352054,-0.4308114875119096,-0.0007807700117141612
-0.0005873693801352055,-0.4267463455569384,-0.0007807700117141612
-0.0005872393801352055,-0.4250525364090345,-0.0001026315240950345
-0.0005871093801352055,-0.4213261562836451,0.0009145762073339641
-0.0005869793801352054,-0.4182772998174142,0.0002364377197149915
-0.0005868493801352054,-0.41658349066951,0.0002364377197146832
-0.0005867193801352054,-0.4159059670103484,-0.0004417007679044436
-0.0005865893801352054,-0.4125183487145391,0.0009145762073344267
-0.0005864593801352054,-0.4094694922483107,0.0002364377197149915
-0.0005863293801352054,-0.4070981594412442,-0.0001026315240947261
-0.0005861993801352055,-0.4050655884637595,-0.0001026315240947261
-0.0005860693801352055,-0.4033717793158547,0.0002364377197148374
-0.0005859393801352054,-0.3996453991904627,-0.0001026315240945719
-0.0005858093801352054,-0.3976128282129768,0.0002364377197156083
-0.0005856793801352054,-0.3949027335763305,0.001592714694953862
-0.0005855493801352054,-0.3918538771101021,0.001592714694953862
-0.0005854193801352054,-0.3894825443030356,0.001592714694953862
-0.0005852893801352054,-0.3854174023480644,0.0009145762073344267
-0.0005851593801352055,-0.3820297840522566,0.0002364377197152999
-0.0005850293801352055,-0.378980927586028,-0.0007807700117136987
-0.0005848993801352054,-0.3766095947789596,-0.00111983925552357
-0.0005847693801352054,-0.3755933092902161,-0.0004417007679041352
-0.0005846393801352054,-0.3728832146535698,0.0002364377197149915
-0.0005845093801352054,-0.3708506436760842,0.0005755069635247092
-0.0005843793801352054,-0.3678017872098558,0.001592714694953862
-0.0005842493801352054,-0.3657692162323702,0.004305268645431602
-0.0005841193801352055,-0.3627203597661418,0.001592714694953862
-0.0005839893801352055,-0.3593327414703339,-0.0004417007679035185
-0.0005838593801352054,-0.3573001704928458,0.0002364377197154541
-0.0005837293801352054,-0.3552675995153594,0.001253645451143682
-0.0005835993801352054,-0.35120245756039,0.0002364377197149915
-0.0005834693801352054,-0.3478148392645807,-0.0007807700117141612
-0.0005833393801352054,-0.3451047446279332,-0.0004417007679044436
-0.0005832093801352054,-0.3427334118208666,-0.0004417007679044436
-0.0005830793801352055,-0.3413783645025429,-0.0001026315240947261
-0.0005829493801352055,-0.3393457935250582,0.0005755069635244008
-0.0005828193801352055,-0.3359581752292495,0.0009145762073342725
-0.0005826893801352054,-0.3325705569334372,0.001592714694953554
-0.0005825593801352054,-0.3295217004672088,0.0009145762073339642
-0.0005824293801352054,-0.3264728440009818,-0.0001026315240947261
-0.0005822993801352054,-0.3237627493643343,-0.0004417007679044436
-0.0005821693801352054,-0.320036369238944,-0.001119839255523879
-0.0005820393801352054,-0.3180037982614584,-0.001119839255523879
-0.0005819093801352055,-0.3159712272839738,-0.000441700767904752
-0.0005817793801352055,-0.3129223708177458,-0.0001026315240948802
-0.0005816493801352054,-0.3108897998402574,-0.0004417007679044436
-0.0005815193801352054,-0.3078409433740287,-0.0004417007679041352
-0.0005813893801352054,-0.3041145632486401,0.0002364377197149915
-0.0005812593801352054,-0.3007269449528308,0.0009145762073344267
-0.0005811293801352054,-0.2973393266570215,0.0005755069635247092
-0.0005809993801352054,-0.2953067556795358,0.001253645451144144
-0.0005808693801352055,-0.2922578992133088,0.001253645451144144
-0.0005807393801352055,-0.2905640900654035,0.0005755069635250175
-0.0005806093801352054,-0.2909028518949819,-0.0001026315240947261
-0.0005804793801352054,-0.287176471769592,-0.0001026315240947261
-0.0005803493801352054,-0.284127615303365,-0.0001026315240947261
-0.0005802193801352054,-0.2814175206667175,0.0002364377197149915
-0.0005800893801352054,-0.2780299023709082,0.0002364377197149915
-0.0005799593801352054,-0.2743035222455179,-0.001458908499333596
-0.0005798293801352055,-0.2712546657792895,-0.0007807700117141612
-0.0005796993801352055,-0.2695608566313856,-0.001119839255523725
-0.0005795693801352055,-0.2658344765059962,-0.0007807700117143154
-0.0005794393801352054,-0.2627856200397643,0.0005755069635251717
-0.0005793093801352054,-0.2587204780847949,0.001592714694953862
-0.0005791793801352054,-0.2577041925960521,0.001592714694953862
-0.0005790493801352054,-0.2546553361298237,0.001592714694953862
-0.0005789193801352054,-0.2509289560044334,0.001592714694953862
-0.0005787893801352054,-0.2485576231973669,0.00193178393876358
-0.0005786593801352055,-0.2475413377086245,0.0002364377197157624
-0.0005785293801352055,-0.2441537194128163,0.001253645451143682
-0.0005783993801352054,-0.240766101117004,0.0009145762073342725
-0.0005782693801352054,-0.2377172446507754,0.0005755069635247092
-0.0005781393801352054,-0.2343296263549677,0.0005755069635247092
-0.0005780093801352054,-0.2306032462295774,-0.0007807700117141612
-0.0005778793801352054,-0.2295869607408346,-0.0004417007679044436
-0.0005777493801352054,-0.2278931515929299,0.0002364377197149915
-0.0005776193801352055,-0.2248442951267029,0.0002364377197149915
-0.0005774893801352055,-0.2204403913421513,-0.0004417007679041353
-0.0005773593801352054,-0.2163752493871769,0.0002364377197146832
-0.0005772293801352054,-0.2136651547505294,-0.0004417007679045978
-0.0005770993801352054,-0.2109550601138832,-0.0007807700117141612
-0.0005769693801352054,-0.2096000127955594,-0.0004417007679044436
-0.0005768393801352054,-0.2075674418180738,-0.0001026315240947261
-0.0005767093801352054,-0.2045185853518454,-0.0007807700117141612
-0.0005765793801352055,-0.2014697288856184,-0.0004417007679045978
-0.0005764493801352055,-0.1994371579081323,0.0005755069635242468
-0.0005763193801352054,-0.1977433487602247,-0.0004417007679041352
-0.0005761893801352054,-0.1933394449756735,0.0002364377197152999
-0.0005760593801352054,-0.190968112168608,0.0009145762073344267
-0.0005759293801352054,-0.1865642083840559,0.0002364377197149915
-0.0005757993801352054,-0.1821603045995037,-0.0001026315240947261
-0.0005756693801352054,-0.1811440191107609,0.0002364377197149915
-0.0005755393801352055,-0.1780951626445325,-0.002476116230762749
-0.0005754093801352055,-0.1760625916670479,-0.001458908499334059
-0.0005752793801352055,-0.1740300206895622,-0.0004417007679049061
-0.0005751493801352054,-0.1723362115416543,-0.0001026315240950344
-0.0005750193801352054,-0.1672547840979419,-0.000780770011714007
-0.0005748893801352054,-0.165560974950038,-0.0004417007679044436
-0.0005747593801352054,-0.1628508803133905,0.001253645451144144
-0.0005746293801352054,-0.1608183093359049,0.001592714694953862
-0.0005744993801352054,-0.1564144055513527,-0.0004417007679044436
-0.0005743693801352055,-0.1533655490851257,0.001253645451143373
-0.0005742393801352055,-0.1509942162780589,0.001931783938763271
-0.0005741093801352054,-0.1472678361526659,0.001592714694953554
-0.0005739793801352054,-0.1438802178568573,0.0009145762073345809
-0.0005738493801352054,-0.1418476468793726,0.001253645451144144
-0.0005737193801352054,-0.139476314072306,0.0009145762073344267
-0.0005735893801352054,-0.1377825049244013,0.0009145762073344267
-0.0005734593801352054,-0.1367662194356585,0.001592714694953862
-0.0005733293801352055,-0.13303983931027,0.001253645451144298
-0.0005731993801352055,-0.1296522210144604,0.0009145762073345809
-0.0005730693801352054,-0.126264602718648,0.0009145762073339642
-0.0005729393801352054,-0.1228769844228388,-0.0001026315240945719
-0.0005728093801352054,-0.1198281279566118,0.0002364377197149915
-0.0005726793801352054,-0.1171180333199644,0.0002364377197149915
-0.0005725493801352054,-0.1147467005128978,0.0002364377197149915
-0.0005724193801352054,-0.1110203203875075,0.001253645451144144
-0.0005722893801352053,-0.1066164166029542,0.00125364545114399
-0.0005721593801352055,-0.1039063219663091,0.0009145762073345809
-0.0005720293801352054,-0.1011962273296594,0.001592714694954016
-0.0005718993801352055,-0.09882489452259498,0.001931783938763425
-0.0005717693801352054,-0.09645356171552735,0.001592714694953862
-0.0005716393801352054,-0.09374346707887989,0.00193178393876358
-0.0005715093801352054,-0.09137213427181334,0.001592714694953862
-0.0005713793801352054,-0.08662946865768026,0.001592714694953862
-0.0005712493801352055,-0.08324185036187091,0.0009145762073344267
-0.0005711193801352054,-0.07985423206605942,0.0005755069635247092
-0.0005709893801352055,-0.07511156645193064,0.0005755069635247092
-0.0005708593801352054,-0.07341775730402304,0.000575506963524555
-0.0005707293801352055,-0.0717239481561199,0.0002364377197151457
-0.0005705993801352054,-0.06969137717863354,0.0005755069635247092
-0.0005704693801352054,-0.06799756803072887,0.0009145762073344267
-0.0005703393801352054,-0.06596499705324327,0.0005755069635247092
-0.0005702093801352054,-0.06325490241659579,-0.0001026315240947261
-0.0005700793801352055,-0.05952852229120721,0.0002364377197148374
-0.0005699493801352054,-0.05546338033623322,-0.0001026315240944177
-0.0005698193801352055,-0.05309204752916883,0.0005755069635244008
-0.0005696893801352054,-0.05038195289251828,0.0002364377197151457
-0.0005695593801352054,-0.04597804910796814,0.0005755069635247092
-0.0005694293801352054,-0.04292919264173974,0.0005755069635247092
-0.0005692993801352054,-0.04055785983467319,-0.0004417007679044436
-0.0005691693801352054,-0.03750900336844477,-0.0001026315240947261
-0.0005690393801352053,-0.03581519422053949,-0.0004417007679045978
-0.0005689093801352055,-0.03446014690221699,-0.000780770011714007
-0.0005687793801352054,-0.03276633775431001,-0.0004417007679041352
-0.0005686493801352055,-0.02903995762892311,0.0002364377197146832
-0.0005685193801352054,-0.02666862482185488,-0.0004417007679044436
-0.0005683893801352054,-0.0229422446964646,0.0002364377197149915
-0.0005682593801352054,-0.01853834091191246,0.0005755069635247092
-0.0005681293801352054,-0.01684453176400778,0.0005755069635247092
-0.0005679993801352055,-0.01447319895694124,0.0002364377197149915
-0.0005678693801352054,-0.01074681883154896,0.0005755069635248633
-0.0005677393801352055,-0.006342915047000821,0.0009145762073342725
-0.0005676093801352054,-0.00363282041035042,0.0009145762073345809
-0.0005674793801352055,-0.001600249432866662,0.00125364545114399
-0.0005673493801352054,0.002126130692524541,0.0002364377197149915
-0.0005672193801352054,0.004158701670010147,0.001253645451144144
-0.0005670893801352054,0.008562605454562293,0.004305268645431602
-0.0005669593801352054,0.00991765277288603,0.002270853182573297
-0.0005668293801352055,0.01296650923911305,0.0009145762073350435
-0.0005666993801352054,0.01703165119408688,0.001253645451144453
-0.0005665693801352055,0.01974174583073189,0.001931783938763271
-0.0005664393801352054,0.02279060229696277,0.0009145762073341184
-0.0005663093801352054,0.02550069693360901,0.0002364377197149915
-0.0005661793801352054,0.02753326791109462,0.0005755069635247092
-0.0005660493801352054,0.02990460071816116,-0.0001026315240947261
-0.0005659193801352054,0.03193717169564676,-0.0004417007679044436
-0.0005657893801352054,0.03566355182103859,0.0005755069635247092
-0.0005656593801352055,0.03905117011684485,0.0005755069635247092
-0.0005655293801352054,0.04142250292391432,-0.000780770011714007
-0.0005653993801352055,0.04447135939013995,-0.0004417007679045978
-0.0005652693801352054,0.0471814540267888,-0.0001026315240947261
-0.0005651393801352054,0.05023031049301722,-0.0007807700117141612
-0.0005650093801352054,0.05260164330008377,-0.0007807700117141612
-0.0005648793801352054,0.05632802342547404,-0.0004417007679044436
-0.0005647493801352055,0.05971564172128184,0.0002364377197146832
-0.0005646193801352054,0.06242573635793225,-0.0001026315240948802
-0.0005644893801352055,0.06547459282415788,-0.0004417007679042895
-0.0005643593801352054,0.07021725843829343,0.000575506963524555
-0.0005642293801352054,0.07258859124535889,0.0002364377197149915
-0.0005640993801352054,0.07529868588200636,0.0009145762073344267
-0.0005639693801352054,0.07902506600739664,0.0005755069635247092
-0.0005638393801352054,0.08275144613278693,0.001253645451144144
-0.0005637093801352055,0.08241268430320599,0.0005755069635247092
-0.0005635793801352055,0.08546154076943301,-0.0004417007679039812
-0.0005634493801352054,0.08817163540608311,0.0005755069635248633
-0.0005633193801352055,0.09088173004272811,0.0009145762073342725
-0.0005631893801352054,0.09426934833854023,0.0002364377197149915
-0.0005630593801352054,0.09765696663434803,0.0002364377197149915
-0.0005629293801352054,0.1003670612709955,-0.0001026315240947261
-0.0005627993801352054,0.1027383940780621,0.0002364377197149915
-0.0005626693801352054,0.1051097268851286,0.002270853182573297
-0.0005625393801352054,0.1081585833513581,0.001592714694953554
-0.0005624093801352055,0.1105299161584225,0.0009145762073347351
-0.0005622793801352054,0.1142562962838157,0.0005755069635242467
-0.0005621493801352055,0.1183214382387832,-0.0004417007679039812
-0.0005620193801352054,0.1189989618979469,-0.0001026315240947261
-0.0005618893801352054,0.1210315328754325,0.0002364377197149915
-0.0005617593801352054,0.12374162751208,0.0009145762073344267
-0.0005616293801352054,0.1281455312966321,0.0002364377197149915
-0.0005614993801352055,0.1315331495924399,0.000575506963524555
-0.0005613693801352054,0.1349207678882508,0.0009145762073342725
-0.0005612393801352055,0.1349207678882508,0.0005755069635248633
-0.0005611093801352054,0.1386471480136428,0.0009145762073345809
-0.0005609793801352054,0.1423735281390314,0.001253645451144144
-0.0005608493801352054,0.1457611464348407,0.0005755069635247092
-0.0005607193801352054,0.1484712410714882,-0.0004417007679044436
-0.0005605893801352054,0.1515200975377166,0.001253645451144144
-0.0005604593801352053,0.1552464776631078,0.0005755069635247092
-0.0005603293801352055,0.1572790486405916,0.0005755069635247092
-0.0005601993801352054,0.1606666669364032,0.0005755069635242467
-0.0005600693801352055,0.1637155234026288,-0.0004417007679039812
-0.0005599393801352054,0.1657480943801158,-0.0001026315240947261
-0.0005598093801352054,0.1694744745055061,0.0002364377197149915
-0.0005596793801352054,0.1718458073125727,0.0009145762073344267
-0.0005595493801352054,0.1742171401196392,0.0005755069635247092
-0.0005594193801352055,0.1786210439041913,0.0009145762073344267
-0.0005592893801352054,0.1816699003704205,0.00328806091400137
-0.0005591593801352055,0.1833637095183236,0.0009145762073355062
-0.0005590293801352054,0.1850575186662303,-0.002815185474571233
-0.0005588993801352055,0.1877676133028754,-0.0001026315240959595
-0.0005587693801352054,0.1898001842803622,0.001592714694953862
-0.0005586393801352054,0.1928490407465906,0.002609922426383015
-0.0005585093801352054,0.1969141827015618,0.002270853182573297
-0.0005583793801352054,0.201318086486114,0.002270853182573297
-0.0005582493801352055,0.2033506574635986,0.001931783938763734
-0.0005581193801352054,0.2063995139298289,0.002609922426383477
-0.0005579893801352055,0.2084320849073127,0.003627130157811705
-0.0005578593801352054,0.211142179543962,0.003966199401621576
-0.0005577293801352054,0.2131747505214467,0.00328806091400245
-0.0005575993801352054,0.216562368817256,0.002948991670192732
-0.0005574693801352054,0.2199499871130653,0.003627130157812168
-0.0005573393801352054,0.2223213199201319,0.00328806091400245
-0.0005572093801352053,0.2260477000455232,0.002609922426383015
-0.0005570793801352055,0.2284190328525876,0.002609922426383015
-0.0005569493801352054,0.2318066511483996,0.003627130157811705
-0.0005568193801352055,0.2351942694442059,0.002609922426383477
-0.0005566893801352054,0.2375656022512739,0.003627130157812168
-0.0005565593801352054,0.2402756968879214,0.003966199401621885
-0.0005564293801352054,0.2409532205470833,0.003627130157812168
-0.0005562993801352054,0.2440020770133117,0.004305268645431602
-0.0005561693801352055,0.2456958861612163,0.003966199401621885
-0.0005560393801352054,0.2484059807978657,0.004305268645431602
-0.0005559093801352055,0.2524711227528332,0.004305268645431602
-0.0005557793801352054,0.2555199792190645,0.004305268645431757
-0.0005556493801352055,0.2578913120261289,0.004644337889241166
-0.0005555193801352054,0.2595851211740346,0.004983407133051038
-0.0005553893801352054,0.2626339776402631,0.003966199401621885
-0.0005552593801352054,0.2666991195952343,0.004983407133051038
-0.0005551293801352054,0.2694092142318817,0.006678753352099625
-0.0005549993801352055,0.272119308868528,0.006339684108290063
-0.0005548693801352054,0.2748294035051778,0.007356891839719523
-0.0005547393801352055,0.2772007363122422,0.00837409957114775
-0.0005546093801352054,0.2802495927784734,0.00803503032733865
-0.0005544793801352054,0.283975972903862,0.008374099571148213
-0.0005543493801352054,0.2863473057109285,0.008713168814957931
-0.0005542193801352054,0.2870248293700903,0.008713168814957931
-0.0005540893801352054,0.288718638517995,0.009730376546387084
-0.0005539593801352053,0.2921062568138064,0.009730376546386775
-0.0005538293801352055,0.2965101605983545,0.009052238058767958
-0.0005536993801352054,0.2988814934054241,0.008713168814958549
-0.0005535693801352055,0.3012528262124886,0.01006944579019619
-0.0005534393801352054,0.3049792063378798,0.01108665352162595
-0.0005533093801352054,0.3076893009745273,0.01040851503400652
-0.0005531793801352054,0.3107381574407557,0.0100694457901968
-0.0005530493801352054,0.3114156810999176,0.0100694457901968
-0.0005529193801352055,0.3144645375661446,0.01346013822829244
-0.0005527893801352054,0.3168358703732144,0.01413827671591341
-0.0005526593801352055,0.320901012328182,0.01413827671591341
-0.0005525293801352054,0.3242886306239945,0.01312106898448503
-0.0005523993801352054,0.3273374870902215,0.01481641520353285
-0.0005522693801352054,0.3307251053860309,0.01617269217877172
-0.0005521393801352054,0.3334352000226783,0.01685083066639115
-0.0005520093801352054,0.3358065328297449,0.01718989991020087
-0.0005518793801352055,0.3381778656368114,0.01786803839782031
-0.0005517493801352055,0.3429205312509424,0.01922431537305856
-0.0005516193801352054,0.3469856732059159,0.01990245386067876
-0.0005514893801352055,0.3473244350354965,0.02024152310448818
-0.0005513593801352054,0.3486794823538204,0.02091966159210776
-0.0005512293801352054,0.3510508151608869,0.02227593856734663
-0.0005510993801352054,0.3554547189454391,0.02363221554258551
-0.0005509693801352054,0.3588423372412484,0.02329314629877579
-0.0005508393801352054,0.3612136700483149,0.02397128478639522
-0.0005507093801352054,0.3635850028553825,0.0253275617616344
-0.0005505793801352055,0.3656175738328662,0.02600570024925322
-0.0005504493801352054,0.3673113829807731,0.0270229079806833
-0.0005503193801352055,0.3703602394469988,0.02837918495592093
-0.0005501893801352054,0.3740866195723905,0.0293963926873507
-0.0005500593801352054,0.376457952379457,0.03041360041877986
-0.0005499293801352054,0.3795068088456854,0.03143080815020901
-0.0005497993801352054,0.3825556653119138,0.0331261543692576
-0.0005496693801352055,0.3849269981189793,0.03380429285687672
-0.0005495393801352054,0.3859432836077242,0.03380429285687795
-0.0005494093801352055,0.3883146164147886,0.03583870831973441
-0.0005492793801352054,0.392040996540181,0.03719498529497468
-0.0005491493801352054,0.3944123293472465,0.03821219302640336
-0.0005490193801352054,0.3981387094726368,0.03990753924545196
-0.0005488893801352054,0.4015263277684462,0.04024660848926166
-0.0005487593801352054,0.4045751842346746,0.04126381622069082
-0.0005486293801352053,0.40626899338258,0.04126381622069174
-0.0005484993801352055,0.4079628025304831,0.0432982316835482
-0.0005483693801352054,0.4096566116783901,0.04499357790259863
-0.0005482393801352055,0.4130442299741964,0.04702799336545509
-0.0005481093801352054,0.4164318482700073,0.04940147807212404
-0.0005479793801352054,0.4191419429066547,0.0504186858035532
-0.0005478493801352054,0.4215132757137213,0.05109682429117263
-0.0005477193801352054,0.422868323032045,0.05143589353498235
-0.0005475893801352054,0.4245621321799497,0.05211403202260179
-0.0005474593801352054,0.4276109886461796,0.05347030899784189
-0.0005473293801352055,0.4309986069419859,0.05618286294831716
-0.0005471993801352054,0.434386225237798,0.05753913992355818
-0.0005470693801352055,0.437096319874443,0.05957355538641464
-0.0005469393801352054,0.4391288908519299,0.06194704009308359
-0.0005468093801352054,0.4408226999998345,0.06228610933689331
-0.0005466793801352054,0.4421777473181583,0.06330331706832246
-0.0005465493801352054,0.4459041274435486,0.0639814555559419
-0.0005464193801352055,0.448275460250614,0.06635494026260884
-0.0005462893801352054,0.4503080312281019,0.0670330787502298
-0.0005461593801352055,0.4530181258647469,0.06805028648165805
-0.0005460293801352054,0.4557282205013972,0.06974563270070787
-0.0005458993801352054,0.459115838797205,0.07144097891975568
-0.0005457693801352054,0.4621646952634334,0.07347539438261398
-0.0005456393801352054,0.4662298372184046,0.07550980984547229
-0.0005455093801352054,0.4689399318550521,0.07788329455214031
-0.0005453793801352053,0.4706337410029571,0.07991771001499892
-0.0005452493801352055,0.4713112646621183,0.08059584850261775
-0.0005451193801352054,0.4740213592987675,0.08161305623404815
-0.0005449893801352055,0.4770702157649931,0.08364747169690459
-0.0005448593801352054,0.4794415485720611,0.08534281791595411
-0.0005447293801352054,0.4807965958903848,0.08669909489119297
-0.0005445993801352054,0.4831679286974513,0.09076792581690958
-0.0005444693801352054,0.4868943088228416,0.09483675674262619
-0.0005443393801352055,0.4896044034594891,0.09348047976738733
-0.0005442093801352054,0.4936695454144615,0.09415861825500769
-0.0005440793801352055,0.4963796400511066,0.09619303371786414
-0.0005439493801352054,0.498412211028595,0.09687117220548495
-0.0005438193801352055,0.5017998293244011,0.0978883799369132
-0.0005436893801352054,0.5031548766427264,0.09992279539977196
-0.0005435593801352054,0.505526209449793,0.1019572108626303
-0.0005434293801352054,0.5072200185976976,0.1036525570816789
-0.0005432993801352054,0.510268875063926,0.1050088340569177
-0.0005431693801352055,0.5123014460414107,0.1070432495197751
-0.0005430393801352054,0.5156890643372225,0.108738595738826
-0.0005429093801352055,0.5190766826330288,0.1117902189331107
-0.0005427793801352054,0.5204317299513552,0.1134855651521613
-0.0005426493801352054,0.5228030627584206,0.1148418421273995
-0.0005425193801352054,0.5248356337359062,0.1165371883464481
-0.0005423893801352054,0.5275457283725536,0.117893465321687
-0.0005422593801352054,0.5299170611796202,0.1195888115407356
-0.0005421293801352053,0.5326271558162685,0.1209450885159757
-0.0005419993801352055,0.5343209649641716,0.123657642466451
-0.0005418693801352054,0.5370310596008206,0.1250139194416915
-0.0005417393801352055,0.5387248687487237,0.1260311271731197
-0.0005416093801352054,0.5417737252149529,0.1277264733921688
-0.0005414793801352054,0.5444838198516004,0.1297608888550271
-0.0005413493801352054,0.546516390829086,0.1324734428055049
-0.0005412193801352054,0.5485489618065716,0.1338297197807437
-0.0005410893801352055,0.5512590564432178,0.135185996755982
-0.0005409593801352054,0.5539691510798677,0.1378985507064608
-0.0005408293801352055,0.556340483886932,0.138915758437889
-0.0005406993801352054,0.5580342930348384,0.1402720354131288
-0.0005405693801352054,0.5593893403531615,0.1412892431445575
-0.0005404393801352054,0.5614219113306471,0.1433236586074158
-0.0005403093801352054,0.5641320059672946,0.1446799355826547
-0.0005401793801352054,0.5681971479222658,0.1473924895331324
-0.0005400493801352055,0.5702297188997514,0.1497659742398005
-0.0005399193801352055,0.5736173371955592,0.1521394589464674
-0.0005397893801352054,0.5766661936617896,0.1534957359217081
-0.0005396593801352055,0.5776824791505315,0.1551910821407551
-0.0005395293801352054,0.5797150501280176,0.1572254976036142
-0.0005393993801352054,0.5820863829350841,0.1579036360912337
-0.0005392693801352054,0.5844577157421507,0.1595989823102822
-0.0005391393801352054,0.5864902867196362,0.1606161900417114
-0.0005390093801352054,0.5895391431858646,0.1626506055045697
-0.0005388793801352054,0.5925879996520935,0.1650240902112386
-0.0005387493801352055,0.5936042851408354,0.1670585056740951
-0.0005386193801352054,0.5949593324591615,0.1684147826493358
-0.0005384893801352055,0.599024474414129,0.1704491981121923
-0.0005383593801352054,0.6013958072211973,0.1735008213064807
-0.0005382293801352054,0.6024120927099402,0.1751961675255293
-0.0005380993801352054,0.603428378198683,0.1762133752569584
-0.0005379693801352054,0.6054609491761686,0.1775696522321973
-0.0005378393801352055,0.6071547583240725,0.178586859963626
-0.0005377093801352054,0.6129137094269504,0.1823166216455346
-0.0005375793801352055,0.6159625658931762,0.1850291755960098
-0.0005374493801352054,0.6190114223594071,0.1877417295464897
-0.0005373193801352054,0.6213827551664725,0.1897761450093471
-0.0005371893801352054,0.62409284980312,0.1914714912283957
-0.0005370593801352054,0.6261254207806056,0.1938449759350637
-0.0005369293801352054,0.6271417062693484,0.1948621836664929
-0.0005367993801352053,0.6281579917580923,0.1962184606417325
-0.0005366693801352055,0.6305293245651566,0.1979138068607796
-0.0005365393801352054,0.633239419201806,0.1989310145922103
-0.0005364093801352055,0.6352719901792899,0.2006263608112573
-0.0005362793801352054,0.6376433229863574,0.2033389147617358
-0.0005361493801352054,0.639337132134262,0.204356122493165
-0.0005360193801352054,0.6396758939638429,0.204356122493165
-0.0005358893801352054,0.6420472267709095,0.2060514687122136
-0.0005357593801352054,0.6450960832371379,0.206729607199833
-0.0005356293801352054,0.6471286542146247,0.2101202996379311
-0.0005354993801352055,0.6498387488512698,0.2121547151007876
-0.0005353693801352054,0.6518713198287578,0.2141891305636472
-0.0005352393801352055,0.6545814144654029,0.2152063382950755
-0.0005351093801352054,0.6559364617837278,0.2172407537579343
-0.0005349793801352054,0.6593240800795371,0.2192751692207925
-0.0005348493801352054,0.6616954128866037,0.2216486539274606
-0.0005347193801352054,0.6647442693528322,0.2236830693903189
-0.0005345893801352055,0.6667768403303168,0.2257174848531763
-0.0005344593801352054,0.6677931258190614,0.2274128310722264
-0.0005343293801352055,0.6698256967965452,0.228769108047464
-0.0005341993801352054,0.6715195059444516,0.2291081772912754
-0.0005340693801352054,0.6735520769219364,0.2314816619979424
-0.0005339393801352054,0.6759234097290029,0.2338551467046104
-0.0005338093801352054,0.6779559807064885,0.2365677006550881
-0.0005336793801352054,0.6799885516839741,0.237923977630327
-0.0005335493801352053,0.682021122661461,0.2399583930931862
-0.0005334193801352055,0.684731217298106,0.2419928085560427
-0.0005332893801352054,0.687441311934756,0.2443662932627127
-0.0005331593801352055,0.6904901684009818,0.2467397779693786
-0.0005330293801352054,0.6904901684009831,0.2474179164569991
-0.0005328993801352054,0.6925227393784688,0.248774193432238
-0.0005327693801352054,0.6942165485263734,0.2508086088950963
-0.0005326393801352054,0.6955715958446971,0.2518258166265254
-0.0005325093801352055,0.6986204523109255,0.2541993013331935
-0.0005323793801352054,0.7009917851179924,0.2558946475522427
-0.0005322493801352055,0.7016693087771536,0.2572509245274803
-0.0005321193801352054,0.7030243560954783,0.2582681322589107
-0.0005319893801352055,0.7043794034138008,0.2596244092341483
-0.0005318593801352054,0.7074282598800298,0.2616588246970072
-0.0005317293801352054,0.7108158781758391,0.2640323094036753
-0.0005315993801352054,0.7131872109829057,0.2664057941103433
-0.0005314693801352054,0.7145422583012294,0.2677620710855821
-0.0005313393801352055,0.7179298765970372,0.2708136942798682
-0.0005312093801352054,0.7203012094041066,0.2721699712551088
-0.0005310793801352055,0.7230113040407515,0.2728481097427276
-0.0005309493801352054,0.7253826368478197,0.2748825252055869
-0.0005308193801352054,0.7260601605069812,0.2762388021808251
-0.0005306893801352054,0.7260601605069812,0.277595079156064
-0.0005305593801352054,0.7277539696548859,0.2792904253751126
-0.0005304293801352054,0.7294477788027905,0.279968563862732
-0.0005302993801352053,0.7308028261211155,0.2823420485694011
-0.0005301693801352055,0.7335129207577605,0.284715533276067
-0.0005300393801352054,0.7369005390535724,0.2860718102513075
-0.0005299093801352055,0.7399493955197982,0.2874280872265452
-0.0005297793801352054,0.7409656810085423,0.2887843642017847
-0.0005296493801352054,0.7433370138156089,0.290818779664643
-0.0005295193801352054,0.7450308229635135,0.2925141258836915
-0.0005293893801352054,0.748079679429742,0.2945485413465498
-0.0005292593801352055,0.7497734885776458,0.2959048183217881
-0.0005291293801352054,0.7514672977255527,0.2976001645408384
-0.0005289993801352055,0.7545161541917784,0.2999736492475043
-0.0005288693801352054,0.756887486998847,0.3020080647103642
-0.0005287393801352054,0.758581296146751,0.3033643416856025
-0.0005286093801352054,0.7592588198059128,0.3043815494170317
-0.0005284793801352054,0.7595975816354937,0.3053987571484608
-0.0005283493801352054,0.7612913907833984,0.3070941033675094
-0.0005282193801352055,0.7623076762721412,0.3094675880741774
-0.0005280893801352055,0.7646790090792066,0.3125192112684635
-0.0005279593801352054,0.766711580056695,0.3131973497560854
-0.0005278293801352055,0.770437960182082,0.3155708344627513
-0.0005276993801352054,0.7724705311595692,0.317266180681801
-0.0005275693801352054,0.7755193876257976,0.3186224576570398
-0.0005274393801352054,0.7765356731145404,0.3206568731198981
-0.0005273093801352054,0.7782294822624451,0.3237084963141856
-0.0005271793801352054,0.778907005921607,0.3233694270703759
-0.0005270493801352054,0.7799232914103502,0.3233694270703763
-0.0005269193801352055,0.7809395768990921,0.3243866348018046
-0.0005267893801352054,0.7806008150695125,0.3233694270703768
-0.0005266593801352055,0.7826333860469964,0.3254038425332332
-0.0005265293801352054,0.7863597661723876,0.3284554657275216
-0.0005263993801352054,0.789069860809035,0.3311680196779994
-0.0005262693801352054,0.7904249081273588,0.3321852274094285
-0.0005261393801352054,0.7907636699569397,0.3338805736284771
-0.0005260093801352055,0.7927962409344244,0.336254058335144
-0.0005258793801352054,0.7955063355710735,0.3379494045541945
-0.0005257493801352055,0.7972001447189767,0.3396447507732415
-0.0005256193801352054,0.7992327156964639,0.3416791662361012
-0.0005254893801352054,0.8012652866739487,0.3430354432113395
-0.0005253593801352054,0.8039753813105961,0.344730789430388
-0.0005252293801352054,0.8063467141176627,0.3477824126246755
-0.0005250993801352054,0.8083792850951482,0.3498168280875338
-0.0005249693801352053,0.8097343324134728,0.3515121743065821
-0.0005248393801352055,0.8114281415613759,0.3508340358189633
-0.0005247093801352054,0.8121056652205392,0.3508340358189639
-0.0005245793801352055,0.8134607125388617,0.3528684512818203
-0.0005244493801352054,0.8161708071755097,0.3549028667446796
-0.0005243193801352054,0.8171870926642526,0.3545637975008699
-0.0005241893801352054,0.8178646163234145,0.3552419359884893
-0.0005240593801352054,0.820574710960062,0.3576154206951573
-0.0005239293801352054,0.8232848055967094,0.3610061131332545
-0.0005237993801352054,0.8246398529150338,0.3630405285961136
-0.0005236693801352055,0.8259949002333562,0.3647358748151606
-0.0005235393801352054,0.8253173765741962,0.3654140133027816
-0.0005234093801352055,0.8280274712108412,0.3671093595218287
-0.0005232793801352054,0.8300600421883281,0.368804705740878
-0.0005231493801352054,0.8320926131658136,0.3694828442284974
-0.0005230193801352054,0.8337864223137184,0.371178190447546
-0.0005228893801352054,0.8358189932912039,0.3725344674227849
-0.0005227593801352055,0.8361577551207848,0.3742298136418327
-0.0005226293801352054,0.8368352787799476,0.3749079521294537
-0.0005224993801352055,0.8385290879278506,0.3766032983485008
-0.0005223693801352054,0.8385290879278523,0.3776205060799313
-0.0005222393801352054,0.8405616589053371,0.3789767830551695
-0.0005221093801352054,0.8422554680532417,0.3803330600304084
-0.0005219793801352054,0.8446268008603083,0.3810111985180278
-0.0005218493801352054,0.8456430863490511,0.3830456139808862
-0.0005217193801352053,0.8469981336673766,0.3854190986875551
-0.0005215893801352055,0.8510632756223441,0.3874535141504115
-0.0005214593801352054,0.8537733702589927,0.3877925833942222
-0.0005213293801352055,0.8520795611110896,0.3877925833942222
-0.0005211993801352054,0.8551284175773172,0.3905051373446999
-0.0005210693801352054,0.8571609885548028,0.3911832758323194
-0.0005209393801352054,0.8571609885548028,0.3918614143199388
-0.0005208093801352054,0.8591935595322884,0.3932176912951777
-0.0005206793801352055,0.8598710831914503,0.3945739682704165
-0.0005205493801352054,0.8605486068506123,0.3962693144894655
-0.0005204193801352055,0.860887368680193,0.3969474529770842
-0.0005202893801352054,0.8632587014872602,0.3989818684399437
-0.0005201593801352055,0.8646137488055827,0.4006772146589907
-0.0005200293801352054,0.8666463197830689,0.4013553531466109
-0.0005198993801352054,0.8683401289309737,0.4023725608780401
-0.0005197693801352054,0.8686788907605546,0.4030506993656595
-0.0005196393801352054,0.8700339380788783,0.4040679070970886
-0.0005195093801352055,0.8707114617380398,0.4054241840723269
-0.0005193793801352054,0.8730827945451081,0.4074585995351868
-0.0005192493801352055,0.8761316510113338,0.4094930149980432
-0.0005191193801352054,0.8788417456479827,0.4101711534856639
-0.0005189893801352054,0.8791805074775636,0.410849291973283
-0.0005188593801352054,0.8812130784550491,0.4125446381923316
-0.0005187293801352054,0.8815518402846301,0.4122055689485218
-0.0005185993801352054,0.8812130784550491,0.4139009151675704
-0.0005184693801352053,0.8832456494325356,0.4162743998742386
-0.0005183393801352055,0.8849394585804387,0.416613469118048
-0.0005182093801352054,0.8862945058987638,0.4183088153370976
-0.0005180793801352055,0.8876495532170863,0.4200041615561446
-0.0005179493801352054,0.8900208860241534,0.4213604385313842
-0.0005178193801352054,0.8930697424903818,0.4233948539942425
-0.0005176893801352054,0.8937472661495437,0.4250902002132911
-0.0005175593801352054,0.8927309806608009,0.4250902002132911
-0.0005174293801352055,0.8937472661495433,0.4250902002132911
-0.0005172993801352054,0.8951023134678686,0.424072992481863
-0.0005171693801352055,0.8974736462749329,0.426446477188529
-0.0005170393801352054,0.8988286935932577,0.428141823407579
-0.0005169093801352054,0.8984899317636768,0.4291590311390077
-0.0005167793801352054,0.9001837409115815,0.4315325158456758
-0.0005166493801352054,0.902216311889067,0.4328887928209146
-0.0005165193801352054,0.902893835548229,0.4335669313085341
-0.0005163893801352053,0.9039101210369721,0.4345841390399632
-0.0005162593801352055,0.9045876446961333,0.4345841390399632
-0.0005161293801352054,0.9072977393327811,0.4356013467713934
-0.0005159993801352055,0.9072977393327811,0.4379748314780593
-0.0005158693801352054,0.907975262991943,0.4400092469409187
-0.0005157393801352054,0.9096690721398476,0.4406873854285381
-0.0005156093801352054,0.9120404049469142,0.442043662403777
-0.0005154793801352054,0.9140729759243997,0.4423827316475867
-0.0005153493801352054,0.9154280232427235,0.4430608701352062
-0.0005152193801352054,0.9150892614131433,0.4437390086228266
-0.0005150893801352055,0.9164443087314657,0.4457734240856829
-0.0005149593801352054,0.9184768797089523,0.4481469087923524
-0.0005148293801352055,0.9191544033681135,0.4491641165237806
-0.0005146993801352054,0.9208482125160184,0.4498422550114005
-0.0005145693801352054,0.9208482125160184,0.4511985319866394
-0.0005144393801352054,0.9215257361751803,0.4522157397180686
-0.0005143093801352054,0.9249133544709897,0.4542501551809268
-0.0005141793801352055,0.9259296399597321,0.4552673629123555
-0.0005140493801352054,0.9259296399597333,0.4562845706437856
-0.0005139193801352055,0.9276234491076364,0.4573017783752139
-0.0005137893801352054,0.9279622109372192,0.4562845706437857
-0.0005136593801352054,0.9303335437442847,0.457640847619024
-0.0005135293801352054,0.9310110674034465,0.4579799168628337
-0.0005133993801352054,0.9327048765513511,0.4593361938380726
-0.0005132693801352054,0.933721162040094,0.4603534015695018
-0.0005131393801352053,0.9340599238696754,0.4613706093009313
-0.0005130093801352055,0.9350762093584173,0.46204874778855
-0.0005128793801352054,0.9364312566767415,0.4637440940075991
-0.0005127493801352055,0.9367700185063222,0.4640831632514085
-0.0005126193801352054,0.938802589483808,0.4647613017390281
-0.0005124893801352054,0.938802589483808,0.4651003709828378
-0.0005123593801352054,0.9391413513133889,0.4657785094704572
-0.0005122293801352054,0.9411739222908745,0.4667957172018864
-0.0005120993801352054,0.9421902077796174,0.4691692019085544
-0.0005119693801352054,0.9425289696091984,0.4688301326647445
-0.0005118393801352055,0.9428677314387791,0.4684910634209352
-0.0005117093801352054,0.9438840169275231,0.4698473403961743
-0.0005115793801352055,0.9462553497345875,0.4708645481276025
-0.0005114493801352054,0.9482879207120741,0.4725598943466516
-0.0005113193801352054,0.9486266825416551,0.4728989635904613
-0.0005111893801352054,0.9496429680303979,0.4728989635904613
-0.0005110593801352054,0.9503204916895598,0.4752724482971293
-0.0005109293801352055,0.949981729859979,0.4759505867847484
-0.0005107993801352054,0.9499817298599789,0.4762896560285588
-0.0005106693801352055,0.9499817298599789,0.4769677945161776
-0.0005105393801352054,0.9499817298599792,0.4773068637599878
-0.0005104093801352054,0.9506592535191407,0.4776459330037974
-0.0005102793801352054,0.9523530626670453,0.4779850022476071
-0.0005101493801352054,0.9537081099853691,0.4786631407352265
-0.0005100193801352054,0.9533693481557882,0.4796803484666556
-0.0005098893801352053,0.9554019191332745,0.4803584869542759
-0.0005097593801352055,0.9570957282811777,0.4820538331733229
-0.0005096293801352054,0.9577732519403405,0.4834101101485629
-0.0005094993801352055,0.9581120137699212,0.4840882486361817
-0.0005093693801352054,0.9584507755995022,0.4847663871238014
-0.0005092393801352054,0.9598058229178259,0.4851054563676112
-0.0005091093801352054,0.9625159175544734,0.4871398718304695
-0.0005089793801352054,0.964548488531959,0.48646173334285
-0.0005088493801352055,0.9628546793840543,0.4871398718304695
-0.0005087193801352054,0.9625159175544742,0.4871398718304698
-0.0005085893801352055,0.9642097267023773,0.4878180103180885
-0.0005084593801352054,0.9655647740207018,0.4898524257809472
-0.0005083293801352055,0.9655647740207018,0.4898524257809472
-0.0005081993801352054,0.9669198213390255,0.4905305642685666
-0.0005080693801352054,0.9682748686573492,0.4905305642685666
-0.0005079393801352054,0.9689523923165112,0.4915477719999958
-0.0005078093801352054,0.9686136304869302,0.4932431182190444
-0.0005076793801352055,0.9692911541460918,0.4942603259504731
-0.0005075493801352054,0.9692911541460929,0.4945993951942842
-0.0005074193801352055,0.970984963293996,0.4966338106571406
-0.0005072893801352054,0.9723400106123209,0.4983291568761904
-0.0005071593801352054,0.9733562961010633,0.4990072953638096
-0.0005070293801352054,0.9730175342714824,0.4990072953638096
-0.0005068993801352054,0.9740338197602252,0.4983291568761901
-0.0005067693801352054,0.975050105248968,0.499685433851429
-0.0005066393801352053,0.9753888670785492,0.5010417108266684
-0.0005065093801352055,0.9760663907377104,0.5020589185580966
-0.0005063793801352054,0.9757276289081303,0.501380780070478
-0.0005062493801352055,0.9767439143968722,0.5023979878019064
-0.0005061193801352054,0.9770826762264536,0.5017198493142874
-0.0005059893801352054,0.9774214380560345,0.5013807800704776
-0.0005058593801352054,0.9784377235447773,0.5023979878019068
-0.0005057293801352054,0.9787764853743582,0.5030761262895262
-0.0005055993801352055,0.9787764853743582,0.5037542647771454
-0.0005054693801352054,0.9797927708631013,0.5047714725085752
-0.0005053393801352055,0.9804702945222626,0.5057886802400036
-0.0005052093801352054,0.9811478181814257,0.5054496109961943
-0.0005050793801352054,0.9831803891589104,0.505788680240004
-0.0005049493801352054,0.9838579128180722,0.5071449572152429
-0.0005048193801352054,0.985551721965977,0.5095184419219109
-0.0005046893801352054,0.9845354364772342,0.5101965804095303
-0.0005045593801352053,0.9831803891589108,0.5078230957028628
-0.0005044293801352055,0.9841966746476527,0.508840303434291
-0.0005042993801352054,0.9848741983068156,0.5081621649466723
-0.0005041693801352055,0.9858904837955574,0.5088403034342911
-0.0005040393801352054,0.9865680074547197,0.5095184419219109
-0.0005039093801352054,0.9869067692843007,0.5098575111657205
-0.0005037793801352054,0.9869067692843007,0.5101965804095303
-0.0005036493801352054,0.9879230547730434,0.5112137881409594
-0.0005035193801352054,0.9875842929434625,0.5095184419219109
-0.0005033893801352054,0.9886005784322057,0.5095184419219112
-0.0005032593801352055,0.9892781020913669,0.51019658040953
-0.0005031293801352054,0.9896168639209483,0.5112137881409599
-0.0005029993801352055,0.989955625750529,0.5122309958723882
-0.0005028693801352054,0.9906331494096909,0.5139263420914372
-0.0005027393801352054,0.9906331494096909,0.5142654113352469
-0.0005026093801352054,0.9896168639209482,0.5132482036038177
-0.0005024793801352054,0.9906331494096909,0.5135872728476275
-0.0005023493801352055,0.9909719112392718,0.5142654113352466
-0.0005022193801352054,0.9930044822167586,0.5149435498228672
-0.0005020893801352055,0.9953758150238229,0.5166388960419142
-0.0005019593801352054,0.996053338682986,0.5156216883104859
-0.0005018293801352054,0.996053338682986,0.5159607575542955
-0.0005016993801352054,0.9940207677055003,0.5156216883104858
-0.0005015693801352054,0.9943595295350812,0.5162998267981053
-0.0005014393801352054,0.9946982913646621,0.5149435498228664
-0.0005013093801352053,0.9953758150238241,0.5159607575542958
-0.0005011793801352055,0.9957145768534048,0.5166388960419146
-0.0005010493801352054,0.9957145768534043,0.5162998267981052
-0.0005009193801352055,0.9943595295350819,0.5159607575542956
-0.0005007893801352054,0.9933432440463384,0.5156216883104858
-0.0005006593801352054,0.995375815023824,0.5169779652857246
-0.0005005293801352054,0.9970696241717287,0.5173170345295344
-0.0005003993801352054,0.9967308623421478,0.517656103773344
-0.0005002693801352054,0.9950370531942431,0.517656103773344
-0.0005001393801352054,0.9960533386829861,0.5186733115047736
-0.0005000093801352055,0.9963921005125668,0.5193514499923924
-0.0004998793801352054,0.99740838600131,0.5190123807485834
-0.0004997493801352055,0.9980859096604712,0.5200295884800117
-0.0004996193801352054,0.9974083860013097,0.5200295884800121
-0.0004994893801352054,0.9977471478308906,0.5210467962114412
-0.0004993593801352054,0.9991021951492143,0.5224030731866801
-0.0004992293801352054,0.9987634333196334,0.5217249346990607
-0.0004990993801352055,0.9994409569787949,0.5217249346990607
-0.0004989693801352054,0.9991021951492146,0.5217249346990603
-0.0004988393801352055,0.9997797188083758,0.5210467962114416
-0.0004987093801352054,0.9994409569787951,0.5203686577238219
-0.0004985793801352054,0.9991021951492143,0.5207077269676316
-0.0004984493801352054,0.9984246714900524,0.5196905192362024
-0.0004983193801352054,1.000118480637957,0.5210467962114412
-0.0004981893801352054,1.000796004297119,0.5230812116742996
-0.0004980593801352053,0.9997797188083758,0.5224030731866801
-0.0004979293801352055,0.9991021951492146,0.5224030731866801
-0.0004977993801352054,0.9977471478308905,0.5220640039428706
-0.0004976693801352055,0.9974083860013098,0.52240307318668
-0.0004975393801352054,0.9987634333196334,0.5220640039428704
-0.0004974093801352054,0.9984246714900524,0.521385865455251
-0.0004972793801352054,0.9974083860013097,0.5203686577238218
-0.0004971493801352054,0.9991021951492143,0.521385865455251
-0.0004970193801352055,0.9997797188083761,0.5220640039428704
-0.0004968893801352054,1.000118480637957,0.5220640039428701
-0.0004967593801352055,0.9991021951492147,0.5213858654552513
-0.0004966293801352054,0.9980859096604723,0.5207077269676319
-0.0004964993801352055,0.9997797188083754,0.5213858654552507
-0.0004963693801352054,0.9994409569787952,0.5224030731866801
-0.0004962393801352054,1.000118480637957,0.5217249346990607
-0.0004961093801352054,0.9997797188083761,0.521385865455251
-0.0004959793801352054,0.9991021951492143,0.5220640039428704
-0.0004958493801352055,0.9991021951492143,0.5207077269676322
-0.0004957193801352054,0.9991021951492147,0.520707726967632
-0.0004955893801352055,1.000118480637957,0.5217249346990602
-0.0004954593801352054,1.000118480637957,0.5220640039428698
-0.0004953293801352054,0.9997797188083761,0.5207077269676316
-0.0004951993801352054,0.9987634333196334,0.5200295884800121
-0.0004950693801352054,0.9994409569787952,0.5210467962114412
-0.0004949393801352054,0.9987634333196334,0.5207077269676316
-0.0004948093801352053,0.9997797188083762,0.521724934699061
-0.0004946793801352055,1.000118480637957,0.5224030731866798
-0.0004945493801352054,0.9994409569787943,0.5227421424304896
-0.0004944193801352055,0.9974083860013105,0.5220640039428708
-0.0004942893801352054,0.9967308623421478,0.5217249346990607
-0.0004941593801352054,0.9957145768534049,0.5190123807485829
-0.0004940293801352054,0.995375815023824,0.517656103773344
-0.0004938993801352054,0.9950370531942431,0.5183342422609635
-0.0004937693801352055,0.996730862342147,0.5186733115047731
-0.0004936393801352054,0.99740838600131,0.5193514499923927
-0.0004935093801352055,0.9980859096604712,0.5193514499923927
-0.0004933793801352054,0.9994409569787953,0.5203686577238218
-0.0004932493801352054,0.9997797188083761,0.5203686577238218
-0.0004931193801352054,1.000118480637957,0.5207077269676316
-0.0004929893801352054,0.9984246714900524,0.5207077269676316
-0.0004928593801352054,0.9967308623421478,0.5196905192362024
-0.0004927293801352053,0.9957145768534048,0.5169779652857239
-0.0004925993801352055,0.9953758150238241,0.5156216883104865
-0.0004924693801352054,0.9950370531942435,0.5156216883104865
-0.0004923393801352055,0.9960533386829855,0.5169779652857239
-0.0004922093801352054,0.9946982913646621,0.5169779652857246
-0.0004920793801352054,0.9946982913646621,0.5173170345295344
-0.0004919493801352054,0.9946982913646621,0.5179951730171538
-0.0004918193801352054,0.9946982913646621,0.5173170345295344
-0.0004916893801352054,0.9950370531942431,0.5169779652857246
-0.0004915593801352054,0.9943595295350812,0.5166388960419145
-0.0004914293801352055,0.9943595295350812,0.5156216883104863
-0.0004912993801352054,0.9936820058759195,0.5159607575542955
-0.0004911693801352055,0.9940207677055002,0.5159607575542955
-0.0004910393801352054,0.9940207677055003,0.5169779652857246
-0.0004909093801352054,0.9936820058759194,0.5166388960419149
-0.0004907793801352054,0.9909719112392719,0.5142654113352469
-0.0004906493801352054,0.99029438758011,0.5135872728476275
-0.0004905193801352055,0.9909719112392715,0.5125700651161987
-0.0004903893801352054,0.9919881967280153,0.5135872728476284
-0.0004902593801352055,0.9933432440463378,0.5156216883104849
-0.0004901293801352054,0.9916494348984336,0.515960757554295
-0.0004899993801352054,0.9913106730688528,0.5149435498228664
-0.0004898693801352054,0.9886005784322054,0.5132482036038177
-0.0004897393801352054,0.9882618166026245,0.5118919266285789
-0.0004896093801352054,0.9879230547730434,0.5108747188971497
-0.0004894793801352053,0.9882618166026244,0.5101965804095302
-0.0004893493801352055,0.9879230547730435,0.5098575111657206
-0.0004892193801352054,0.9869067692843003,0.5101965804095302
-0.0004890893801352055,0.9862292456251391,0.5098575111657206
-0.0004889593801352054,0.9841966746476531,0.5095184419219109
-0.0004888293801352054,0.9845354364772342,0.5088403034342914
-0.0004886993801352054,0.9835191509884913,0.5071449572152429
-0.0004885693801352054,0.9818253418405867,0.5051105417523846
-0.0004884393801352054,0.9821641036701676,0.5044324032647651
-0.0004883093801352054,0.9811478181814245,0.5047714725085748
-0.0004881793801352054,0.980470294522263,0.5047714725085748
-0.0004880493801352054,0.9818253418405867,0.5047714725085748
-0.0004879193801352054,0.9821641036701676,0.5061277494838137
-0.0004877893801352054,0.9801315326926819,0.5064668187276234
-0.0004876593801352054,0.980470294522263,0.5051105417523846
-0.0004875293801352054,0.9808090563518439,0.5040933340209554
-0.0004873993801352054,0.9811478181814248,0.5034151955333359
-0.0004872693801352054,0.980470294522263,0.5037542647771457
-0.0004871393801352054,0.9794540090335201,0.5040933340209554
-0.0004870093801352054,0.9787764853743582,0.5034151955333359
-0.0004868793801352054,0.9777601998856155,0.5027370570457165
-0.0004867493801352054,0.9780989617151964,0.5030761262895262
-0.0004866193801352054,0.9774214380560345,0.5017198493142874
-0.0004864893801352054,0.9767439143968727,0.5003635723390485
-0.0004863593801352054,0.975050105248968,0.499685433851429
-0.0004862293801352054,0.974711343419387,0.4986682261199998
-0.0004860993801352054,0.9740338197602252,0.4969728799009512
-0.0004859693801352054,0.9723400106123204,0.4962947414133318
-0.0004858393801352054,0.9716624869531586,0.4956166029257124
-0.0004857093801352054,0.9703074396348349,0.4942603259504735
-0.0004855793801352054,0.9679361068277683,0.4925649797314249
-0.0004854493801352054,0.9675973449981874,0.4925649797314249
-0.0004853193801352054,0.9665810595094446,0.4918868412438055
-0.0004851893801352054,0.9659035358502828,0.4922259104876152
-0.0004850593801352054,0.964548488531959,0.4912087027561861
-0.0004849293801352054,0.96488725036154,0.4912087027561861
-0.0004847993801352054,0.9652260121911209,0.4908696335123763
-0.0004846693801352054,0.9652260121911209,0.4898524257809472
-0.0004845393801352054,0.964548488531959,0.488835218049518
-0.0004844093801352054,0.964548488531959,0.4874789410742791
-0.0004842793801352054,0.9628546793840543,0.4878180103180889
-0.0004841493801352054,0.9618383938953116,0.4878180103180889
-0.0004840193801352054,0.9608221084065687,0.4868008025866598
-0.0004838893801352054,0.9601445847474068,0.4857835948552306
-0.0004837593801352054,0.9591282992586641,0.4847663871238014
-0.0004836293801352054,0.9581120137699213,0.4847663871238014
-0.0004834993801352054,0.9570957282811785,0.4844273178799917
-0.0004833693801352054,0.9570957282811785,0.4844273178799917
-0.0004832393801352054,0.9564182046220165,0.4820538331733237
-0.0004831093801352054,0.9564182046220165,0.4813756946857042
-0.0004829793801352054,0.9560794427924356,0.4810366254418945
-0.0004828493801352054,0.9547243954741119,0.4796803484666556
-0.0004827193801352054,0.9520143008374644,0.4783240714914168
-0.0004825893801352054,0.9509980153487216,0.4762896560285585
-0.0004824593801352054,0.9482879207120741,0.4742552405657002
-0.0004823293801352054,0.9482879207120741,0.4735771020780807
-0.0004821993801352054,0.9499817298599789,0.4756115175409391
-0.0004820693801352054,0.9506592535191407,0.4749333790533196
-0.0004819393801352054,0.9499817298599789,0.4739161713218905
-0.0004818093801352054,0.949304206200817,0.473238032834271
-0.0004816793801352054,0.9472716352233314,0.4715426866152224
-0.0004815493801352054,0.9479491588824932,0.4722208251028419
-0.0004814193801352054,0.9442227787571029,0.4715426866152224
-0.0004812893801352054,0.9428677314387792,0.4688301326647447
-0.0004811593801352054,0.9418514459500364,0.4664566479580767
-0.0004810293801352054,0.9415126841204555,0.4651003709828378
-0.0004808993801352054,0.9401576368021317,0.466117578714267
-0.0004807693801352054,0.9398188749725508,0.4674738556895058
-0.0004806393801352054,0.9374475421654842,0.4664566479580767
-0.0004805093801352054,0.9367700185063224,0.4647613017390281
-0.0004803793801352054,0.9367700185063224,0.4644222324952184
-0.0004802493801352054,0.9354149711879987,0.4637440940075989
-0.0004801193801352054,0.9350762093584177,0.4627268862761698
-0.0004799893801352054,0.933721162040094,0.4610315400571212
-0.0004798593801352054,0.9320273528921893,0.4589971245942629
-0.0004797293801352054,0.9296560200851227,0.4583189861066435
-0.0004795993801352054,0.9289784964259609,0.4579799168628337
-0.0004794693801352054,0.928300972766799,0.4573017783752143
-0.0004793393801352054,0.9276234491076372,0.4559455013999754
-0.0004792093801352054,0.9255908781301515,0.4542501551809268
-0.0004790793801352054,0.9252521163005706,0.4535720166933074
-0.0004789493801352054,0.9252521163005706,0.4545892244247365
-0.0004788193801352054,0.9238970689822469,0.4535720166933074
-0.0004786893801352054,0.923219545323085,0.4511985319866394
-0.0004785593801352054,0.9201706888568566,0.4488250472799714
-0.0004784293801352054,0.9198319270272757,0.4481469087923519
-0.0004782993801352054,0.9205094506864375,0.4484859780361616
-0.0004781693801352054,0.9181381178793711,0.4474687703047325
-0.0004780393801352054,0.91779935604979,0.4474687703047325
-0.0004779093801352054,0.9157667850723045,0.4454343548418742
-0.0004777793801352054,0.9147504995835617,0.4444171471104451
-0.0004776493801352054,0.9133954522652379,0.4433999393790159
-0.0004775193801352054,0.9106853576285905,0.4413655239161576
-0.0004773893801352054,0.9103465957990096,0.4410264546723479
-0.0004772593801352054,0.9106853576285905,0.4406873854285381
-0.0004771293801352054,0.9089915484806858,0.4389920392094895
-0.0004769993801352054,0.9076365011623621,0.4386529699656798
-0.0004768693801352054,0.9072977393327811,0.4379748314780604
-0.0004767393801352054,0.9056039301848764,0.4366185545028215
-0.0004766093801352054,0.9032325973778099,0.4345841390399632
-0.0004764793801352054,0.9008612645707433,0.4322106543332952
-0.0004763493801352054,0.9005225027411624,0.4315325158456758
-0.0004762193801352054,0.8981511699340958,0.4298371696266272
-0.0004760893801352054,0.8971348844453531,0.4294981003828174
-0.0004759593801352054,0.8967961226157721,0.428819961895198
-0.0004758293801352054,0.897473646274934,0.4281418234075786
-0.0004756993801352054,0.8971348844453531,0.4278027541637689
-0.0004755693801352054,0.8964573607861912,0.4274636849199592
-0.0004754393801352054,0.8947635516382866,0.4261074079447203
-0.0004753093801352054,0.8927309806608009,0.4237339232380523
-0.0004751793801352054,0.8906984096833153,0.4220385770190037
-0.0004750493801352054,0.8883270768762488,0.4213604385313842
-0.0004749193801352054,0.8879883150466679,0.4203432307999551
-0.0004747893801352054,0.8849394585804394,0.4183088153370968
-0.0004746593801352054,0.8842619349212776,0.4166134691180482
-0.0004745293801352054,0.881890602114211,0.4149181228989996
-0.0004743993801352054,0.8805355547958873,0.413222776679951
-0.0004742693801352054,0.8801967929663064,0.4118664997047121
-0.0004741393801352054,0.8798580311367254,0.4125446381923316
-0.0004740093801352054,0.8785029838184016,0.4118664997047121
-0.0004738793801352054,0.8761316510113352,0.4101711534856636
-0.0004737493801352054,0.8740990800338495,0.4081367380228053
-0.0004736193801352054,0.8727440327155258,0.4074585995351858
-0.0004734893801352054,0.8713889853972021,0.4057632533161372
-0.0004733593801352054,0.8713889853972021,0.4044069763408983
-0.0004732293801352054,0.8713889853972021,0.4030506993656595
-0.0004730993801352054,0.8690176525901355,0.4010162839028012
-0.0004729693801352054,0.8680013671013928,0.3996600069275623
-0.0004728393801352054,0.8659687961239071,0.3989818684399429
-0.0004727093801352054,0.8639362251464215,0.397625591464704
-0.0004725793801352054,0.8619036541689359,0.3962693144894651
-0.0004724493801352054,0.8602098450210313,0.3959302452456554
-0.0004723193801352054,0.8595323213618694,0.3945739682704165
-0.0004721893801352054,0.8588547977027075,0.3932176912951777
-0.0004720593801352054,0.8558059412364791,0.3911832758323194
-0.0004719293801352054,0.8554671794068981,0.3901660681008902
-0.0004717993801352054,0.8527570847702507,0.3884707218818416
-0.0004716693801352054,0.8530958465998316,0.3877925833942222
-0.0004715393801352054,0.8520795611110888,0.3874535141504125
-0.0004714093801352054,0.8503857519631841,0.3857581679313639
-0.0004712793801352054,0.8497082283040223,0.3854190986875542
-0.0004711493801352054,0.845981848178632,0.3823674754932667
-0.0004710193801352054,0.8425942298828226,0.3799939907865987
-0.0004708893801352054,0.8402228970757561,0.3786377138113598
-0.0004707593801352054,0.8398841352461751,0.3782986445675501
-0.0004706293801352054,0.8388678497574323,0.3772814368361209
-0.0004704993801352054,0.8371740406095277,0.3755860906170724
-0.0004703693801352054,0.8351414696320421,0.3725344674227849
-0.0004702393801352054,0.8337864223137184,0.3708391212037363
-0.0004701093801352054,0.8337864223137184,0.371178190447546
-0.0004699793801352054,0.8310763276770708,0.3701609827161169
-0.0004698493801352054,0.8307375658474899,0.3681265672532586
-0.0004697193801352054,0.8300600421883281,0.3674484287656392
-0.0004695893801352054,0.8270111857220996,0.3657530825465906
-0.0004694593801352054,0.8243010910854521,0.3647358748151614
-0.0004693293801352054,0.8219297582783857,0.3627014593523031
-0.0004691993801352054,0.8198971873009,0.3606670438894448
-0.0004690693801352054,0.8195584254713191,0.3599889054018254
-0.0004689393801352054,0.8192196636417381,0.3593107669142059
-0.0004688093801352054,0.8185421399825763,0.3565982129637282
-0.0004686793801352054,0.8161708071755097,0.3549028667446796
-0.0004685493801352054,0.8151545216867669,0.3542247282570601
-0.0004684193801352054,0.8114281415613767,0.3525293820380115
-0.0004682893801352054,0.8093955705838911,0.3518512435503921
-0.0004681593801352054,0.8070242377768245,0.3494777588437241
-0.0004680293801352054,0.8063467141176627,0.3481214818684852
-0.0004678993801352054,0.8060079522880818,0.3467652048932464
-0.0004677693801352054,0.8039753813105961,0.3450698586741978
-0.0004676393801352054,0.8016040485035296,0.3426963739675298
-0.0004675093801352054,0.8002490011852058,0.3423573047237201
-0.0004673793801352054,0.7985551920373012,0.3403228892608617
-0.0004672493801352054,0.7988939538668821,0.3406619585046715
-0.0004671193801352054,0.7961838592302346,0.3396447507732423
-0.0004669893801352054,0.7938125264231681,0.3379494045541937
-0.0004668593801352054,0.7897473844681969,0.3345587121160966
-0.0004667293801352054,0.7870372898315494,0.3308289504341896
-0.0004665993801352054,0.7860210043428066,0.3308289504341896
-0.0004664693801352054,0.7850047188540638,0.3277773272399022
-0.0004663393801352054,0.7836496715357401,0.3257429117770439
-0.0004662093801352054,0.7816171005582545,0.3250647732894245
-0.0004660793801352054,0.7809395768990925,0.3237084963141856
-0.0004659493801352054,0.7792457677511879,0.3213350116075175
-0.0004658193801352054,0.7778907204328642,0.3199787346322787
-0.0004656893801352054,0.7765356731145404,0.3189615269008495
-0.0004655593801352054,0.7751806257962167,0.3182833884132301
-0.0004654293801352054,0.7731480548187311,0.3176052499256107
-0.0004652993801352054,0.7707767220116646,0.317266180681801
-0.0004651693801352054,0.7687441510341789,0.3155708344627524
-0.0004650393801352054,0.7663728182271125,0.3115020035370357
-0.0004649093801352054,0.7640014854200459,0.3094675880741774
-0.0004647793801352054,0.763323961760884,0.3070941033675094
-0.0004646493801352054,0.7636627235904649,0.3067550341236997
-0.0004645193801352054,0.7602751052946556,0.3060768956360803
-0.0004643893801352054,0.758581296146751,0.3050596879046511
-0.0004642593801352054,0.7565487251692653,0.3040424801732219
-0.0004641293801352054,0.7541773923621987,0.3030252724417928
-0.0004639993801352054,0.7511285358959704,0.3006517877351248
-0.0004638693801352054,0.7487572030889038,0.2976001645408373
-0.0004637393801352054,0.7490959649184847,0.2965829568094082
-0.0004636093801352054,0.747740917600161,0.2952266798341693
-0.0004634793801352054,0.7450308229635135,0.2925141258836915
-0.0004633493801352054,0.7416432046677042,0.2911578489084527
-0.0004632193801352054,0.7399493955197995,0.2894625026894041
-0.0004630893801352054,0.7385943482014757,0.2884452949579749
-0.0004629593801352054,0.7365617772239902,0.2853936717636875
-0.0004628293801352054,0.7345292062465045,0.284715533276068
-0.0004626993801352054,0.7318191116098571,0.2816639100817806
-0.0004625693801352054,0.7297865406323715,0.2809857715941612
-0.0004624393801352054,0.7291090169732096,0.2792904253751126
-0.0004623093801352054,0.7284314933140478,0.2792904253751126
-0.0004621793801352054,0.7257213986774003,0.277595079156064
-0.0004620493801352054,0.7226725422111718,0.2738653174741571
-0.0004619193801352054,0.7203012094041054,0.2714918327674891
-0.0004617893801352054,0.7196236857449435,0.2711527635236793
-0.0004616593801352054,0.7162360674491342,0.269118348060821
-0.0004615293801352054,0.7145422583012294,0.2681011403293919
-0.0004613993801352054,0.7108158781758391,0.2660667248665336
-0.0004612693801352054,0.7094608308575154,0.2636932401598656
-0.0004611393801352054,0.7087833071983536,0.2623369631846267
-0.0004610093801352054,0.7057344507321252,0.2613197554531975
-0.0004608793801352054,0.7033631179250586,0.2599634784779586
-0.0004607493801352054,0.7006530232884112,0.2569118552836712
-0.0004606193801352054,0.6992979759700874,0.2548774398208129
-0.0004604893801352054,0.696249119503859,0.253521162845574
-0.0004603593801352054,0.6942165485263734,0.2521648858703351
-0.0004602293801352054,0.690828930230564,0.2501304704074769
-0.0004600993801352054,0.6884575974234975,0.2477569857008088
-0.0004599693801352054,0.6871025501051737,0.2460616394817602
-0.0004598393801352054,0.6850699791276882,0.2443662932627116
-0.0004597093801352054,0.6843924554685263,0.2423318777998534
-0.0004595793801352054,0.6823598844910407,0.240297462336995
-0.0004594493801352054,0.681004837172717,0.2382630468741367
-0.0004593193801352054,0.6793110280248122,0.2369067698988979
-0.0004591893801352054,0.6762621715585838,0.2341942159484201
-0.0004590593801352054,0.6732133150923555,0.2328379389731813
-0.0004589293801352054,0.6718582677740317,0.2311425927541327
-0.0004587993801352054,0.6691481731373843,0.2297863157788938
-0.0004586693801352054,0.6671156021598986,0.2280909695598452
-0.0004585393801352054,0.665421793011994,0.2260565540969869
-0.0004584093801352054,0.6637279838640893,0.224700277121748
-0.0004582793801352054,0.6606791273978608,0.2230049309026994
-0.0004581493801352054,0.6589853182499562,0.2216486539274606
-0.0004580193801352054,0.6566139854428896,0.2196142384646023
-0.0004578893801352054,0.6542426526358232,0.2169016845141245
-0.0004577593801352054,0.6522100816583375,0.2148672690512662
-0.0004576293801352054,0.6505162725104329,0.2141891305636468
-0.0004574993801352054,0.6488224633625281,0.2124937843445982
-0.0004573693801352054,0.6464511305554617,0.2107984381255496
-0.0004572393801352054,0.6447573214075569,0.2104593688817399
-0.0004571093801352054,0.6434022740892332,0.209103091906501
-0.0004569793801352054,0.6406921794525857,0.2080858841750719
-0.0004568493801352054,0.6373045611567764,0.2046951917369747
-0.0004567193801352054,0.6373045611567764,0.2026607762741164
-0.0004565893801352054,0.6356107520088717,0.1996091530798289
-0.0004564593801352054,0.6315456100539005,0.1982528761045901
-0.0004563293801352054,0.628835515417253,0.1965575298855415
-0.0004561993801352054,0.6261254207806056,0.1948621836664929
-0.0004560693801352054,0.6251091352918627,0.193505906691254
-0.0004559393801352054,0.6230765643143772,0.1918105604722054
-0.0004558093801352054,0.6196889460185678,0.191132421984586
-0.0004556793801352054,0.6176563750410822,0.1890980065217277
-0.0004555493801352054,0.6156238040635966,0.1863854525712499
-0.0004554193801352054,0.6146075185748539,0.1853682448398208
-0.0004552893801352054,0.6122361857677873,0.1840119678645819
-0.0004551593801352054,0.6091873293015588,0.1812994139141042
-0.0004550293801352054,0.6064772346649114,0.1785868599636264
-0.0004548993801352054,0.6044446636874258,0.1765524445007681
-0.0004547693801352054,0.6024120927099402,0.1741789597941001
-0.0004546393801352054,0.6007182835620355,0.173161752062671
-0.0004545093801352054,0.5966531416070643,0.1711273365998127
-0.0004543793801352054,0.5932655233112549,0.1687538518931446
-0.0004542493801352054,0.5908941905041885,0.1667194364302863
-0.0004541193801352054,0.5912329523337694,0.1660412979426669
-0.0004539893801352054,0.5895391431858646,0.1653631594550475
-0.0004538593801352054,0.58784533403796,0.1640068824798086
-0.0004537293801352054,0.5851352394013125,0.16231153626076
-0.0004535993801352054,0.5810700974463413,0.1602771207979017
-0.0004534693801352054,0.5790375264688558,0.1579036360912337
-0.0004533393801352054,0.5763274318322082,0.1562082898721851
-0.0004532093801352054,0.5746336226843035,0.1545129436531365
-0.0004530793801352054,0.5712460043884943,0.1528175974340879
-0.0004529493801352054,0.5692134334110086,0.1518003897026587
-0.0004528193801352054,0.5685359097518468,0.1501050434836102
-0.0004526893801352054,0.566842100603942,0.1487487665083713
-0.0004525593801352054,0.5634544823081328,0.1453580740702741
-0.0004524293801352054,0.5607443876714853,0.1423064508759866
-0.0004522993801352054,0.5576955312052568,0.1395938969255089
-0.0004521693801352054,0.5539691510798666,0.1385766891940798
-0.0004520393801352054,0.5515978182728,0.1378985507064603
-0.0004519093801352054,0.5488877236361526,0.1365422737312215
-0.0004517793801352054,0.5458388671699241,0.1341687890245534
-0.0004516493801352054,0.5438062961924385,0.1321343735616951
-0.0004515193801352054,0.5424512488741148,0.1300999580988368
-0.0004513893801352054,0.5407574397262102,0.128743681123598
-0.0004512593801352054,0.5387248687487245,0.1270483349045494
-0.0004511293801352054,0.536014774112077,0.1260311271731202
-0.0004509993801352054,0.5333046794754296,0.1246748501978813
-0.0004508693801352054,0.5316108703275249,0.122640434735023
-0.0004507393801352054,0.5278844902021346,0.1209450885159744
-0.0004506093801352054,0.5241581100767443,0.1185716038093064
-0.0004504793801352054,0.5224643009288397,0.1158590498588287
-0.0004503493801352054,0.5200929681217731,0.1145027728835898
-0.0004502193801352054,0.5180603971442875,0.1121292881769218
-0.0004500893801352054,0.5156890643372209,0.1107730112016829
-0.0004499593801352054,0.5150115406780591,0.1100948727140635
-0.0004498293801352054,0.5109463987230879,0.1083995264950149
-0.0004496993801352054,0.5085750659160213,0.1063651110321566
-0.0004495693801352054,0.505526209449793,0.1036525570816789
-0.0004494393801352054,0.5028161148131455,0.10229628010644
-0.0004493093801352054,0.5004447820060789,0.1016181416188205
-0.0004491793801352054,0.4990897346877552,0.1009400031312011
-0.0004490493801352054,0.4970571637102696,0.0989055876683428
-0.0004489193801352054,0.4929920217552984,0.0968711722054845
-0.0004487893801352054,0.4892656416299082,0.09585396447405535
-0.0004486593801352054,0.4865555469932607,0.09348047976738733
-0.0004485293801352054,0.4845229760157751,0.09178513354833874
-0.0004483993801352054,0.4821516432087085,0.089072579597861
-0.0004482693801352054,0.479780310401642,0.08703816413500269
-0.0004481393801352054,0.4774089775945755,0.08703816413500269
-0.0004480093801352054,0.474360121128347,0.08636002564738325
-0.0004478793801352054,0.4750376447875089,0.0833084024530958
-0.0004477493801352054,0.4723275501508614,0.08229119472166664
-0.0004476193801352054,0.469617455514214,0.08093491774642778
-0.0004474893801352054,0.4672461227071474,0.07890050228356947
-0.0004473593801352054,0.4628422189225952,0.07618794833309173
-0.0004472293801352054,0.4604708861155287,0.07550980984547229
-0.0004470993801352054,0.4597933624563669,0.07483167135785286
-0.0004469693801352054,0.4564057441605575,0.07415353287023342
-0.0004468393801352054,0.454034411353491,0.07211911740737512
-0.0004467093801352054,0.4520018403760054,0.07008470194451681
-0.0004465793801352054,0.4472591747618723,0.06906749421308765
-0.0004464493801352054,0.4455653656139676,0.06737214799403907
-0.0004463193801352054,0.4418389854885774,0.06499866328737104
-0.0004461893801352054,0.4370963198744443,0.06194704009308359
-0.0004460593801352054,0.4357412725561206,0.06025169387403501
-0.0004459293801352054,0.4340474634082159,0.05957355538641557
-0.0004457993801352054,0.4323536542603112,0.05923448614260585
-0.0004456693801352054,0.4299823214532447,0.05855634765498642
-0.0004455393801352054,0.4272722268165972,0.05686100143593784
-0.0004454093801352054,0.4249008940095306,0.05550472446069896
-0.0004452793801352054,0.4225295612024641,0.05448751672926981
-0.0004451493801352054,0.4204969902249785,0.05380937824165037
-0.0004450193801352054,0.4174481337587501,0.05245310126641151
-0.0004448893801352054,0.4140605154629407,0.0504186858035532
-0.0004447593801352054,0.4116891826558742,0.0487233395845046
-0.0004446293801352054,0.4083015643600648,0.0483842703406949
-0.0004444993801352054,0.4052527078938364,0.04702799336545602
-0.0004443693801352054,0.402542613257189,0.04431543941497827
-0.0004442393801352054,0.4005100422797033,0.04295916243973941
-0.0004441093801352054,0.397122423983894,0.04228102395211997
-0.0004439793801352054,0.3950898530064084,0.04058567773307138
-0.0004438493801352054,0.3937348056880847,0.03922940075783252
-0.0004437193801352054,0.3896696637331135,0.03855126227021308
-0.0004435893801352054,0.3876370927556279,0.03855126227021308
-0.0004434593801352054,0.386620807266885,0.03753405453878393
-0.0004433293801352054,0.3835719508006566,0.03482150058830619
-0.0004431993801352054,0.3791680470161045,0.03346522361306732
-0.0004430693801352054,0.3761191905498761,0.03244801588163816
-0.0004429393801352054,0.3747641432315523,0.03143080815020901
-0.0004428093801352054,0.3727315722540667,0.03109173890639929
-0.0004426793801352054,0.3693439539582574,0.03075266966258957
-0.0004425493801352054,0.366295097492029,0.02837918495592155
-0.0004424193801352054,0.3629074791962196,0.0273619772244924
-0.0004422893801352054,0.3601973845595722,0.02600570024925353
-0.0004421593801352054,0.3585035754116675,0.02566663100544381
-0.0004420293801352054,0.35579348077502,0.02498849251782437
-0.0004418993801352054,0.3530833861383725,0.02329314629877579
-0.0004417693801352054,0.3493570060129823,0.02261500781115635
-0.0004416393801352054,0.3466469113763348,0.02227593856734663
-0.0004415093801352054,0.3429205312509445,0.02091966159210776
-0.0004413793801352054,0.340549198443878,0.02058059234829805
-0.0004412493801352054,0.3388553892959733,0.01956338461686889
-0.0004411193801352054,0.3358065328297449,0.01990245386067861
-0.0004409893801352054,0.3334352000226783,0.01854617688543974
-0.0004408593801352054,0.3314026290451927,0.01854617688543974
-0.0004407293801352054,0.3286925344085453,0.01786803839782031
-0.0004405993801352054,0.3259824397718978,0.01752896915401059
-0.0004404693801352054,0.3229335833056694,0.01651176142258143
-0.0004403393801352054,0.3212397741577647,0.01244293049686482
-0.0004402093801352054,0.3171746322027935,0.01210386125305511
-0.0004400793801352054,0.3141257757365651,0.01244293049686482
-0.0004399493801352054,0.3117544429294986,0.01413827671591341
-0.0004398193801352054,0.3090443482928511,0.01447734595972313
-0.0004396893801352054,0.3063342536562036,0.01346013822829398
-0.0004395593801352054,0.3032853971899752,0.01176479200924539
-0.0004394293801352054,0.2998977788941659,0.01176479200924539
-0.0004392993801352054,0.2982039697462612,0.01108665352162595
-0.0004391693801352054,0.2944775896208709,0.01108665352162595
-0.0004390393801352054,0.2917674949842234,0.01108665352162595
-0.0004389093801352054,0.2890574003475759,0.009730376546387084
-0.0004387793801352054,0.2866860675405094,0.008374099571148213
-0.0004386493801352054,0.283975972903862,0.008035030327338495
-0.0004385193801352054,0.2812658782672144,0.007695961083528779
-0.0004383893801352054,0.2795720691193098,0.008035030327338495
-0.0004382593801352054,0.2768619744826623,0.007695961083528779
-0.0004381293801352054,0.273474356186853,0.006678753352099625
-0.0004379993801352054,0.2697479760614627,0.00600061486448019
-0.0004378693801352054,0.268054166913558,0.006678753352099625
-0.0004377393801352054,0.2656828341064915,0.00600061486448019
-0.0004376093801352054,0.2636502631290059,0.005322476376860756
-0.0004374793801352054,0.2606014066627775,0.00464433788924132
-0.0004373493801352054,0.2585688356852919,0.004305268645431602
-0.0004372193801352054,0.2548424555599016,0.00464433788924132
-0.0004370893801352054,0.2514548372640922,0.003627130157812168
-0.0004369593801352054,0.2490835044570257,0.003627130157812168
-0.0004368293801352054,0.2470509334795401,0.004305268645431602
-0.0004366993801352054,0.2440020770133117,0.00328806091400245
-0.0004365693801352054,0.2406144587175023,0.002609922426383015
-0.0004364393801352054,0.2382431259104358,0.002948991670192732
-0.0004363093801352054,0.2348555076146265,0.002609922426383015
-0.0004361793801352054,0.2311291274892362,0.002948991670192732
-0.0004360493801352054,0.2290965565117506,0.002948991670192732
-0.0004359193801352054,0.2253701763863603,0.003627130157812168
-0.0004357893801352054,0.2223213199201319,0.002609922426383015
-0.0004356593801352054,0.2185949397947416,0.00193178393876358
-0.0004355293801352054,0.2162236069876751,0.001253645451144144
-0.0004353993801352054,0.2138522741806085,0.001592714694953862
-0.0004352693801352054,0.2104646558847992,0.0002364377197149915
-0.0004351393801352054,0.2077545612481517,0.001253645451144144
-0.0004350093801352054,0.2050444666115042,0.001592714694953862
-0.0004348793801352054,0.2036894192931805,0.001253645451144144
-0.0004347493801352054,0.2006405628269521,0.0002364377197149915
-0.0004346193801352054,0.1986079918494665,0.0005755069635247092
-0.0004344893801352054,0.1948816117240762,0.00193178393876358
-0.0004343593801352054,0.190816469769105,0.00193178393876358
-0.0004342293801352054,0.1891226606212003,0.001592714694953862
-0.0004340993801352054,0.1864125659845528,0.0005755069635247092
-0.0004339693801352054,0.1826861858591625,0.0002364377197149915
-0.0004338393801352054,0.1789598057337723,-0.001797977743143314
-0.0004337093801352054,0.1765884729267057,-0.001797977743143314
-0.0004335793801352054,0.1735396164604773,-0.001458908499333596
-0.0004334493801352054,0.1721845691421536,-0.0004417007679044436
-0.0004333193801352054,0.169813236335087,-0.0004417007679044436
-0.0004331893801352054,0.1674419035280205,-0.0007807700117141612
-0.0004330593801352054,0.164731808891373,-0.0007807700117141612
-0.0004329293801352054,0.1613441905955637,-0.001119839255523879
-0.0004327993801352054,0.1593116196180781,-0.0007807700117141612
-0.0004326693801352054,0.1555852394926878,-0.0007807700117141612
-0.0004325393801352054,0.1518588593672975,-0.001119839255523879
-0.0004324093801352054,0.1505038120489738,-0.001119839255523879
-0.0004322793801352054,0.1471161937531645,-0.001119839255523879
-0.0004321493801352054,0.1430510517981932,-0.0007807700117141612
-0.0004320193801352054,0.1403409571615458,-0.001458908499333596
-0.0004318893801352054,0.1362758152065746,-0.001458908499333596
-0.0004317593801352054,0.1335657205699271,-0.0007807700117141612
-0.0004316293801352054,0.1305168641036987,-0.001119839255523879
-0.0004314993801352054,0.1291618167853749,-0.001119839255523879
-0.0004313693801352054,0.1264517221487275,-0.001797977743143314
-0.0004312393801352054,0.12374162751208,-0.001458908499333596
-0.0004311093801352054,0.1220478183641753,-0.0007807700117141612
-0.0004309793801352054,0.1196764855571088,-0.001119839255523879
-0.0004308493801352054,0.1173051527500422,-0.001458908499333596
-0.0004307193801352054,0.113240010795071,-0.001119839255523879
-0.0004305893801352054,0.1105299161584235,-0.001119839255523879
-0.0004304593801352054,0.1074810596921951,0.0005755069635247092
-0.0004303293801352054,0.1044322032259667,-0.0007807700117141612
-0.0004301993801352054,0.1027383940780621,-0.001119839255523879
-0.0004300693801352054,0.1000282994414146,-0.001119839255523879
-0.0004299393801352054,0.09630191931602429,-0.0004417007679044436
-0.0004298093801352054,0.09189801553147214,-0.0004417007679044436
-0.0004296793801352054,0.08986544455398654,-0.0007807700117141612
-0.0004295493801352054,0.08681658808775813,-0.0007807700117141612
-0.0004294193801352054,0.08444525528069159,-0.001458908499333596
-0.0004292893801352054,0.08173516064404412,-0.001458908499333596
-0.0004291593801352054,0.07936382783697758,-0.001797977743143314
-0.0004290293801352054,0.07699249502991104,-0.001797977743143314
-0.0004288993801352054,0.0746211622228445,-0.002137046986953032
-0.0004287693801352054,0.07055602026787329,-0.002476116230762749
-0.0004286393801352054,0.06682964014248301,-0.002476116230762749
-0.0004285093801352054,0.0627644981875118,-0.002137046986953032
-0.0004283793801352054,0.05971564172128338,-0.001797977743143314
-0.0004282493801352054,0.05565049976631217,-0.001797977743143314
-0.0004281193801352054,0.05395669061840749,-0.0007807700117141612
-0.0004279893801352054,0.05090783415217909,-0.001119839255523879
-0.0004278593801352054,0.04819773951553161,-0.0004417007679044436
-0.0004277293801352054,0.0451488830493032,-0.001119839255523879
-0.0004275993801352054,0.0421000265830748,-0.0004417007679044436
-0.0004274693801352054,0.03972869377600825,-0.0007807700117141612
-0.0004273393801352054,0.03667983730977985,-0.001119839255523879
-0.0004272093801352054,0.0332922190139705,-0.001119839255523879
-0.0004270793801352054,0.03193717169564676,-0.001458908499333596
-0.0004269493801352054,0.02854955339983742,-0.001458908499333596
-0.0004268193801352054,0.02583945876318994,-0.0004417007679044436
-0.0004266893801352054,0.02346812595612341,-0.0001026315240947261
-0.0004265593801352054,0.020419269489895,0.0005755069635247092
-0.0004264293801352054,0.020419269489895,0.0005755069635247092
-0.0004262993801352054,0.01737041302366659,0.0005755069635247092
-0.0004261693801352054,0.01330527106869537,0.0002364377197149915
-0.0004260393801352054,0.01025641460246697,-0.0007807700117141612
-0.0004259093801352054,0.00517498715875295,-0.001119839255523879
-0.0004257793801352054,0.001448607033362672,-0.0001026315240947261
-0.0004256493801352054,-0.001939011262446672,0.00328806091400245
-0.0004255193801352054,-0.00566539138783695,0.001592714694953862
-0.0004253893801352054,-0.007697962365322556,0.0009145762073344267
-0.0004252593801352054,-0.0100692951723891,-0.0001026315240947261
-0.0004251293801352054,-0.0110855806611319,-0.0004417007679044436
-0.0004249993801352054,-0.01548948444568405,-0.0001026315240947261
-0.0004248693801352054,-0.01786081725275059,0.0002364377197149915
-0.0004247393801352054,-0.02057091188939806,-0.0001026315240947261
-0.0004246093801352054,-0.02531357750353114,-0.0007807700117141612
-0.0004244793801352054,-0.02700738665143581,-0.001797977743143314
-0.0004243493801352054,-0.02971748128808329,-0.001458908499333596
-0.0004242193801352054,-0.0317500522655689,-0.002137046986953032
-0.0004240893801352054,-0.03412138507263543,-0.001797977743143314
-0.0004239593801352054,-0.03581519422054011,-0.002137046986953032
-0.0004238293801352054,-0.03818652702760665,-0.002137046986953032
-0.0004236993801352054,-0.0436067163009016,-0.002137046986953032
-0.0004235693801352054,-0.04767185825587281,-0.002476116230762749
-0.0004234393801352054,-0.04970442923335841,-0.001797977743143314
-0.0004233093801352054,-0.05241452387000589,-0.0007807700117141612
-0.0004231793801352054,-0.0544470948474915,-0.001458908499333596
-0.0004230493801352054,-0.05885099863204364,-0.001458908499333596
-0.0004229193801352054,-0.06088356960952925,-0.001458908499333596
-0.0004227893801352054,-0.06257737875743392,-0.001119839255523879
-0.0004226593801352054,-0.06630375888282419,-0.001119839255523879
-0.0004225293801352054,-0.06935261534905261,-0.001458908499333596
-0.0004223993801352054,-0.07274023364486194,-0.002137046986953032
-0.0004222693801352054,-0.07748289925899503,-0.001119839255523879
-0.0004221393801352054,-0.07951547023648063,-0.001119839255523879
-0.0004220093801352054,-0.08256432670270905,-0.001119839255523879
-0.0004218793801352054,-0.08459689768019465,-0.001119839255523879
-0.0004217493801352054,-0.08764575414642306,-0.001458908499333596
-0.0004216193801352054,-0.08933956329432774,-0.002137046986953032
-0.0004214893801352054,-0.09204965793097521,-0.002137046986953032
-0.0004213593801352054,-0.09442099073804175,-0.002476116230762749
-0.0004212293801352054,-0.09746984720427015,-0.002137046986953032
-0.0004210993801352054,-0.09916365635217483,-0.001458908499333596
-0.0004209693801352054,-0.1015349891592414,-0.001458908499333596
-0.0004208393801352054,-0.1059388929437935,-0.001797977743143314
-0.0004207093801352054,-0.1100040348987647,-0.002137046986953032
-0.0004205793801352054,-0.1123753677058313,-0.001797977743143314
-0.0004204493801352054,-0.1144079386833169,-0.001458908499333596
-0.0004203193801352054,-0.1157629860016406,-0.001119839255523879
-0.0004201893801352054,-0.1198281279566118,-0.001797977743143314
-0.0004200593801352054,-0.1221994607636784,-0.002137046986953032
-0.0004199293801352054,-0.1255870790594877,-0.001797977743143314
-0.0004197993801352054,-0.1279584118665542,-0.002137046986953032
-0.0004196693801352054,-0.1316847919919445,-0.001797977743143314
-0.0004195393801352054,-0.1347336484581729,-0.002137046986953032
-0.0004194093801352054,-0.1381212667539823,-0.001797977743143314
-0.0004192793801352054,-0.1425251705385344,-0.001797977743143314
-0.0004191493801352054,-0.1459127888343438,-0.001458908499333596
-0.0004190193801352054,-0.1493004071301531,-0.001458908499333596
-0.0004188893801352054,-0.1503166926188959,-0.001458908499333596
-0.0004187593801352054,-0.1530267872555434,-0.001119839255523879
-0.0004186293801352054,-0.1543818345738671,-0.001797977743143314
-0.0004184993801352054,-0.1570919292105146,-0.001797977743143314
-0.0004183693801352054,-0.1611570711654858,-0.001119839255523879
-0.0004182393801352054,-0.1642059276317142,-0.001119839255523879
-0.0004181093801352054,-0.1662384986091998,-0.001458908499333596
-0.0004179793801352054,-0.1686098314162664,-0.0007807700117141612
-0.0004178493801352054,-0.1713199260529139,-0.0007807700117141612
-0.0004177193801352054,-0.1747075443487232,-0.001119839255523879
-0.0004175893801352054,-0.1780951626445325,-0.001458908499333596
-0.0004174593801352054,-0.1818215427699228,0.0002364377197149915
-0.0004173293801352054,-0.1835153519178275,-0.0007807700117141612
-0.0004171993801352054,-0.185886684724894,-0.003154254718382184
-0.0004170693801352054,-0.1889355411911224,-0.004510531693621055
-0.0004169393801352054,-0.191306873998189,-0.001119839255523879
-0.0004168093801352054,-0.196049539612322,-0.0001026315240947261
-0.0004166793801352054,-0.1987596342489695,0.0002364377197149915
-0.0004165493801352054,-0.2007922052264551,-0.0004417007679044436
-0.0004164193801352054,-0.2028247762039407,-0.0007807700117141612
-0.0004162893801352054,-0.206551156329331,-0.0007807700117141612
-0.0004161593801352054,-0.2102775364547213,-0.0004417007679044436
-0.0004160293801352054,-0.2143426784096925,-0.0007807700117141612
-0.0004158993801352054,-0.2146814402392734,-0.0004417007679044436
-0.0004157693801352054,-0.2177302967055019,0.001253645451144144
-0.0004156393801352054,-0.2201016295125684,-0.0001026315240947261
-0.0004155093801352054,-0.2224729623196349,-0.0004417007679044436
-0.0004153793801352054,-0.2255218187858634,-0.001797977743143314
-0.0004152493801352054,-0.2289094370816727,-0.003493323962191902
-0.0004151193801352054,-0.232635817207063,-0.003493323962191902
-0.0004149893801352054,-0.2350071500141295,-0.001797977743143314
-0.0004148593801352054,-0.2356846736732914,-0.001119839255523879
-0.0004147293801352054,-0.2400885774578435,0.0002364377197149915
-0.0004145993801352054,-0.242798672094491,0.0005755069635247092
-0.0004144693801352054,-0.2461862903903003,-0.0001026315240947261
-0.0004143393801352054,-0.2485576231973669,-0.0007807700117141612
-0.0004142093801352054,-0.2522840033227572,-0.0004417007679044436
-0.0004140793801352054,-0.2539778124706618,0.0005755069635247092
-0.0004139493801352054,-0.2560103834481474,0.0002364377197149915
-0.0004138193801352054,-0.2573654307664712,-0.001458908499333596
-0.0004136893801352054,-0.2607530490622805,-0.001797977743143314
-0.0004135593801352054,-0.2648181910172517,-0.002137046986953032
-0.0004134293801352054,-0.2682058093130611,-0.002137046986953032
-0.0004132993801352054,-0.2719321894384514,-0.002137046986953032
-0.0004131693801352054,-0.273964760415937,-0.001797977743143314
-0.0004130393801352054,-0.2756585695638416,-0.001797977743143314
-0.0004129093801352054,-0.27870742603007,-0.001458908499333596
-0.0004127793801352054,-0.2827725679850412,-0.001458908499333596
-0.0004126493801352054,-0.2854826626216888,-0.001797977743143314
-0.0004125193801352054,-0.2875152335991744,-0.001119839255523879
-0.0004123893801352054,-0.2905640900654027,-0.001119839255523879
-0.0004122593801352054,-0.2925966610428883,-0.0007807700117141612
-0.0004121293801352054,-0.2949679938499549,-0.001119839255523879
-0.0004119993801352054,-0.2980168503161833,-0.001797977743143314
-0.0004118693801352054,-0.2986943739753452,-0.0007807700117141612
-0.0004117393801352054,-0.3024207541007354,-0.001119839255523879
-0.0004116093801352054,-0.3064858960557066,-0.0004417007679044436
-0.0004114793801352054,-0.3102122761810969,-0.001119839255523879
-0.0004113493801352054,-0.3112285616698398,-0.001458908499333596
-0.0004112193801352054,-0.3132611326473254,-0.001458908499333596
-0.0004110893801352054,-0.3169875127727156,-0.001119839255523879
-0.0004109593801352054,-0.3190200837502012,-0.0007807700117141612
-0.0004108293801352054,-0.3224077020460105,-0.0001026315240947261
-0.0004106993801352054,-0.325456558512239,-0.0004417007679044436
-0.0004105693801352054,-0.3285054149784674,-0.001119839255523879
-0.0004104393801352054,-0.330199224126372,0.0002364377197149915
-0.0004103093801352054,-0.3342643660813433,-0.001458908499333596
-0.0004101793801352054,-0.3349418897405051,-0.001119839255523879
-0.0004100493801352054,-0.3383295080363145,-0.001797977743143314
-0.0004099193801352054,-0.341039602672962,-0.001797977743143314
-0.0004097893801352054,-0.3440884591391904,-0.001797977743143314
-0.0004096593801352054,-0.3481536010941616,-0.002137046986953032
-0.0004095293801352054,-0.3515412193899709,-0.001458908499333596
-0.0004093993801352054,-0.3545900758561993,-0.001797977743143314
-0.0004092693801352054,-0.3566226468336849,-0.001119839255523879
-0.0004091393801352054,-0.3583164559815896,-0.0007807700117141612
-0.0004090093801352054,-0.3610265506182371,-0.001458908499333596
-0.0004088793801352054,-0.3620428361069799,-0.001458908499333596
-0.0004087493801352054,-0.3654304544027893,-0.0001026315240947261
-0.0004086193801352054,-0.3674630253802749,0.003627130157812168
-0.0004084893801352054,-0.3705118818465032,0.00193178393876358
-0.0004083593801352054,-0.3732219764831508,-0.0004417007679044436
-0.0004082293801352054,-0.3762708329493791,-0.0007807700117141612
-0.0004080993801352054,-0.3796584512451885,-0.001119839255523879
-0.0004079693801352054,-0.3813522603930932,-0.001119839255523879
-0.0004078393801352054,-0.3833848313705788,-0.001458908499333596
-0.0004077093801352054,-0.38744997332555,-0.001119839255523879
-0.0004075793801352054,-0.3898213061326165,-0.001797977743143314
-0.0004074493801352054,-0.392192638939683,-0.001797977743143314
-0.0004073193801352054,-0.3955802572354924,-0.001797977743143314
-0.0004071893801352054,-0.3989678755313018,-0.001458908499333596
-0.0004070593801352054,-0.3999841610200445,-0.001797977743143314
-0.0004069293801352054,-0.402694255656692,-0.002137046986953032
-0.0004067993801352054,-0.4057431121229204,-0.001458908499333596
-0.0004066693801352054,-0.4087919685891488,-0.002137046986953032
-0.0004065393801352054,-0.4108245395666345,-0.002476116230762749
-0.0004064093801352054,-0.413195872373701,-0.001797977743143314
-0.0004062793801352054,-0.4169222524990913,-0.0004417007679044436
-0.0004061493801352054,-0.4199711089653197,-0.001119839255523879
-0.0004060193801352054,-0.4220036799428053,-0.0004417007679044436
-0.0004058893801352054,-0.423358727261129,-0.0001026315240947261
-0.0004057593801352054,-0.4264075837273574,-0.0004417007679044436
-0.0004056293801352054,-0.4301339638527477,-0.0007807700117141612
-0.0004054993801352054,-0.4318277730006524,-0.0001026315240947261
-0.0004053693801352054,-0.4352153912964617,0.0002364377197149915
-0.0004052393801352054,-0.4352153912964617,-0.0007807700117141612
-0.0004051093801352054,-0.438941771421852,-0.0004417007679044436
-0.0004049793801352054,-0.4423293897176613,-0.001119839255523879
-0.0004048493801352054,-0.4443619606951469,-0.001797977743143314
-0.0004047193801352054,-0.4463945316726325,-0.001458908499333596
-0.0004045893801352054,-0.4487658644796991,-0.001119839255523879
-0.0004044593801352054,-0.4514759591163466,-0.0004417007679044436
-0.0004043293801352054,-0.4528310064346703,-0.001458908499333596
-0.0004041993801352054,-0.4562186247304796,-0.0007807700117141612
-0.0004040693801352054,-0.459606243026289,-0.001119839255523879
-0.0004039393801352054,-0.4636713849812602,-0.001458908499333596
-0.0004038093801352054,-0.4673977651066505,-0.001119839255523879
-0.0004036793801352054,-0.4704466215728789,-0.0001026315240947261
-0.0004035493801352054,-0.4714629070616217,0.0002364377197149915
-0.0004034193801352054,-0.4741730016982691,-0.001119839255523879
-0.0004032893801352054,-0.4762055726757548,-0.0004417007679044436
-0.0004031593801352054,-0.4785769054828213,-0.0004417007679044436
-0.0004030293801352054,-0.4816257619490497,-0.001119839255523879
-0.0004028993801352054,-0.4826420474377925,-0.001119839255523879
-0.0004027693801352054,-0.48535214207444,-0.001458908499333596
-0.0004026393801352054,-0.4877234748815065,-0.0007807700117141612
-0.0004025093801352054,-0.4900948076885731,-0.0007807700117141612
-0.0004023793801352054,-0.4941599496435443,-0.0004417007679044436
-0.0004022493801352054,-0.4961925206210299,-0.0004417007679044436
-0.0004021193801352054,-0.4985638534280964,-0.0001026315240947261
-0.0004019893801352054,-0.5036452808718105,-0.001119839255523879
-0.0004018593801352054,-0.5050003281901343,-0.0004417007679044436
-0.0004017293801352054,-0.5070328991676198,-0.002137046986953032
-0.0004015993801352054,-0.5090654701451055,-0.001458908499333596
-0.0004014693801352054,-0.5107592792930101,-0.001119839255523879
-0.0004013393801352054,-0.5134693739296576,-0.001458908499333596
-0.0004012093801352054,-0.5158407067367241,-0.002137046986953032
-0.0004010793801352054,-0.5192283250325335,-0.002476116230762749
-0.0004009493801352054,-0.5222771814987619,-0.005527739425050207
-0.0004008193801352054,-0.5256647997945713,-0.004849600937430773
-0.0004006893801352054,-0.526681085283314,-0.003832393206001619
-0.0004005593801352054,-0.5293911799199615,-0.002476116230762749
-0.0004004293801352054,-0.5304074654087043,-0.0007807700117141612
-0.0004002993801352054,-0.5304074654087043,-0.0004417007679044436
-0.0004001693801352054,-0.5341338455340946,-0.0004417007679044436
-0.0004000393801352054,-0.5361664165115803,-0.0007807700117141612
-0.0003999093801352054,-0.5381989874890658,-0.002137046986953032
-0.0003997793801352054,-0.5412478439552942,-0.001797977743143314
-0.0003996493801352054,-0.5432804149327798,0.0002364377197149915
-0.0003995193801352054,-0.5453129859102654,0.0002364377197149915
-0.0003993893801352054,-0.5493781278652367,-0.0007807700117141612
-0.0003992593801352054,-0.5531045079906269,-0.001119839255523879
-0.0003991293801352054,-0.5554758407976935,-0.001458908499333596
-0.0003989993801352054,-0.5575084117751791,-0.0007807700117141612
-0.0003988693801352054,-0.5592022209230837,-0.001119839255523879
-0.0003987393801352054,-0.562928601048474,-0.001458908499333596
-0.0003986093801352054,-0.5646224101963787,-0.001458908499333596
-0.0003984793801352054,-0.5663162193442833,-0.001797977743143314
-0.0003983493801352054,-0.5693650758105118,-0.0007807700117141612
-0.0003982193801352054,-0.5713976467879974,-0.0007807700117141612
-0.0003980893801352054,-0.5747852650838067,-0.0007807700117141612
-0.0003979593801352054,-0.5778341215500351,-0.001119839255523879
-0.0003978293801352054,-0.5795279306979398,-0.0001026315240947261
-0.0003976993801352054,-0.5808829780162635,0.0005755069635247092
-0.0003975693801352054,-0.5842705963120729,-0.001119839255523879
-0.0003974393801352054,-0.5876582146078823,-0.001797977743143314
-0.0003973093801352054,-0.588674500096625,-0.0004417007679044436
-0.0003971793801352054,-0.589013261926206,-0.0001026315240947261
-0.0003970493801352054,-0.5917233565628535,-0.0007807700117141612
-0.0003969193801352054,-0.5934171657107581,-0.001119839255523879
-0.0003967893801352054,-0.5957884985178247,-0.0007807700117141612
-0.0003966593801352054,-0.5998536404727959,-0.0007807700117141612
-0.0003965293801352054,-0.6025637351094434,-0.0007807700117141612
-0.0003963993801352054,-0.6052738297460908,-0.0004417007679044436
-0.0003962693801352054,-0.6083226862123192,0.0009145762073344267
-0.0003961393801352054,-0.6106940190193858,0.0009145762073344267
-0.0003960093801352054,-0.6134041136560332,0.0002364377197149915
-0.0003958793801352054,-0.6144203991447761,0.0005755069635247092
-0.0003957493801352054,-0.6161142082926807,0.0005755069635247092
-0.0003956193801352054,-0.6188243029293282,0.0002364377197149915
-0.0003954893801352054,-0.6208568739068138,-0.0007807700117141612
-0.0003953593801352054,-0.6242444922026231,-0.0004417007679044436
-0.0003952293801352054,-0.6252607776913659,0.0005755069635247092
-0.0003950993801352054,-0.6276321104984325,-0.0001026315240947261
-0.0003949693801352054,-0.6293259196463371,-0.0007807700117141612
-0.0003948393801352054,-0.6310197287942418,-0.001797977743143314
-0.0003947093801352054,-0.6333910616013084,-0.001797977743143314
-0.0003945793801352054,-0.6361011562379558,-0.0007807700117141612
-0.0003944493801352054,-0.6381337272154415,-0.001119839255523879
-0.0003943193801352054,-0.6394887745337652,-0.001119839255523879
-0.0003941893801352054,-0.640505060022508,-0.0001026315240947261
-0.0003940593801352054,-0.6435539164887364,-0.0004417007679044436
-0.0003939293801352054,-0.645925249295803,-0.0007807700117141612
-0.0003937993801352054,-0.6479578202732885,-0.0007807700117141612
-0.0003936693801352054,-0.6513454385690979,-0.001119839255523879
-0.0003935393801352054,-0.6537167713761645,-0.0007807700117141612
-0.0003934093801352054,-0.6560881041832309,-0.001797977743143314
-0.0003932793801352054,-0.6581206751607166,-0.002137046986953032
-0.0003931493801352054,-0.6598144843086212,-0.001119839255523879
-0.0003930193801352054,-0.6618470552861069,-0.001458908499333596
-0.0003928893801352054,-0.6635408644340115,-0.001458908499333596
-0.0003927593801352054,-0.6665897209002399,-0.001797977743143314
-0.0003926293801352054,-0.6686222918777256,-0.001797977743143314
-0.0003924993801352054,-0.6730261956622777,-0.001119839255523879
-0.0003923693801352054,-0.6740424811510205,-0.001119839255523879
-0.0003922393801352054,-0.6753975284693442,-0.001458908499333596
-0.0003921093801352054,-0.6791239085947345,-0.002476116230762749
-0.0003919793801352054,-0.6791239085947345,-0.002137046986953032
-0.0003918493801352054,-0.6798014322538963,-0.001119839255523879
-0.0003917193801352054,-0.6825115268905438,-0.0004417007679044436
-0.0003915893801352054,-0.6848828596976104,-0.002137046986953032
-0.0003914593801352054,-0.6875929543342578,-0.002815185474572467
-0.0003913293801352054,-0.6889480016525816,-0.001458908499333596
-0.0003911993801352054,-0.691658096289229,-0.001458908499333596
-0.0003910693801352054,-0.6940294290962956,-0.001119839255523879
-0.0003909393801352054,-0.6960620000737813,-0.0001026315240947261
-0.0003908093801352054,-0.6991108565400096,-0.0007807700117141612
-0.0003906793801352054,-0.7011434275174953,-0.001119839255523879
-0.0003905493801352054,-0.702498474835819,-0.0007807700117141612
-0.0003904193801352054,-0.7048698076428855,-0.0001026315240947261
-0.0003902893801352054,-0.7065636167907902,-0.0007807700117141612
-0.0003901593801352054,-0.7089349495978567,-0.0007807700117141612
-0.0003900293801352054,-0.7113062824049233,-0.0004417007679044436
-0.0003898993801352054,-0.7133388533824089,-0.001119839255523879
-0.0003897693801352054,-0.7153714243598945,-0.001119839255523879
-0.0003896393801352054,-0.7187590426557038,-0.0004417007679044436
-0.0003895093801352054,-0.7204528518036085,-0.0001026315240947261
-0.0003893793801352054,-0.723501708269837,-0.0007807700117141612
-0.0003892493801352054,-0.7245179937585797,-0.001797977743143314
-0.0003891193801352054,-0.7248567555881607,-0.001119839255523879
-0.0003889893801352054,-0.7279056120543891,-0.001458908499333596
-0.0003888593801352054,-0.7292606593727128,-0.001458908499333596
-0.0003887293801352054,-0.7302769448614556,-0.0001026315240947261
-0.0003885993801352054,-0.7316319921797794,-0.0004417007679044436
-0.0003884693801352054,-0.7329870394981031,-0.0004417007679044436
-0.0003883393801352054,-0.7350196104755887,-0.001797977743143314
-0.0003882093801352054,-0.7363746577939124,-0.001119839255523879
-0.0003880793801352054,-0.738068466941817,-0.0007807700117141612
-0.0003879493801352054,-0.7414560852376264,-0.001797977743143314
-0.0003878193801352054,-0.7451824653630167,-0.001458908499333596
-0.0003876893801352054,-0.7468762745109214,-0.0007807700117141612
-0.0003875593801352054,-0.748908845488407,-0.0007807700117141612
-0.0003874293801352054,-0.7512801782954736,-0.001458908499333596
-0.0003872993801352054,-0.7529739874433782,-0.001458908499333596
-0.0003871693801352054,-0.754329034761702,-0.001458908499333596
-0.0003870393801352054,-0.7560228439096066,-0.001458908499333596
-0.0003869093801352054,-0.7570391293983494,-0.001119839255523879
-0.0003867793801352054,-0.7604267476941587,-0.0007807700117141612
-0.0003866493801352054,-0.7617817950124824,-0.0007807700117141612
-0.0003865193801352054,-0.7627980805012253,0.0005755069635247092
-0.0003863893801352054,-0.76449188964913,0.003627130157812168
-0.0003862593801352054,-0.7661856987970347,0.002270853182573297
-0.0003861293801352054,-0.7685570316041012,0.0002364377197149915
-0.0003859993801352054,-0.7709283644111677,0.0002364377197149915
-0.0003858693801352054,-0.7716058880703296,-0.0004417007679044436
-0.0003857393801352054,-0.7743159827069771,-0.001119839255523879
-0.0003856093801352054,-0.774993506366139,-0.001119839255523879
-0.0003854793801352054,-0.7766873155140436,-0.001458908499333596
-0.0003853493801352054,-0.7770260773436245,-0.001458908499333596
-0.0003852193801352054,-0.779736171980272,-0.0007807700117141612
-0.0003850893801352054,-0.7821075047873386,0.0002364377197149915
-0.0003849593801352054,-0.785495123083148,0.0002364377197149915
-0.0003848293801352054,-0.7882052177197953,0.0002364377197149915
-0.0003846993801352054,-0.7905765505268619,-0.0004417007679044436
-0.0003845693801352054,-0.790237788697281,-0.001119839255523879
-0.0003844393801352054,-0.7932866451635094,-0.001458908499333596
-0.0003843093801352054,-0.7936254069930904,-0.001119839255523879
-0.0003841793801352054,-0.7943029306522522,-0.0004417007679044436
-0.0003840493801352054,-0.7959967398001568,-0.0001026315240947261
-0.0003839193801352054,-0.7987068344368043,-0.0004417007679044436
-0.0003837893801352054,-0.800061881755128,-0.001119839255523879
-0.0003836593801352054,-0.8027719763917756,-0.0007807700117141612
-0.0003835293801352054,-0.8054820710284231,-0.001458908499333596
-0.0003833993801352054,-0.8071758801763277,-0.001119839255523879
-0.0003832693801352054,-0.8085309274946514,-0.0007807700117141612
-0.0003831393801352054,-0.8102247366425561,0.0009145762073344267
-0.0003830093801352054,-0.8125960694496227,0.0009145762073344267
-0.0003828793801352054,-0.8153061640862701,0.001253645451144144
-0.0003827493801352054,-0.8169999732341748,0.0002364377197149915
-0.0003826193801352054,-0.8186937823820795,0.0002364377197149915
-0.0003824893801352054,-0.8200488297004032,0.0002364377197149915
-0.0003823593801352054,-0.8193713060412413,0.0005755069635247092
-0.0003822293801352054,-0.8197100678708222,-0.0001026315240947261
-0.0003820993801352054,-0.8220814006778888,-0.0007807700117141612
-0.0003819693801352054,-0.8234364479962125,-0.0007807700117141612
-0.0003818393801352054,-0.8247914953145363,-0.0007807700117141612
-0.0003817093801352054,-0.82614654263286,-0.001119839255523879
-0.0003815793801352054,-0.8295341609286694,-0.001119839255523879
-0.0003814493801352054,-0.831227970076574,-0.0007807700117141612
-0.0003813193801352054,-0.8325830173948978,-0.001119839255523879
-0.0003811893801352054,-0.8339380647132215,-0.0004417007679044436
-0.0003810593801352054,-0.8373256830090309,-0.0001026315240947261
-0.0003809293801352054,-0.8390194921569355,-0.0001026315240947261
-0.0003807993801352054,-0.8390194921569355,-0.0004417007679044436
-0.0003806693801352054,-0.8400357776456784,0.0002364377197149915
-0.0003805393801352054,-0.8407133013048402,0.0002364377197149915
-0.0003804093801352054,-0.8424071104527449,-0.0004417007679044436
-0.0003802793801352054,-0.8437621577710687,-0.0004417007679044436
-0.0003801493801352054,-0.846811014237297,-0.0007807700117141612
-0.0003800193801352054,-0.8488435852147826,-0.0007807700117141612
-0.0003798893801352054,-0.8488435852147826,-0.001797977743143314
-0.0003797593801352054,-0.8498598707035254,-0.002476116230762749
-0.0003796293801352054,-0.8518924416810111,-0.002476116230762749
-0.0003794993801352054,-0.8529087271697539,-0.001797977743143314
-0.0003793693801352054,-0.8549412981472394,-0.001119839255523879
-0.0003792393801352054,-0.8576513927838869,0.0002364377197149915
-0.0003791093801352054,-0.8576513927838869,-0.0001026315240947261
-0.0003789793801352054,-0.8596839637613726,-0.0001026315240947261
-0.0003788493801352054,-0.8634103438867629,-0.0004417007679044436
-0.0003787193801352054,-0.8640878675459247,-0.0007807700117141612
-0.0003785893801352054,-0.8647653912050866,-0.0004417007679044436
-0.0003784593801352054,-0.8667979621825721,-0.0004417007679044436
-0.0003783293801352054,-0.867814247671315,0.0002364377197149915
-0.0003781993801352054,-0.8681530095008959,-0.0001026315240947261
-0.0003780693801352054,-0.8688305331600578,-0.001797977743143314
-0.0003779393801352054,-0.8695080568192196,-0.004849600937430773
-0.0003778093801352054,-0.8722181514558671,-0.002815185474572467
-0.0003776793801352054,-0.8762832934108383,-0.0001026315240947261
-0.0003775493801352054,-0.8793321498770668,-0.0004417007679044436
-0.0003774193801352054,-0.8800096735362286,-0.0007807700117141612
-0.0003772893801352054,-0.8803484353658095,-0.001458908499333596
-0.0003771593801352054,-0.8806871971953905,-0.001458908499333596
-0.0003770293801352054,-0.883397291832038,-0.001797977743143314
-0.0003768993801352054,-0.8847523391503617,-0.001119839255523879
-0.0003767693801352054,-0.8867849101278473,0.0002364377197149915
-0.0003766393801352054,-0.8874624337870092,0.0002364377197149915
-0.0003765093801352054,-0.8871236719574283,-0.0004417007679044436
-0.0003763793801352054,-0.888139957446171,-0.0001026315240947261
-0.0003762493801352054,-0.888139957446171,-0.0004417007679044436
-0.0003761193801352054,-0.8905112902532375,-0.001458908499333596
-0.0003759893801352054,-0.8918663375715613,-0.0004417007679044436
-0.0003758593801352054,-0.8918663375715613,0.0005755069635247092
-0.0003757293801352054,-0.8938989085490469,0.0009145762073344267
-0.0003755993801352054,-0.8949151940377897,0.0005755069635247092
-0.0003754693801352054,-0.8966090031856944,-0.0001026315240947261
-0.0003753393801352054,-0.8989803359927609,-0.0007807700117141612
-0.0003752093801352054,-0.9006741451406656,-0.001458908499333596
-0.0003750793801352054,-0.9027067161181512,-0.001119839255523879
-0.0003749493801352054,-0.9040617634364749,-0.0004417007679044436
-0.0003748193801352054,-0.9047392870956368,0.0002364377197149915
-0.0003746893801352054,-0.9064330962435415,0.0002364377197149915
-0.0003745593801352054,-0.9071106199027034,0.0002364377197149915
-0.0003744293801352054,-0.9077881435618652,-0.0001026315240947261
-0.0003742993801352054,-0.9091431908801889,-0.0001026315240947261
-0.0003741693801352054,-0.9098207145393508,0.0009145762073344267
-0.0003740393801352054,-0.9104982381985127,0.001253645451144144
-0.0003739093801352054,-0.9121920473464173,-0.0001026315240947261
-0.0003737793801352054,-0.9128695710055792,-0.0004417007679044436
-0.0003736493801352054,-0.913547094664741,-0.0001026315240947261
-0.0003735193801352054,-0.9145633801534839,-0.0004417007679044436
-0.0003733893801352054,-0.9159184274718076,-0.0004417007679044436
-0.0003732593801352054,-0.9176122366197123,0.0002364377197149915
-0.0003731293801352054,-0.9189672839380361,-0.0007807700117141612
-0.0003729993801352054,-0.919306045767617,-0.001797977743143314
-0.0003728693801352054,-0.9209998549155216,-0.0007807700117141612
-0.0003727393801352054,-0.9226936640634263,-0.001119839255523879
-0.0003726093801352054,-0.9237099495521691,-0.001119839255523879
-0.0003724793801352054,-0.9250649968704928,-0.001119839255523879
-0.0003723493801352054,-0.9264200441888166,-0.0001026315240947261
-0.0003722193801352054,-0.9254037587000737,-0.001797977743143314
-0.0003720893801352054,-0.9274363296775594,-0.001458908499333596
-0.0003719593801352054,-0.9294689006550449,-0.0004417007679044436
-0.0003718293801352054,-0.929130138825464,-0.0007807700117141612
-0.0003716993801352054,-0.9287913769958831,-0.001797977743143314
-0.0003715693801352054,-0.929807662484626,-0.002137046986953032
-0.0003714393801352054,-0.9311627098029497,-0.002137046986953032
-0.0003713093801352054,-0.9328565189508543,-0.002137046986953032
-0.0003711793801352054,-0.934550328098759,-0.0007807700117141612
-0.0003710493801352054,-0.9362441372466637,-0.0001026315240947261
-0.0003709193801352054,-0.9369216609058255,-0.0007807700117141612
-0.0003707893801352054,-0.9382767082241493,-0.001797977743143314
-0.0003706593801352054,-0.9386154700537302,-0.002137046986953032
-0.0003705293801352054,-0.9386154700537302,-0.001458908499333596
-0.0003703993801352054,-0.9399705173720539,-0.001458908499333596
-0.0003702693801352054,-0.9420030883495396,-0.001119839255523879
-0.0003701393801352054,-0.9433581356678633,0.0002364377197149915
-0.0003700093801352054,-0.9460682303045108,0.0009145762073344267
-0.0003698793801352054,-0.9470845157932536,-0.0004417007679044436
-0.0003697493801352054,-0.9477620394524154,-0.001119839255523879
-0.0003696193801352054,-0.9460682303045108,-0.0001026315240947261
-0.0003694893801352054,-0.9477620394524154,0.0005755069635247092
-0.0003693593801352054,-0.9481008012819964,0.003627130157812168
-0.0003692293801352054,-0.9494558486003202,0.00328806091400245
-0.0003690993801352054,-0.9514884195778057,-0.0001026315240947261
-0.0003689693801352054,-0.9525047050665485,-0.0001026315240947261
-0.0003688393801352054,-0.9541985142144532,-0.0007807700117141612
-0.0003687093801352054,-0.9562310851919388,-0.001119839255523879
-0.0003685793801352054,-0.9569086088511007,-0.001458908499333596
-0.0003684493801352054,-0.9575861325102626,-0.0007807700117141612
-0.0003683193801352054,-0.9572473706806817,-0.001119839255523879
-0.0003681893801352054,-0.9569086088511007,-0.0004417007679044436
-0.0003680593801352054,-0.9548760378736151,0.0002364377197149915
-0.0003679293801352054,-0.9562310851919388,0.0009145762073344267
-0.0003677993801352054,-0.9582636561694244,0.0002364377197149915
-0.0003676693801352054,-0.9586024179990054,0.0002364377197149915
-0.0003675393801352054,-0.9609737508060719,-0.0001026315240947261
-0.0003674093801352054,-0.9623287981243956,-0.0004417007679044436
-0.0003672793801352054,-0.9647001309314622,0.0002364377197149915
-0.0003671493801352054,-0.9640226072723003,-0.0004417007679044436
-0.0003670193801352054,-0.9660551782497859,-0.0007807700117141612
-0.0003668893801352054,-0.9653776545906241,-0.0004417007679044436
-0.0003667593801352054,-0.9653776545906241,-0.0004417007679044436
-0.0003666293801352054,-0.965716416420205,-0.0001026315240947261
-0.0003664993801352054,-0.965716416420205,0.0002364377197149915
-0.0003663693801352054,-0.965716416420205,-0.0001026315240947261
-0.0003662393801352054,-0.9663939400793669,-0.0001026315240947261
-0.0003661093801352054,-0.9677489873976906,0.0002364377197149915
-0.0003659793801352054,-0.9680877492272715,-0.0001026315240947261
-0.0003658493801352054,-0.9704590820343381,-0.001119839255523879
-0.0003657193801352054,-0.9721528911822427,-0.001119839255523879
-0.0003655893801352054,-0.9718141293526618,-0.0007807700117141612
-0.0003654593801352054,-0.9735079385005665,-0.0004417007679044436
-0.0003653293801352054,-0.9748629858188902,-0.0001026315240947261
-0.0003651993801352054,-0.9741854621597283,-0.0001026315240947261
-0.0003650693801352054,-0.9745242239893093,-0.0001026315240947261
-0.0003649393801352054,-0.9748629858188902,-0.0001026315240947261
-0.0003648093801352054,-0.9748629858188902,0.0005755069635247092
-0.0003646793801352054,-0.9738467003301474,0.0005755069635247092
-0.0003645493801352054,-0.9752017476484711,0.001592714694953862
-0.0003644193801352054,-0.9775730804555377,0.0005755069635247092
-0.0003642893801352054,-0.9785893659442805,0.0002364377197149915
-0.0003641593801352054,-0.9792668896034423,0.0005755069635247092
-0.0003640293801352054,-0.9799444132626042,-0.0001026315240947261
-0.0003638993801352054,-0.9796056514330233,-0.001119839255523879
-0.0003637693801352054,-0.9806219369217661,-0.001119839255523879
-0.0003636393801352054,-0.9816382224105089,-0.0001026315240947261
-0.0003635093801352054,-0.9816382224105089,-0.0004417007679044436
-0.0003633793801352054,-0.9826545078992517,-0.001458908499333596
-0.0003632493801352054,-0.9833320315584135,-0.001458908499333596
-0.0003631193801352054,-0.9843483170471564,-0.0007807700117141612
-0.0003629893801352054,-0.9846870788767373,-0.001797977743143314
-0.0003628593801352054,-0.986042126195061,-0.001797977743143314
-0.0003627293801352054,-0.9870584116838038,-0.0007807700117141612
-0.0003625993801352054,-0.9873971735133847,-0.001797977743143314
-0.0003624693801352054,-0.9880746971725467,-0.001458908499333596
-0.0003623393801352054,-0.9867196498542229,0.0002364377197149915
-0.0003622093801352054,-0.986042126195061,0.001253645451144144
-0.0003620793801352054,-0.986042126195061,0.0002364377197149915
-0.0003619493801352054,-0.9877359353429657,-0.0001026315240947261
-0.0003618193801352054,-0.9873971735133847,-0.001119839255523879
-0.0003616893801352054,-0.9877359353429657,-0.004171462449811337
-0.0003615593801352054,-0.9887522208317086,-0.002476116230762749
-0.0003614293801352054,-0.9894297444908704,-0.0001026315240947261
-0.0003612993801352054,-0.9904460299796132,0.0002364377197149915
-0.0003611693801352054,-0.9907847918091941,0.0002364377197149915
-0.0003610393801352054,-0.9918010772979369,0.001592714694953862
-0.0003609093801352054,-0.9921398391275179,0.001253645451144144
-0.0003607793801352054,-0.9928173627866798,0.0002364377197149915
-0.0003606493801352054,-0.9924786009570988,-0.0001026315240947261
-0.0003605193801352054,-0.9934948864458416,-0.0004417007679044436
-0.0003603893801352054,-0.9934948864458416,0.0009145762073344267
-0.0003602593801352054,-0.9938336482754225,0.0002364377197149915
-0.0003601293801352054,-0.9951886955937462,-0.0004417007679044436
-0.0003599993801352054,-0.9962049810824891,-0.0004417007679044436
-0.0003598693801352054,-0.9972212665712319,-0.0001026315240947261
-0.0003597393801352054,-0.9978987902303937,0.0002364377197149915
-0.0003596093801352054,-0.99654374291207,0.0002364377197149915
-0.0003594793801352054,-0.9955274574233272,-0.0001026315240947261
-0.0003593493801352054,-0.99654374291207,0.0002364377197149915
-0.0003592193801352054,-0.9978987902303937,-0.0001026315240947261
-0.0003590893801352054,-0.9962049810824891,-0.0001026315240947261
-0.0003589593801352054,-0.9975600284008128,-0.0004417007679044436
-0.0003588293801352054,-0.99654374291207,-0.0007807700117141612
-0.0003586993801352054,-0.9975600284008128,-0.001119839255523879
-0.0003585693801352054,-0.9989150757191365,-0.001458908499333596
-0.0003584393801352054,-0.9982375520599747,-0.001119839255523879
-0.0003583093801352054,-0.9985763138895556,-0.001797977743143314
-0.0003581793801352054,-0.9972212665712319,-0.001458908499333596
-0.0003580493801352054,-0.9972212665712319,-0.001119839255523879
-0.0003579193801352054,-0.9989150757191365,-0.0007807700117141612
-0.0003577893801352054,-0.9989150757191365,-0.0004417007679044436
-0.0003576593801352054,-0.9995925993782984,-0.0001026315240947261
-0.0003575293801352054,-0.9995925993782984,-0.0007807700117141612
-0.0003573993801352054,-1.000608884867041,0.0005755069635247092
-0.0003572693801352054,-0.9992538375487174,0.00193178393876358
-0.0003571393801352054,-0.9999313612078793,0.0009145762073344267
-0.0003570093801352054,-1.00027012303746,0.0002364377197149915
-0.0003568793801352054,-1.001625170355784,-0.0001026315240947261
-0.0003567493801352054,-1.001286408526203,-0.0004417007679044436
-0.0003566193801352054,-1.001625170355784,-0.001119839255523879
-0.0003564893801352054,-1.00027012303746,-0.001458908499333596
-0.0003563593801352054,-0.9992538375487174,-0.001458908499333596
-0.0003562293801352054,-0.9992538375487174,-0.0007807700117141612
-0.0003560993801352054,-1.000608884867041,0.001253645451144144
-0.0003559693801352054,-1.000608884867041,0.001253645451144144
-0.0003558393801352054,-1.001625170355784,0.0009145762073344267
-0.0003557093801352054,-1.000608884867041,0.0002364377197149915
-0.0003555793801352054,-1.00027012303746,-0.0007807700117141612
-0.0003554493801352054,-1.000608884867041,-0.0001026315240947261
-0.0003553193801352054,-1.001963932185365,-0.0004417007679044436
-0.0003551893801352054,-1.001286408526203,-0.001119839255523879
-0.0003550593801352054,-1.00027012303746,-0.001797977743143314
-0.0003549293801352054,-0.9999313612078793,-0.001458908499333596
-0.0003547993801352054,-0.9992538375487174,-0.001119839255523879
-0.0003546693801352054,-0.9989150757191365,-0.001119839255523879
-0.0003545393801352054,-0.9989150757191365,-0.0004417007679044436
-0.0003544093801352054,-0.9999313612078793,-0.0004417007679044436
-0.0003542793801352054,-0.9999313612078793,0.0002364377197149915
-0.0003541493801352054,-0.9999313612078793,0.0002364377197149915
-0.0003540193801352054,-1.000947646696622,-0.0007807700117141612
-0.0003538893801352054,-1.000608884867041,-0.0004417007679044436
-0.0003537593801352054,-1.000947646696622,-0.0001026315240947261
-0.0003536293801352054,-1.000947646696622,-0.0007807700117141612
-0.0003534993801352054,-1.001625170355784,-0.001458908499333596
-0.0003533693801352054,-1.001963932185365,-0.001119839255523879
-0.0003532393801352054,-1.000947646696622,0.0002364377197149915
-0.0003531093801352054,-1.000608884867041,-0.0004417007679044436
-0.0003529793801352054,-0.9992538375487174,-0.0007807700117141612
-0.0003528493801352054,-0.9999313612078793,-0.0004417007679044436
-0.0003527193801352054,-1.00027012303746,0.0002364377197149915
-0.0003525893801352054,-1.001286408526203,-0.0001026315240947261
-0.0003524593801352054,-1.000947646696622,-0.0007807700117141612
-0.0003523293801352054,-0.9999313612078793,-0.001119839255523879
-0.0003521993801352054,-1.00027012303746,-0.0007807700117141612
-0.0003520693801352054,-0.9999313612078793,-0.001797977743143314
-0.0003519393801352054,-0.9999313612078793,-0.001458908499333596
-0.0003518093801352054,-1.000608884867041,-0.0004417007679044436
-0.0003516793801352054,-0.9995925993782984,-0.0007807700117141612
-0.0003515493801352054,-1.00027012303746,-0.0007807700117141612
-0.0003514193801352054,-0.9995925993782984,-0.001458908499333596
-0.0003512893801352054,-0.9995925993782984,-0.0004417007679044436
-0.0003511593801352054,-0.9982375520599747,-0.001119839255523879
-0.0003510293801352054,-0.9989150757191365,-0.001797977743143314
-0.0003508993801352054,-0.9972212665712319,-0.001119839255523879
-0.0003507693801352054,-0.9972212665712319,-0.001119839255523879
-0.0003506393801352054,-0.9962049810824891,-0.0007807700117141612
-0.0003505093801352054,-0.996882504741651,-0.0004417007679044436
-0.0003503793801352054,-0.9962049810824891,-0.001119839255523879
-0.0003502493801352054,-0.9948499337641653,-0.001119839255523879
-0.0003501193801352054,-0.9951886955937462,-0.0007807700117141612
-0.0003499893801352054,-0.9958662192529082,-0.0001026315240947261
-0.0003498593801352054,-0.9972212665712319,0.0002364377197149915
-0.0003497293801352054,-0.996882504741651,-0.0001026315240947261
-0.0003495993801352054,-0.9955274574233272,0.0002364377197149915
-0.0003494693801352054,-0.9955274574233272,-0.0001026315240947261
-0.0003493393801352054,-0.9955274574233272,-0.0004417007679044436
-0.0003492093801352054,-0.9955274574233272,-0.0007807700117141612
-0.0003490793801352054,-0.9938336482754225,-0.0007807700117141612
-0.0003489493801352054,-0.9934948864458416,-0.0007807700117141612
-0.0003488193801352054,-0.9928173627866798,0.0002364377197149915
-0.0003486893801352054,-0.9928173627866798,0.0005755069635247092
-0.0003485593801352054,-0.9924786009570988,0.0002364377197149915
-0.0003484293801352054,-0.9928173627866798,0.0002364377197149915
-0.0003482993801352054,-0.9914623154683559,0.0002364377197149915
-0.0003481693801352054,-0.9907847918091941,-0.0007807700117141612
-0.0003480393801352054,-0.9904460299796132,-0.0001026315240947261
-0.0003479093801352054,-0.9884134590021276,-0.0001026315240947261
-0.0003477793801352054,-0.9877359353429657,-0.0001026315240947261
-0.0003476493801352054,-0.9873971735133847,0.0005755069635247092
-0.0003475193801352054,-0.9867196498542229,0.00193178393876358
-0.0003473893801352054,-0.9870584116838038,0.005322476376860756
-0.0003472593801352054,-0.986042126195061,0.003627130157812168
-0.0003471293801352054,-0.986042126195061,0.001592714694953862
-0.0003469993801352054,-0.9870584116838038,0.0002364377197149915
-0.0003468693801352054,-0.9867196498542229,-0.0001026315240947261
-0.0003467393801352054,-0.9853646025358992,-0.0004417007679044436
-0.0003466093801352054,-0.9840095552175754,-0.0001026315240947261
-0.0003464793801352054,-0.9836707933879945,0.0002364377197149915
-0.0003463493801352054,-0.9833320315584135,-0.0007807700117141612
-0.0003462193801352054,-0.9829932697288326,-0.0001026315240947261
-0.0003460893801352054,-0.9829932697288326,-0.0004417007679044436
-0.0003459593801352054,-0.9829932697288326,-0.0001026315240947261
-0.0003458293801352054,-0.9836707933879945,0.0002364377197149915
-0.0003456993801352054,-0.9843483170471564,0.0009145762073344267
-0.0003455693801352054,-0.9823157460696708,0.001253645451144144
-0.0003454393801352054,-0.9809606987513471,-0.0001026315240947261
-0.0003453093801352054,-0.9789281277738614,-0.0001026315240947261
-0.0003451793801352054,-0.9775730804555377,0.0005755069635247092
-0.0003450493801352054,-0.9772343186259568,0.0005755069635247092
-0.0003449193801352054,-0.9762180331372139,-0.001119839255523879
-0.0003447893801352054,-0.9765567949667949,-0.001458908499333596
-0.0003446593801352054,-0.9768955567963759,-0.0007807700117141612
-0.0003445293801352054,-0.9768955567963759,-0.0007807700117141612
-0.0003443993801352054,-0.975540509478052,-0.0007807700117141612
-0.0003442693801352054,-0.9735079385005665,0.0002364377197149915
-0.0003441393801352054,-0.9728304148414046,0.0009145762073344267
-0.0003440093801352054,-0.9724916530118237,-0.0001026315240947261
-0.0003438793801352054,-0.9731691766709856,-0.0004417007679044436
-0.0003437493801352054,-0.9728304148414046,-0.0001026315240947261
-0.0003436193801352054,-0.9718141293526618,-0.0007807700117141612
-0.0003434893801352054,-0.9714753675230808,-0.0004417007679044436
-0.0003433593801352054,-0.9704590820343381,0.0005755069635247092
-0.0003432293801352054,-0.9694427965455953,0.0009145762073344267
-0.0003430993801352054,-0.9684265110568524,-0.0001026315240947261
-0.0003429693801352054,-0.9670714637385287,-0.0004417007679044436
-0.0003428393801352054,-0.9677489873976906,-0.0007807700117141612
-0.0003427093801352054,-0.9677489873976906,-0.001119839255523879
-0.0003425793801352054,-0.9660551782497859,-0.001797977743143314
-0.0003424493801352054,-0.9660551782497859,-0.001458908499333596
-0.0003423193801352054,-0.9643613691018812,-0.0007807700117141612
-0.0003421893801352054,-0.9633450836131384,-0.0007807700117141612
-0.0003420593801352054,-0.9623287981243956,-0.0001026315240947261
-0.0003419293801352054,-0.9613125126356529,0.0009145762073344267
-0.0003417993801352054,-0.9606349889764909,-0.0001026315240947261
-0.0003416693801352054,-0.9592799416581672,-0.0001026315240947261
-0.0003415393801352054,-0.9606349889764909,-0.0001026315240947261
-0.0003414093801352054,-0.9589411798285863,-0.0004417007679044436
-0.0003412793801352054,-0.9575861325102626,-0.0004417007679044436
-0.0003411493801352054,-0.9555535615327769,-0.0004417007679044436
-0.0003410193801352054,-0.9558923233623579,-0.0004417007679044436
-0.0003408893801352054,-0.9558923233623579,-0.001119839255523879
-0.0003407593801352054,-0.9555535615327769,-0.001119839255523879
-0.0003406293801352054,-0.9545372760440342,-0.0001026315240947261
-0.0003404993801352054,-0.9528434668961294,0.0005755069635247092
-0.0003403693801352054,-0.9497946104299011,0.0005755069635247092
-0.0003402393801352054,-0.950133372259482,0.0002364377197149915
-0.0003401093801352054,-0.9514884195778057,-0.0007807700117141612
-0.0003399793801352054,-0.9514884195778057,-0.001797977743143314
-0.0003398493801352054,-0.9474232776228345,-0.0004417007679044436
-0.0003397193801352054,-0.9460682303045108,0.0005755069635247092
-0.0003395893801352054,-0.9457294684749299,0.0005755069635247092
-0.0003394593801352054,-0.9457294684749299,0.001253645451144144
-0.0003393293801352054,-0.9457294684749299,0.002270853182573297
-0.0003391993801352054,-0.9440356593270252,0.001253645451144144
-0.0003390693801352054,-0.9423418501791205,-0.0007807700117141612
-0.0003389393801352054,-0.9416643265199587,-0.003493323962191902
-0.0003388093801352054,-0.9399705173720539,-0.002137046986953032
-0.0003386793801352054,-0.9403092792016349,-0.001119839255523879
-0.0003385493801352054,-0.9389542318833112,-0.0004417007679044436
-0.0003384193801352054,-0.9379379463945684,-0.001119839255523879
-0.0003382893801352054,-0.9352278517579209,-0.001119839255523879
-0.0003381593801352054,-0.934550328098759,-0.001119839255523879
-0.0003380293801352054,-0.9335340426100163,-0.001119839255523879
-0.0003378993801352054,-0.9325177571212734,-0.001119839255523879
-0.0003377693801352054,-0.9315014716325306,-0.001119839255523879
-0.0003376393801352054,-0.9294689006550449,-0.001458908499333596
-0.0003375093801352054,-0.9267588060183976,-0.0007807700117141612
-0.0003373793801352054,-0.9264200441888166,-0.0007807700117141612
-0.0003372493801352054,-0.9264200441888166,-0.0004417007679044436
-0.0003371193801352054,-0.9267588060183976,0.0002364377197149915
-0.0003369893801352054,-0.9267588060183976,0.0009145762073344267
-0.0003368593801352054,-0.9260812823592357,0.0009145762073344267
-0.0003367293801352054,-0.9247262350409119,0.0005755069635247092
-0.0003365993801352054,-0.9237099495521691,0.0002364377197149915
-0.0003364693801352054,-0.9216773785746835,-0.0004417007679044436
-0.0003363393801352054,-0.9203223312563598,0.0002364377197149915
-0.0003362093801352054,-0.9186285221084551,0.001253645451144144
-0.0003360793801352054,-0.9172734747901313,0.001592714694953862
-0.0003359493801352054,-0.9149021419830649,0.001253645451144144
-0.0003358193801352054,-0.9149021419830649,-0.0001026315240947261
-0.0003356893801352054,-0.914224618323903,0.0002364377197149915
-0.0003355593801352054,-0.9132083328351601,0.001592714694953862
-0.0003354293801352054,-0.9108370000280936,0.001592714694953862
-0.0003352993801352054,-0.9094819527097698,0.001592714694953862
-0.0003351693801352054,-0.9094819527097698,0.0009145762073344267
-0.0003350393801352054,-0.9084656672210271,-0.0001026315240947261
-0.0003349093801352054,-0.9071106199027034,0.0002364377197149915
-0.0003347793801352054,-0.9064330962435415,0.0005755069635247092
-0.0003346493801352054,-0.9040617634364749,0.001592714694953862
-0.0003345193801352054,-0.9023679542885703,0.001592714694953862
-0.0003343893801352054,-0.898302812333599,0.0009145762073344267
-0.0003342593801352054,-0.8979640505040181,0.0005755069635247092
-0.0003341293801352054,-0.8976252886744371,-0.0001026315240947261
-0.0003339993801352054,-0.8993190978223419,0.0002364377197149915
-0.0003338693801352054,-0.8979640505040181,-0.0001026315240947261
-0.0003337393801352054,-0.8966090031856944,0.0002364377197149915
-0.0003336093801352054,-0.8955927176969516,0.0005755069635247092
-0.0003334793801352054,-0.8949151940377897,0.0009145762073344267
-0.0003333493801352054,-0.8952539558673707,0.0002364377197149915
-0.0003332193801352054,-0.8911888139123995,0.0005755069635247092
-0.0003330893801352054,-0.8888174811053329,0.0002364377197149915
-0.0003329593801352054,-0.8871236719574283,0.0005755069635247092
-0.0003328293801352054,-0.8864461482982663,0.001592714694953862
-0.0003326993801352054,-0.8854298628095235,0.001253645451144144
-0.0003325693801352054,-0.8844135773207807,0.0005755069635247092
-0.0003324393801352054,-0.8817034826841332,0.0002364377197149915
-0.0003323093801352054,-0.8806871971953905,0.0002364377197149915
-0.0003321793801352054,-0.8817034826841332,0.0005755069635247092
-0.0003320493801352054,-0.8786546262179048,0.001253645451144144
-0.0003319193801352054,-0.8786546262179048,0.0005755069635247092
-0.0003317893801352054,-0.8769608170700002,0.0005755069635247092
-0.0003316593801352054,-0.8762832934108383,0.0005755069635247092
-0.0003315293801352054,-0.872895675115029,-0.0004417007679044436
-0.0003313993801352054,-0.8705243423079624,0.0009145762073344267
-0.0003312693801352054,-0.8712018659671243,0.001592714694953862
-0.0003311393801352054,-0.8695080568192196,0.0009145762073344267
-0.0003310093801352054,-0.867814247671315,-0.0007807700117141612
-0.0003308793801352054,-0.8661204385234103,-0.0007807700117141612
-0.0003307493801352054,-0.8640878675459247,-0.0001026315240947261
-0.0003306193801352054,-0.862055296568439,0.0009145762073344267
-0.0003304893801352054,-0.8617165347388581,-0.001119839255523879
-0.0003303593801352054,-0.8607002492501153,-0.0001026315240947261
-0.0003302293801352054,-0.8593452019317916,0.004305268645431602
-0.0003300993801352054,-0.8579901546134678,0.002948991670192732
-0.0003299693801352054,-0.857312630954306,0.0009145762073344267
-0.0003298393801352054,-0.8542637744880776,-0.0001026315240947261
-0.0003297093801352054,-0.8515536798514302,0.0002364377197149915
-0.0003295793801352054,-0.8488435852147826,0.0002364377197149915
-0.0003294493801352054,-0.8485048233852017,0.0002364377197149915
-0.0003293193801352054,-0.8471497760668779,-0.0001026315240947261
-0.0003291893801352054,-0.8471497760668779,-0.0007807700117141612
-0.0003290593801352054,-0.8461334905781351,-0.0007807700117141612
-0.0003289293801352054,-0.8447784432598114,-0.001119839255523879
-0.0003287993801352054,-0.8427458722823258,-0.0007807700117141612
-0.0003286693801352054,-0.8410520631344212,-0.0004417007679044436
-0.0003285393801352054,-0.8390194921569355,-0.0007807700117141612
-0.0003284093801352054,-0.8373256830090309,-0.0007807700117141612
-0.0003282793801352054,-0.8352931120315452,0.0005755069635247092
-0.0003281493801352055,-0.8335993028836406,-0.0007807700117141612
-0.0003280193801352054,-0.831227970076574,-0.001458908499333596
-0.0003278893801352054,-0.8271628281216028,-0.0004417007679044436
-0.0003277593801352054,-0.8254690189736982,0.0002364377197149915
-0.0003276293801352054,-0.8258077808032791,-0.0004417007679044436
-0.0003274993801352054,-0.8230976861666316,-0.0001026315240947261
-0.0003273693801352054,-0.8230976861666316,0.0002364377197149915
-0.0003272393801352054,-0.8234364479962125,-0.0007807700117141612
-0.0003271093801352054,-0.821403877018727,-0.001119839255523879
-0.0003269793801352054,-0.8197100678708222,-0.001797977743143314
-0.0003268493801352054,-0.8176774968933367,-0.0007807700117141612
-0.0003267193801352054,-0.8173387350637558,-0.0001026315240947261
-0.0003265893801352054,-0.8166612114045939,0.0002364377197149915
-0.0003264593801352054,-0.8146286404271083,-0.0001026315240947261
-0.0003263293801352054,-0.8119185457904607,-0.0001026315240947261
-0.0003261993801352054,-0.8112410221312989,0.0009145762073344267
-0.0003260693801352054,-0.8078534038354895,0.0009145762073344267
-0.0003259393801352055,-0.8064983565171658,-0.0004417007679044436
-0.0003258093801352054,-0.8041270237100993,0.0002364377197149915
-0.0003256793801352054,-0.8024332145621946,-0.0004417007679044436
-0.0003255493801352054,-0.7990455962663853,-0.0001026315240947261
-0.0003254193801352054,-0.7980293107776425,-0.0004417007679044436
-0.0003252893801352054,-0.7959967398001568,-0.001119839255523879
-0.0003251593801352054,-0.7946416924818331,-0.001119839255523879
-0.0003250293801352054,-0.7939641688226713,-0.001119839255523879
-0.0003248993801352055,-0.7915928360156047,-0.0004417007679044436
-0.0003247693801352054,-0.7892215032085382,-0.001119839255523879
-0.0003246393801352054,-0.7878664558902144,-0.0004417007679044436
-0.0003245093801352054,-0.785495123083148,0.0002364377197149915
-0.0003243793801352054,-0.7844788375944051,0.0002364377197149915
-0.0003242493801352054,-0.7817687429577577,0.0005755069635247092
-0.0003241193801352054,-0.7790586483211102,0.0005755069635247092
-0.0003239893801352054,-0.7783811246619483,0.0005755069635247092
-0.0003238593801352054,-0.7780423628323674,0.0005755069635247092
-0.0003237293801352054,-0.7756710300253008,-0.0001026315240947261
-0.0003235993801352054,-0.7736384590478153,-0.0007807700117141612
-0.0003234693801352054,-0.7722834117294914,-0.0007807700117141612
-0.0003233393801352054,-0.7709283644111677,-0.0001026315240947261
-0.0003232093801352054,-0.7695733170928439,0.0005755069635247092
-0.0003230793801352054,-0.7668632224561965,0.0005755069635247092
-0.0003229493801352054,-0.7661856987970347,-0.0004417007679044436
-0.0003228193801352054,-0.7634756041603872,0.0005755069635247092
-0.0003226893801352054,-0.7607655095237397,-0.002137046986953032
-0.0003225593801352054,-0.7583941767166732,-0.002476116230762749
-0.0003224293801352054,-0.7573778912279303,-0.0001026315240947261
-0.0003222993801352054,-0.7553453202504448,-0.0001026315240947261
-0.0003221693801352054,-0.7526352256137973,0.0005755069635247092
-0.0003220393801352054,-0.7519577019546354,0.0002364377197149915
-0.0003219093801352054,-0.7509414164658926,0.0002364377197149915
-0.0003217793801352054,-0.748570083658826,0.0005755069635247092
-0.0003216493801352055,-0.7448437035334358,0.0005755069635247092
-0.0003215193801352054,-0.7445049417038548,0.0005755069635247092
-0.0003213893801352054,-0.7428111325559502,0.001253645451144144
-0.0003212593801352054,-0.7411173234080455,0.0009145762073344267
-0.0003211293801352054,-0.7407785615784646,-0.0001026315240947261
-0.0003209993801352054,-0.7394235142601409,-0.0001026315240947261
-0.0003208693801352054,-0.7370521814530743,-0.0007807700117141612
-0.0003207393801352054,-0.7340033249868458,-0.0004417007679044436
-0.0003206093801352055,-0.7306157066910365,0.0005755069635247092
-0.0003204793801352054,-0.72824437388397,0.001592714694953862
-0.0003203493801352054,-0.7262118029064843,0.00193178393876358
-0.0003202193801352054,-0.722824184610675,0.00193178393876358
-0.0003200893801352054,-0.7211303754627704,0.001592714694953862
-0.0003199593801352054,-0.7190978044852848,0.0002364377197149915
-0.0003198293801352054,-0.717742757166961,-0.001119839255523879
-0.0003196993801352054,-0.7163877098486373,-0.001119839255523879
-0.0003195693801352054,-0.7153714243598945,-0.0007807700117141612
-0.0003194393801352054,-0.7109675205753423,-0.0007807700117141612
-0.0003193093801352054,-0.7089349495978567,-0.0004417007679044436
-0.0003191793801352054,-0.7065636167907902,0.0005755069635247092
-0.0003190493801352054,-0.7038535221541428,0.0002364377197149915
-0.0003189193801352054,-0.7028372366653999,-0.0001026315240947261
-0.0003187893801352054,-0.7001271420287525,-0.0001026315240947261
-0.0003186593801352054,-0.6994496183695905,0.0002364377197149915
-0.0003185293801352054,-0.6991108565400096,-0.0004417007679044436
-0.0003183993801352054,-0.697078285562524,0.0009145762073344267
-0.0003182693801352054,-0.6943681909258765,0.0005755069635247092
-0.0003181393801352054,-0.6909805726300672,0.0002364377197149915
-0.0003180093801352054,-0.6886092398230007,0.001592714694953862
-0.0003178793801352054,-0.6848828596976104,0.00193178393876358
-0.0003177493801352054,-0.6814952414018011,0.002270853182573297
-0.0003176193801352054,-0.6811564795722201,0.001592714694953862
-0.0003174893801352054,-0.6791239085947345,0.00193178393876358
-0.0003173593801352055,-0.6777688612764108,0.002270853182573297
-0.0003172293801352054,-0.6764138139580871,0.0009145762073344267
-0.0003170993801352054,-0.6743812429806014,0.0009145762073344267
-0.0003169693801352054,-0.6747200048101823,0.0005755069635247092
-0.0003168393801352054,-0.6723486720031159,0.001253645451144144
-0.0003167093801352054,-0.6665897209002399,0.0005755069635247092
-0.0003165793801352054,-0.6655734354114972,-0.0004417007679044436
-0.0003164493801352054,-0.6642183880931734,-0.0001026315240947261
-0.0003163193801352054,-0.6635408644340115,0.001253645451144144
-0.0003161893801352054,-0.6598144843086212,0.0005755069635247092
-0.0003160593801352054,-0.6581206751607166,0.0009145762073344267
-0.0003159293801352054,-0.6554105805240691,0.0002364377197149915
-0.0003157993801352054,-0.6530392477170026,-0.0001026315240947261
-0.0003156693801352054,-0.6503291530803551,-0.0004417007679044436
-0.0003155393801352054,-0.6476190584437076,0.0002364377197149915
-0.0003154093801352054,-0.6449089638070601,-0.0001026315240947261
-0.0003152793801352054,-0.6432151546591555,-0.0007807700117141612
-0.0003151493801352054,-0.6421988691704127,0.0002364377197149915
-0.0003150193801352054,-0.6391500127041843,0.0002364377197149915
-0.0003148893801352054,-0.6371174417266986,-0.0001026315240947261
-0.0003147593801352054,-0.6371174417266986,-0.0007807700117141612
-0.0003146293801352054,-0.6344073470900512,-0.0004417007679044436
-0.0003144993801352054,-0.6306809669646609,-0.001119839255523879
-0.0003143693801352054,-0.6289871578167562,-0.001458908499333596
-0.0003142393801352054,-0.6255995395209469,-0.001458908499333596
-0.0003141093801352055,-0.6235669685434613,-0.001119839255523879
-0.0003139793801352054,-0.6211956357363947,-0.0004417007679044436
-0.0003138493801352054,-0.6181467792701664,-0.0001026315240947261
-0.0003137193801352054,-0.6161142082926807,0.0005755069635247092
-0.0003135893801352054,-0.6140816373151952,-0.0001026315240947261
-0.0003134593801352054,-0.6106940190193858,0.0005755069635247092
-0.0003133293801352054,-0.6086614480419001,-0.0001026315240947261
-0.0003131993801352054,-0.6062901152348337,0.0002364377197149915
-0.0003130693801352055,-0.6039187824277671,-0.0001026315240947261
-0.0003129393801352054,-0.6018862114502814,0.0002364377197149915
-0.0003128093801352054,-0.599514878643215,0.0002364377197149915
-0.0003126793801352054,-0.599514878643215,0.0002364377197149915
-0.0003125493801352054,-0.5964660221769865,-0.0001026315240947261
-0.0003124193801352054,-0.593755927540339,-0.0007807700117141612
-0.0003122893801352054,-0.5903683092445297,-0.0004417007679044436
-0.0003121593801352054,-0.5907070710741107,-0.0004417007679044436
-0.0003120293801352054,-0.589013261926206,-0.0004417007679044436
-0.0003118993801352054,-0.5863031672895584,0.0005755069635247092
-0.0003117693801352054,-0.583931834482492,0.0002364377197149915
-0.0003116393801352054,-0.5822380253345872,0.0002364377197149915
-0.0003115093801352054,-0.5791891688683589,0.0002364377197149915
-0.0003113793801352054,-0.5754627887429686,-0.0004417007679044436
-0.0003112493801352054,-0.573091455935902,-0.0001026315240947261
-0.0003111193801352054,-0.5690263139809308,-0.0004417007679044436
-0.0003109893801352054,-0.5666549811738643,0.0002364377197149915
-0.0003108593801352054,-0.5642836483667978,-0.0004417007679044436
-0.0003107293801352054,-0.563267362878055,0.0005755069635247092
-0.0003105993801352054,-0.5622510773893121,0.0009145762073344267
-0.0003104693801352054,-0.5592022209230837,0.0005755069635247092
-0.0003103393801352054,-0.5571696499455981,0.0005755069635247092
-0.0003102093801352054,-0.5547983171385316,0.0005755069635247092
-0.0003100793801352054,-0.5517494606723032,-0.0001026315240947261
-0.0003099493801352054,-0.5493781278652367,-0.0007807700117141612
-0.0003098193801352055,-0.5466680332285891,-0.001119839255523879
-0.0003096893801352054,-0.5446354622511036,-0.0001026315240947261
-0.0003095593801352054,-0.5426028912736179,0.0002364377197149915
-0.0003094293801352054,-0.5398927966369705,-0.0007807700117141612
-0.0003092993801352054,-0.5388765111482277,0.0005755069635247092
-0.0003091693801352054,-0.5351501310228374,0.001253645451144144
-0.0003090393801352054,-0.5334563218749327,0.001253645451144144
-0.0003089093801352054,-0.531762512727028,0.0005755069635247092
-0.0003087793801352055,-0.5283748944312188,0.0009145762073344267
-0.0003086493801352054,-0.5236322288170856,0.0005755069635247092
-0.0003085193801352054,-0.5222771814987619,0.0002364377197149915
-0.0003083893801352054,-0.5212608960100191,0.0002364377197149915
-0.0003082593801352054,-0.5171957540550479,0.001253645451144144
-0.0003081293801352054,-0.516179468566305,0.00328806091400245
-0.0003079993801352054,-0.5138081357592386,0.003627130157812168
-0.0003078693801352054,-0.5138081357592386,0.0005755069635247092
-0.0003077393801352054,-0.5104205174634292,-0.0001026315240947261
-0.0003076093801352054,-0.5073716609972008,-0.0001026315240947261
-0.0003074793801352054,-0.5043228045309723,0.001253645451144144
-0.0003073493801352054,-0.5009351862351631,0.0009145762073344267
-0.0003072193801352054,-0.4975475679393536,0.0009145762073344267
-0.0003070893801352054,-0.4948374733027062,0.0009145762073344267
-0.0003069593801352054,-0.4928049023252206,0.0009145762073344267
-0.0003068293801352054,-0.4887397603702494,-0.0004417007679044436
-0.0003066993801352054,-0.4860296657336018,-0.0007807700117141612
-0.0003065693801352054,-0.4836583329265353,-0.0004417007679044436
-0.0003064393801352054,-0.4809482382898879,0.0002364377197149915
-0.0003063093801352054,-0.4785769054828213,0.0009145762073344267
-0.0003061793801352054,-0.4755280490165929,-0.0004417007679044436
-0.0003060493801352054,-0.4728179543799454,0.0009145762073344267
-0.0003059193801352054,-0.4711241452320408,0.0005755069635247092
-0.0003057893801352054,-0.4694303360841361,0.0002364377197149915
-0.0003056593801352054,-0.4663814796179077,0.001253645451144144
-0.0003055293801352055,-0.4643489086404221,-0.0001026315240947261
-0.0003053993801352054,-0.4623163376629364,-0.0004417007679044436
-0.0003052693801352054,-0.4589287193671271,-0.0004417007679044436
-0.0003051393801352054,-0.4565573865600606,-0.0007807700117141612
-0.0003050093801352054,-0.454524815582575,-0.001119839255523879
-0.0003048793801352054,-0.4511371972867657,-0.0007807700117141612
-0.0003047493801352054,-0.4470720553317944,-0.0004417007679044436
-0.0003046193801352054,-0.4443619606951469,-0.0007807700117141612
-0.0003044893801352054,-0.4426681515472423,-0.001119839255523879
-0.0003043593801352054,-0.4416518660584995,0.0002364377197149915
-0.0003042293801352054,-0.438941771421852,0.001592714694953862
-0.0003040993801352054,-0.4379254859331092,0.001592714694953862
-0.0003039693801352054,-0.4331828203189761,0.0005755069635247092
-0.0003038393801352054,-0.4304727256823286,-0.0001026315240947261
-0.0003037093801352054,-0.4281013928752621,0.0009145762073344267
-0.0003035793801352054,-0.4267463455569384,0.0002364377197149915
-0.0003034493801352054,-0.4243750127498718,-0.0001026315240947261
-0.0003033193801352054,-0.4216649181132243,0.0002364377197149915
-0.0003031893801352054,-0.4189548234765769,0.0002364377197149915
-0.0003030593801352054,-0.4162447288399294,-0.0001026315240947261
-0.0003029293801352054,-0.413195872373701,0.0002364377197149915
-0.0003027993801352054,-0.4118408250553772,0.0005755069635247092
-0.0003026693801352054,-0.4091307304187298,-0.0004417007679044436
-0.0003025393801352054,-0.4054043502933395,-0.0001026315240947261
-0.0003024093801352054,-0.402694255656692,0.0002364377197149915
-0.0003022793801352055,-0.4003229228496255,0.0002364377197149915
-0.0003021493801352054,-0.3979515900425589,0.0002364377197149915
-0.0003020193801352054,-0.3949027335763305,-0.0004417007679044436
-0.0003018893801352054,-0.3928701625988449,0.001592714694953862
-0.0003017593801352054,-0.3904988297917784,0.001592714694953862
-0.0003016293801352054,-0.3881274969847118,0.001592714694953862
-0.0003014993801352054,-0.3857561641776453,0.0005755069635247092
-0.0003013693801352054,-0.3823685458818359,-0.0004417007679044436
-0.0003012393801352055,-0.3799972130747694,-0.0004417007679044436
-0.0003011093801352054,-0.3762708329493791,0.0002364377197149915
-0.0003009793801352054,-0.3735607383127317,0.0009145762073344267
-0.0003008493801352054,-0.3711894055056651,0.001253645451144144
-0.0003007193801352054,-0.3688180726985986,0.001253645451144144
-0.0003005893801352054,-0.3650916925732083,0.0009145762073344267
-0.0003004593801352054,-0.361365312447818,-0.0001026315240947261
-0.0003003293801352054,-0.3600102651294943,-0.0001026315240947261
-0.0003001993801352054,-0.356283885004104,0.0005755069635247092
-0.0003000693801352054,-0.3539125521970375,0.0002364377197149915
-0.0002999393801352054,-0.3528962667082947,0.0002364377197149915
-0.0002998093801352054,-0.3501861720716472,-0.0007807700117141612
-0.0002996793801352054,-0.3471373156054188,-0.003493323962191902
-0.0002995493801352054,-0.3444272209687713,-0.001458908499333596
-0.0002994193801352054,-0.3420558881617048,0.0009145762073344267
-0.0002992893801352054,-0.3379907462067335,0.002270853182573297
-0.0002991593801352054,-0.3346031279109242,0.001253645451144144
-0.0002990293801352054,-0.3322317951038577,0.0005755069635247092
-0.0002988993801352054,-0.330537985955953,0.001592714694953862
-0.0002987693801352054,-0.3285054149784674,0.0005755069635247092
-0.0002986393801352054,-0.3247790348530771,-0.0001026315240947261
-0.0002985093801352054,-0.3220689402164296,-0.0001026315240947261
-0.0002983793801352054,-0.3196976074093631,0.0002364377197149915
-0.0002982493801352054,-0.3159712272839728,-0.0001026315240947261
-0.0002981193801352054,-0.3132611326473254,-0.001119839255523879
-0.0002979893801352055,-0.3112285616698398,-0.001119839255523879
-0.0002978593801352054,-0.3075021815444495,-0.0004417007679044436
-0.0002977293801352054,-0.3054696105669639,0.0005755069635247092
-0.0002975993801352054,-0.3030982777598973,0.0002364377197149915
-0.0002974693801352054,-0.3014044686119927,-0.0001026315240947261
-0.0002973393801352054,-0.2976780884866024,0.0002364377197149915
-0.0002972093801352054,-0.2946292320203739,-0.0001026315240947261
-0.0002970793801352054,-0.2922578992133074,0.0005755069635247092
-0.0002969493801352055,-0.2919191373837265,0.001253645451144144
-0.0002968193801352054,-0.289209042747079,0.001592714694953862
-0.0002966893801352054,-0.2851439007921078,0.001253645451144144
-0.0002965593801352054,-0.2827725679850412,0.0009145762073344267
-0.0002964293801352054,-0.27870742603007,0.001592714694953862
-0.0002962993801352054,-0.2749810459046798,0.00193178393876358
-0.0002961693801352054,-0.2719321894384514,0.002270853182573297
-0.0002960393801352054,-0.2695608566313848,0.002270853182573297
-0.0002959093801352054,-0.2651569528468327,0.001592714694953862
-0.0002957793801352054,-0.2624468582101852,0.0005755069635247092
-0.0002956493801352054,-0.2604142872326996,0.0002364377197149915
-0.0002955193801352054,-0.2587204780847949,0.0002364377197149915
-0.0002953893801352054,-0.2560103834481474,-0.0001026315240947261
-0.0002952593801352054,-0.2533002888115,0.001253645451144144
-0.0002951293801352054,-0.2505901941748525,0.002270853182573297
-0.0002949993801352054,-0.2475413377086241,0.002270853182573297
-0.0002948693801352054,-0.2448312430719766,0.001592714694953862
-0.0002947393801352054,-0.2407661011170054,0.0005755069635247092
-0.0002946093801352054,-0.2367009591620342,0.0009145762073344267
-0.0002944793801352054,-0.2339908645253867,0.001253645451144144
-0.0002943493801352054,-0.2312807698887392,0.0009145762073344267
-0.0002942193801352054,-0.2302644843999964,0.0005755069635247092
-0.0002940893801352054,-0.2265381042746062,-0.0001026315240947261
-0.0002939593801352054,-0.2241667714675396,-0.0004417007679044436
-0.0002938293801352054,-0.2231504859787968,-0.0007807700117141612
-0.0002936993801352055,-0.2204403913421493,-0.0004417007679044436
-0.0002935693801352054,-0.216714011216759,-0.0004417007679044436
-0.0002934393801352054,-0.2126488692617878,0.0002364377197149915
-0.0002933093801352054,-0.2109550601138832,0.0002364377197149915
-0.0002931793801352054,-0.2082449654772357,0.0005755069635247092
-0.0002930493801352054,-0.2055348708405882,0.0005755069635247092
-0.0002929193801352054,-0.2024860143743598,0.001253645451144144
-0.0002927893801352054,-0.1994371579081314,0.0009145762073344267
-0.0002926593801352054,-0.1957107777827411,0.0002364377197149915
-0.0002925293801352054,-0.1936782068052555,-0.0001026315240947261
-0.0002923993801352054,-0.191306873998189,0.001592714694953862
-0.0002922693801352054,-0.1885967793615415,0.00193178393876358
-0.0002921393801352054,-0.1855479228953131,0.001253645451144144
-0.0002920093801352054,-0.1821603045995037,0.0009145762073344267
-0.0002918793801352054,-0.1797889717924372,0.0002364377197149915
-0.0002917493801352054,-0.175723829837466,0.0005755069635247092
-0.0002916193801352054,-0.1726749733712376,0.0002364377197149915
-0.0002914893801352054,-0.1709811642233329,-0.0001026315240947261
-0.0002913593801352054,-0.1682710695866854,0.0002364377197149915
-0.0002912293801352054,-0.1648834512908761,0.002270853182573297
-0.0002910993801352054,-0.1631896421429714,0.005661545620670473
-0.0002909693801352054,-0.160479547506324,0.003627130157812168
-0.0002908393801352054,-0.1564144055513527,0.001592714694953862
-0.0002907093801352054,-0.1537043109147053,-0.0001026315240947261
-0.0002905793801352054,-0.1506554544484769,-0.0007807700117141612
-0.0002904493801352055,-0.1489616453005722,-0.0007807700117141612
-0.0002903193801352054,-0.1459127888343438,-0.0007807700117141612
-0.0002901893801352054,-0.1435414560272772,-0.0001026315240947261
-0.0002900593801352054,-0.1387987904131442,-0.0001026315240947261
-0.0002899293801352054,-0.1350724102877539,-0.0001026315240947261
-0.0002897993801352054,-0.1316847919919445,0.0005755069635247092
-0.0002896693801352054,-0.129313459184878,-0.0001026315240947261
-0.0002895393801352054,-0.1276196500369733,-0.0004417007679044436
-0.0002894093801352055,-0.1249095554003258,-0.0007807700117141612
-0.0002892793801352054,-0.1228769844228402,-0.0004417007679044436
-0.0002891493801352054,-0.1205056516157737,0.0002364377197149915
-0.0002890193801352054,-0.1177955569791262,-0.0004417007679044436
-0.0002888893801352054,-0.1147467005128978,-0.0001026315240947261
-0.0002887593801352054,-0.1130528913649931,0.0002364377197149915
-0.0002886293801352054,-0.1100040348987647,0.0009145762073344267
-0.0002884993801352054,-0.1066164166029554,0.001253645451144144
-0.0002883693801352054,-0.1025512746479842,0.0009145762073344267
-0.0002882393801352054,-0.0988248945225939,0.0005755069635247092
-0.0002881093801352054,-0.09543727622678455,0.0002364377197149915
-0.0002879793801352054,-0.09306594341971801,-0.0004417007679044436
-0.0002878493801352054,-0.09069461061265147,-0.0004417007679044436
-0.0002877193801352054,-0.08764575414642306,-0.0004417007679044436
-0.0002875893801352054,-0.08629070682809932,-0.0004417007679044436
-0.0002874593801352054,-0.08154804121396625,0.0002364377197149915
-0.0002873293801352054,-0.07917670840689971,0.0009145762073344267
-0.0002871993801352054,-0.07748289925899503,0.001253645451144144
-0.0002870693801352054,-0.07443404279276662,0.001253645451144144
-0.0002869393801352054,-0.07138518632653822,0.0002364377197149915
-0.0002868093801352054,-0.06867509168989074,-0.001119839255523879
-0.0002866793801352054,-0.06596499705324327,-0.0004417007679044436
-0.0002865493801352054,-0.06291614058701485,0.0002364377197149915
-0.0002864193801352054,-0.06054480777994832,-0.0001026315240947261
-0.0002862893801352054,-0.05580214216581524,0.0009145762073344267
-0.0002861593801352055,-0.05410833301791056,0.0009145762073344267
-0.0002860293801352054,-0.05139823838126309,0.0002364377197149915
-0.0002858993801352054,-0.04902690557419655,-0.0007807700117141612
-0.0002857693801352054,-0.04597804910796814,-0.0001026315240947261
-0.0002856393801352054,-0.04292919264173974,-0.0001026315240947261
-0.0002855093801352054,-0.03988033617551132,-0.0001026315240947261
-0.0002853793801352054,-0.03649271787970197,0.0005755069635247092
-0.0002852493801352054,-0.0327663377543117,-0.0004417007679044436
-0.0002851193801352055,-0.02903995762892142,-0.0004417007679044436
-0.0002849893801352054,-0.02666862482185488,0.0002364377197149915
-0.0002848593801352054,-0.02429729201478834,0.0002364377197149915
-0.0002847293801352054,-0.02057091188939806,0.001592714694953862
-0.0002845993801352054,-0.01819957908233152,0.0009145762073344267
-0.0002844693801352054,-0.01413443712736031,0.0002364377197149915
-0.0002843393801352054,-0.01040805700197003,0.0005755069635247092
-0.0002842093801352054,-0.00871424785406536,-0.0007807700117141612
-0.0002840793801352054,-0.007359200535741622,-0.001119839255523879
-0.0002839493801352054,-0.005326629558256015,-0.0004417007679044436
-0.0002838193801352054,-0.001939011262446672,0.0002364377197149915
-0.0002836893801352054,-0.000245202114542,0.0002364377197149915
-0.0002835593801352054,0.004836225329172016,-0.001458908499333596
-0.0002834293801352054,0.006868796306657621,-0.003493323962191902
-0.0002832993801352054,0.009240129113724162,-0.0001026315240947261
-0.0002831693801352054,0.01228898557995257,0.0009145762073344267
-0.0002830393801352054,0.01398279472785724,0.001592714694953862
-0.0002829093801352054,0.01737041302366659,0.001592714694953862
-0.0002827793801352054,0.01906422217157126,0.001253645451144144
-0.0002826493801352054,0.02211307863779967,0.001253645451144144
-0.0002825193801352054,0.02719450608151368,0.0005755069635247092
-0.0002823893801352054,0.03159840986606582,0.0009145762073344267
-0.0002822593801352054,0.03363098084355144,0.001592714694953862
-0.0002821293801352054,0.03667983730977985,0.001592714694953862
-0.0002819993801352054,0.04006745560558919,-0.0001026315240947261
-0.0002818693801352055,0.04277755024223666,-0.0001026315240947261
-0.0002817393801352054,0.04650393036762694,-0.0001026315240947261
-0.0002816093801352054,0.04785897768595068,0.0005755069635247092
-0.0002814793801352054,0.05124659598176003,0.001592714694953862
-0.0002813493801352054,0.05531173793673123,0.001253645451144144
-0.0002812193801352054,0.05768307074379778,0.001592714694953862
-0.0002810893801352054,0.06073192721002618,0.0009145762073344267
-0.0002809593801352054,0.0627644981875118,0.0009145762073344267
-0.0002808293801352054,0.06445830733541646,0.001253645451144144
-0.0002806993801352054,0.06750716380164487,0.001253645451144144
-0.0002805693801352054,0.06920097294954955,0.0005755069635247092
-0.0002804393801352054,0.07258859124535889,0.0005755069635247092
-0.0002803093801352054,0.0766537332003301,0.0002364377197149915
-0.0002801793801352054,0.07970258966655851,0.0002364377197149915
-0.0002800493801352054,0.08139639881446319,0.0005755069635247092
-0.0002799193801352054,0.08478401711027253,0.0009145762073344267
-0.0002797893801352054,0.0885103972356628,0.0009145762073344267
-0.0002796593801352054,0.09189801553147214,0.0009145762073344267
-0.0002795293801352054,0.09494687199770056,0.0005755069635247092
-0.0002793993801352054,0.09765696663434803,0.0002364377197149915
-0.0002792693801352054,0.1003670612709955,0.0005755069635247092
-0.0002791393801352054,0.1027383940780621,0.0002364377197149915
-0.0002790093801352054,0.1057872505442905,0.001592714694953862
-0.0002788793801352054,0.1088361070105189,0.0009145762073344267
-0.0002787493801352054,0.1108686779880045,0.001253645451144144
-0.0002786193801352054,0.113240010795071,0.00193178393876358
-0.0002784893801352054,0.1179826764092041,0.00193178393876358
-0.0002783593801352054,0.1189989618979469,0.00193178393876358
-0.0002782293801352054,0.1217090565345944,0.001592714694953862
-0.0002780993801352054,0.1244191511712418,0.001592714694953862
-0.0002779693801352054,0.1291618167853749,0.001253645451144144
-0.0002778393801352054,0.1301781022741177,0.0002364377197149915
-0.0002777093801352054,0.1315331495924415,0.0005755069635247092
-0.0002775793801352055,0.1359370533769936,0.001253645451144144
-0.0002774493801352054,0.1372921006953174,0.002270853182573297
-0.0002773193801352054,0.1406797189911267,0.002609922426383015
-0.0002771893801352054,0.1447448609460979,0.00193178393876358
-0.0002770593801352054,0.1474549555827454,0.002270853182573297
-0.0002769293801352054,0.1508425738785547,0.001253645451144144
-0.0002767993801352054,0.1535526685152022,0.001592714694953862
-0.0002766693801352054,0.1576178104701734,0.0009145762073344267
-0.0002765393801352054,0.15998914327724,0.001253645451144144
-0.0002764093801352054,0.1606666669364018,0.001253645451144144
-0.0002762793801352054,0.1630379997434684,0.0002364377197149915
-0.0002761493801352054,0.1657480943801158,0.0002364377197149915
-0.0002760193801352054,0.1684581890167633,0.0009145762073344267
-0.0002758893801352054,0.1704907599942489,0.0009145762073344267
-0.0002757593801352054,0.175233425608382,0.0009145762073344267
-0.0002756293801352054,0.1792985675633532,0.0009145762073344267
-0.0002754993801352054,0.1806536148816769,0.0005755069635247092
-0.0002753693801352054,0.1830249476887435,0.0005755069635247092
-0.0002752393801352054,0.1847187568366482,0.0002364377197149915
-0.0002751093801352054,0.190477707939524,0.001253645451144144
-0.0002749793801352054,0.1938653262353334,0.0009145762073344267
-0.0002748493801352054,0.1955591353832381,-0.0004417007679044436
-0.0002747193801352054,0.1965754208719809,0.0009145762073344267
-0.0002745893801352054,0.1989467536790474,0.001592714694953862
-0.0002744593801352054,0.2043669429523424,0.002270853182573297
-0.0002743293801352055,0.2074157994185708,0.002270853182573297
-0.0002741993801352054,0.2097871322256373,0.002948991670192732
-0.0002740693801352054,0.2128359886918657,0.002948991670192732
-0.0002739393801352054,0.2162236069876751,0.002270853182573297
-0.0002738093801352054,0.2196112252834844,0.00193178393876358
-0.0002736793801352054,0.22164379626097,0.002270853182573297
-0.0002735493801352054,0.2250314145567794,0.00328806091400245
-0.0002734193801352054,0.2277415091934268,0.002609922426383015
-0.0002732893801352055,0.231806651148398,0.002948991670192732
-0.0002731593801352054,0.2338392221258837,0.00193178393876358
-0.0002730293801352054,0.237226840421693,0.002609922426383015
-0.0002728993801352054,0.2389206495695977,0.00328806091400245
-0.0002727693801352054,0.2419695060358261,0.003627130157812168
-0.0002726393801352054,0.2443408388428926,0.003627130157812168
-0.0002725093801352054,0.2470509334795401,0.004305268645431602
-0.0002723793801352054,0.2504385517753494,0.005322476376860756
-0.0002722493801352054,0.2534874082415778,0.005661545620670473
-0.0002721193801352054,0.2555199792190634,0.005661545620670473
-0.0002719893801352054,0.2582300738557109,0.00600061486448019
-0.0002718593801352054,0.2612789303219393,0.005322476376860756
-0.0002717293801352054,0.2636502631290059,0.00464433788924132
-0.0002715993801352054,0.2670378814248152,0.00464433788924132
-0.0002714693801352054,0.2700867378910436,0.00464433788924132
-0.0002713393801352054,0.2724580706981102,0.005661545620670473
-0.0002712093801352054,0.2751681653347576,0.005661545620670473
-0.0002710793801352054,0.2788945454601479,0.007017822595909344
-0.0002709493801352054,0.2805883546080526,0.006678753352099625
-0.0002708193801352054,0.2816046400967954,0.007695961083528779
-0.0002706893801352054,0.283637211074281,0.008374099571148213
-0.0002705593801352054,0.2877023530292522,0.007695961083528779
-0.0002704293801352054,0.2904124476658997,0.007356891839719061
-0.0002702993801352054,0.2934613041321281,0.008374099571148213
-0.0002701693801352054,0.2982039697462612,0.009052238058767649
-0.0002700393801352055,0.2998977788941659,0.0100694457901968
-0.0002699093801352054,0.3012528262124896,0.0100694457901968
-0.0002697793801352054,0.3029466353603942,0.01074758427781624
-0.0002696493801352054,0.3063342536562036,0.01176479200924539
-0.0002695193801352054,0.3100606337815939,0.01210386125305511
-0.0002693893801352054,0.3137870139069842,0.0137992074721037
-0.0002692593801352054,0.3158195848844698,0.01549455369115228
-0.0002691293801352054,0.3185296795211172,0.01820710764163002
-0.0002689993801352054,0.3212397741577647,0.015833622934962
-0.0002688693801352054,0.3236111069648313,0.01481641520353285
-0.0002687393801352054,0.3246273924535741,0.0137992074721037
-0.0002686093801352054,0.3276762489198025,0.01515548444734257
-0.0002684793801352054,0.3317413908747737,0.015833622934962
-0.0002683493801352054,0.3344514855114212,0.01685083066639115
-0.0002682193801352054,0.3378391038072305,0.01786803839782031
-0.0002680893801352054,0.3402104366142971,0.01888524612924946
-0.0002679593801352054,0.3425817694213636,0.01922431537305918
-0.0002678293801352054,0.345630625887592,0.02024152310448833
-0.0002676993801352054,0.3490182441834013,0.02058059234829805
-0.0002675693801352054,0.3503732915017251,0.02193686932353692
-0.0002674393801352054,0.3524058624792107,0.02227593856734663
-0.0002673093801352054,0.3578260517525056,0.02363221554258551
-0.0002671793801352054,0.3615524318778959,0.02498849251782437
-0.0002670493801352054,0.3639237646849625,0.02600570024925353
-0.0002669193801352054,0.3659563356624481,0.02634476949306325
-0.0002667893801352054,0.3673113829807718,0.0273619772244924
-0.0002666593801352054,0.3686664302990955,0.02837918495592155
-0.0002665293801352054,0.3720540485949049,0.02871825419973127
-0.0002663993801352054,0.3747641432315523,0.02973546193116042
-0.0002662693801352054,0.3774742378681998,0.03075266966258957
-0.0002661393801352054,0.3795068088456854,0.03210894663782844
-0.0002660093801352054,0.3822169034823329,0.0331261543692576
-0.0002658793801352054,0.386620807266885,0.03516056983211591
-0.0002657493801352055,0.3906859492218562,0.03617777756354505
-0.0002656193801352054,0.3937348056880847,0.03753405453878393
-0.0002654893801352054,0.3961061384951512,0.03956847000164224
-0.0002653593801352054,0.397122423983894,0.04024660848926166
-0.0002652293801352054,0.3984774713022177,0.03956847000164224
-0.0002650993801352054,0.4005100422797033,0.04160288546450054
-0.0002649693801352054,0.4035588987459318,0.04329823168354913
-0.0002648393801352054,0.4066077552121602,0.04397637017116857
-0.0002647093801352054,0.4099953735079695,0.04465450865878799
-0.0002645793801352054,0.4099953735079695,0.04634985487783658
-0.0002644493801352054,0.4143992772925217,0.0483842703406949
-0.0002643193801352054,0.418125657417912,0.0487233395845046
-0.0002641893801352054,0.4208357520545594,0.0504186858035532
-0.0002640593801352054,0.4238846085207878,0.05211403202260179
-0.0002639293801352054,0.4272722268165972,0.05347030899784065
-0.0002637993801352054,0.4286272741349209,0.05414844748546009
-0.0002636693801352054,0.4316761306011493,0.05550472446069896
-0.0002635393801352054,0.433031177919473,0.05686100143593784
-0.0002634093801352054,0.4364187962152824,0.0582172784111767
-0.0002632793801352054,0.4394676526815108,0.05991262463022529
-0.0002631493801352054,0.4408226999998345,0.06228610933689331
-0.0002630193801352054,0.443532794636482,0.06296424782451274
-0.0002628893801352054,0.4472591747618723,0.0639814555559419
-0.0002627593801352054,0.4496305075689389,0.06567680177499048
-0.0002626293801352054,0.4526793640351672,0.06771121723784879
-0.0002624993801352055,0.4560669823309766,0.07008470194451681
-0.0002623693801352054,0.4584383151380431,0.07076284043213625
-0.0002622393801352054,0.4611484097746906,0.07347539438261398
-0.0002621093801352054,0.4631809807521762,0.07483167135785286
-0.0002619793801352054,0.4658910753888237,0.07652701757690145
-0.0002618493801352054,0.4679236463663093,0.07856143303975975
-0.0002617193801352054,0.4679236463663093,0.07957864077118891
-0.0002615893801352054,0.4702949791733758,0.08025677925880834
-0.0002614593801352055,0.4730050738100233,0.08229119472166664
-0.0002613293801352054,0.4757151684466708,0.08364747169690552
-0.0002611993801352054,0.4791027867424801,0.08466467942833467
-0.0002610693801352054,0.4807965958903848,0.08636002564738325
-0.0002609393801352054,0.4824904050382895,0.08805537186643185
-0.0002608093801352054,0.4865555469932607,0.08805537186643185
-0.0002606793801352054,0.48994316528907,0.08805537186643185
-0.0002605493801352054,0.490281927118651,0.09246327203595817
-0.0002604193801352054,0.4916369744369747,0.09381954901119705
-0.0002602893801352054,0.4936695454144603,0.09585396447405535
-0.0002601593801352054,0.4970571637102696,0.09788837993691366
-0.0002600293801352054,0.4997672583469171,0.09958372615596224
-0.0002598993801352054,0.5021385911539836,0.10229628010644
-0.0002597693801352054,0.5045099239610501,0.1036525570816789
-0.0002596393801352054,0.5082363040864404,0.1053479033007274
-0.0002595093801352054,0.510607636893507,0.1060260417883469
-0.0002593793801352054,0.5143340170188972,0.1077213880073955
-0.0002592493801352054,0.5167053498259638,0.1097558034702538
-0.0002591193801352054,0.5187379208034494,0.1117902189331121
-0.0002589893801352054,0.5204317299513541,0.1121292881769218
-0.0002588593801352054,0.5231418245880015,0.1145027728835898
-0.0002587293801352054,0.5265294428838109,0.1168762575902578
-0.0002585993801352054,0.5275457283725536,0.1182325345654967
-0.0002584693801352054,0.5299170611796202,0.120266950028355
-0.0002583393801352054,0.5319496321571058,0.1216232270035939
-0.0002582093801352055,0.5339822031345914,0.1239967117102619
-0.0002580793801352054,0.5366922977712389,0.1256920579293105
-0.0002579493801352054,0.5410962015557911,0.1277264733921688
-0.0002578193801352054,0.5444838198516004,0.1280655426359785
-0.0002576893801352054,0.5471939144882478,0.1297608888550271
-0.0002575593801352054,0.5475326763178288,0.1314562350740757
-0.0002574293801352054,0.5502427709544763,0.1338297197807437
-0.0002572993801352054,0.5529528655911238,0.1355250659997923
-0.0002571693801352054,0.5543079129094475,0.1368813429750312
-0.0002570393801352054,0.557018007546095,0.1402720354131284
-0.0002569093801352054,0.5593893403531615,0.1423064508759866
-0.0002567793801352054,0.5624381968193899,0.144340866338845
-0.0002566493801352054,0.5661645769447802,0.1477315587769421
-0.0002565193801352054,0.5692134334110086,0.1504441127274199
-0.0002563893801352054,0.5705684807293323,0.1497659742398005
-0.0002562593801352054,0.572601051706818,0.149087835752181
-0.0002561293801352054,0.5736173371955607,0.1518003897026587
-0.0002559993801352054,0.5753111463434655,0.1531566666778976
-0.0002558693801352054,0.5797150501280176,0.1545129436531365
-0.0002557393801352054,0.5817476211055032,0.1579036360912337
-0.0002556093801352054,0.583102668423827,0.1592599130664725
-0.0002554793801352054,0.5868290485492172,0.1619724670169503
-0.0002553493801352054,0.5892003813562837,0.1633287439921891
-0.0002552193801352054,0.592926761481674,0.164685020967428
-0.0002550893801352054,0.5942818087999977,0.1670585056740961
-0.0002549593801352054,0.5956368561183215,0.1690929211369543
-0.0002548293801352054,0.5969919034366452,0.1707882673560029
-0.0002546993801352054,0.6000407599028736,0.173161752062671
-0.0002545693801352054,0.6051221873465876,0.1772305829883876
-0.0002544393801352054,0.6071547583240733,0.1799431369388653
-0.0002543093801352054,0.6081710438128161,0.1809603446702945
-0.0002541793801352054,0.608509805642397,0.1809603446702945
-0.0002540493801352054,0.6125749475973682,0.1823166216455333
-0.0002539193801352055,0.6146075185748539,0.1843510371083917
-0.0002537893801352054,0.6163013277227585,0.1853682448398208
-0.0002536593801352054,0.6183338987002441,0.1867245218150597
-0.0002535293801352054,0.6200277078481488,0.1877417295464888
-0.0002533993801352054,0.6230765643143772,0.1897761450093471
-0.0002532693801352054,0.6268029444397675,0.1928277682036346
-0.0002531393801352054,0.6284967535876721,0.1948621836664929
-0.0002530093801352054,0.6284967535876721,0.195879391397922
-0.0002528793801352054,0.6308680863947387,0.1979138068607803
-0.0002527493801352054,0.634255704690548,0.2006263608112581
-0.0002526193801352054,0.6369657993271954,0.2023217070303067
-0.0002524893801352054,0.6386596084751002,0.2036779840055455
-0.0002523593801352054,0.6410309412821666,0.2046951917369747
-0.0002522293801352054,0.6440797977483951,0.2084249534188816
-0.0002520993801352054,0.6454348450667189,0.2118156458569788
-0.0002519693801352054,0.6474674160442044,0.211476576613169
-0.0002518393801352054,0.6522100816583375,0.2141891305636468
-0.0002517093801352054,0.6525488434879184,0.2155454075388857
-0.0002515793801352054,0.6535651289766613,0.2158844767826954
-0.0002514493801352054,0.6579690327612134,0.2179188922455537
-0.0002513193801352054,0.6596628419091181,0.2209705154398411
-0.0002511893801352054,0.6610178892274419,0.2230049309026994
-0.0002510593801352054,0.6627116983753465,0.2236830693903189
-0.0002509293801352054,0.6637279838640893,0.2243612078779383
-0.0002507993801352054,0.665421793011994,0.2267346925846064
-0.0002506693801352055,0.6671156021598986,0.2287691080474646
-0.0002505393801352054,0.6694869349669652,0.2304644542665132
-0.0002504093801352054,0.6732133150923555,0.2321598004855618
-0.0002502793801352054,0.6759234097290029,0.233177008216991
-0.0002501493801352054,0.6772784570473267,0.2345332851922299
-0.0002500193801352054,0.6786335043656504,0.2369067698988979
-0.0002498893801352054,0.6816823608318788,0.2389411853617562
-0.0002497593801352054,0.6830374081502025,0.2399583930931853
-0.0002496293801352054,0.6864250264460119,0.2426709470436631
-0.0002494993801352054,0.6887963592530785,0.2450444317503311
-0.0002493693801352054,0.690828930230564,0.24640070872557
-0.0002492393801352054,0.6918452157193068,0.2484351241884283
-0.0002491093801352054,0.6935390248672115,0.2504695396512865
-0.0002489793801352054,0.6952328340151162,0.2521648858703351
-0.0002488493801352054,0.6976041668221827,0.2531820936017643
-0.0002487193801352054,0.7006530232884112,0.2555555783084323
-0.0002485893801352054,0.7030243560954776,0.2579290630151004
-0.0002484593801352054,0.7060732125617061,0.2596244092341489
-0.0002483293801352054,0.7084445453687727,0.2616588246970072
-0.0002481993801352054,0.7091220690279345,0.2633541709160558
-0.0002480693801352054,0.7094608308575154,0.2633541709160558
-0.0002479393801352054,0.7108158781758391,0.2636932401598656
-0.0002478093801352054,0.7138647346420676,0.2657276556227239
-0.0002476793801352054,0.7152197819603913,0.2687792788170113
-0.0002475493801352054,0.7162360674491342,0.269118348060821
-0.0002474193801352054,0.7189461620857815,0.2704746250360599
-0.0002472893801352054,0.7216562567224291,0.2738653174741571
-0.0002471593801352054,0.7230113040407528,0.2758997329370154
-0.0002470293801352054,0.7263989223365621,0.2779341483998737
-0.0002468993801352054,0.7291090169732096,0.279968563862732
-0.0002467693801352054,0.7308028261211142,0.2820029793255903
-0.0002466393801352054,0.7331741589281808,0.2836983255446389
-0.0002465093801352054,0.7348679680760856,0.2850546025198777
-0.0002463793801352055,0.7362230153944093,0.2870890179827361
-0.0002462493801352054,0.737578062712733,0.2881062257141652
-0.0002461193801352054,0.7402881573493805,0.2887843642017847
-0.0002459893801352054,0.7426594901564471,0.2904797104208333
-0.0002458593801352054,0.7460471084522563,0.2942094721027401
-0.0002457293801352054,0.7457083466226754,0.2945485413465498
-0.0002455993801352054,0.747740917600161,0.2962438875655984
-0.0002454693801352054,0.7487572030889038,0.2976001645408373
-0.0002453393801352054,0.7501122504072275,0.2992955107598859
-0.0002452093801352054,0.7521448213847132,0.3016689954665539
-0.0002450793801352054,0.7558712015101035,0.3026862031979831
-0.0002449493801352054,0.757903772487589,0.3043815494170317
-0.0002448193801352054,0.7595975816354937,0.3067550341236997
-0.0002446893801352054,0.7609526289538174,0.3067550341236997
-0.0002445593801352054,0.7629851999313031,0.3081113110989386
-0.0002444293801352054,0.7660340563975315,0.3094675880741774
-0.0002442993801352054,0.7680666273750171,0.3131973497560843
-0.0002441693801352054,0.7711154838412455,0.3152317652189426
-0.0002440393801352054,0.7721317693299883,0.3169271114379912
-0.0002439093801352054,0.7741643403074739,0.317266180681801
-0.0002437793801352054,0.7761969112849595,0.3196396653884689
-0.0002436493801352054,0.7768744349441213,0.3209959423637078
-0.0002435193801352054,0.7785682440920261,0.3223522193389467
-0.0002433893801352054,0.7799232914103498,0.3226912885827564
-0.0002432593801352054,0.7816171005582545,0.3240475655579953
-0.0002431293801352054,0.7829721478765782,0.3257429117770439
-0.0002429993801352054,0.7853434806836447,0.3270991887522827
-0.0002428693801352054,0.7880535753202922,0.3301508119465702
-0.0002427393801352054,0.7883923371498731,0.3318461581656188
-0.0002426093801352054,0.7900861462977778,0.3332024351408577
-0.0002424793801352054,0.7921187172752634,0.3352368506037159
-0.0002423493801352054,0.79449005008233,0.3365931275789548
-0.0002422193801352054,0.7948288119119109,0.3372712660665743
-0.0002420893801352054,0.7975389065485584,0.3382884737980034
-0.0002419593801352054,0.799571477526044,0.3406619585046715
-0.0002418293801352054,0.8022815721626915,0.3416791662361006
-0.0002416993801352054,0.8039753813105961,0.3437135816989589
-0.0002415693801352054,0.804991666799339,0.3443917201865783
-0.0002414393801352054,0.8056691904585008,0.3454089279180075
-0.0002413093801352054,0.8080405232655673,0.3467652048932464
-0.0002411793801352054,0.8090568087543102,0.3477824126246755
-0.0002410493801352054,0.8117669033909576,0.3498168280875338
-0.0002409193801352054,0.814815759857186,0.3538856590132504
-0.0002407893801352054,0.8151545216867669,0.3542247282570601
-0.0002406593801352054,0.8161708071755097,0.355581005232299
-0.0002405293801352054,0.8182033781529954,0.3576154206951573
-0.0002403993801352054,0.820574710960062,0.3593107669142059
-0.0002402693801352054,0.8212522346192238,0.360327974645635
-0.0002401393801352054,0.8219297582783857,0.3616842516208739
-0.0002400093801352054,0.8239623292558712,0.3616842516208739
-0.0002398793801352054,0.8256561384037759,0.364057736327542
-0.0002397493801352054,0.8273499475516806,0.3657530825465906
-0.0002396193801352054,0.8290437566995853,0.3660921517904003
-0.0002394893801352054,0.8297212803587471,0.3667702902780197
-0.0002393593801352054,0.8317538513362327,0.368804705740878
-0.0002392293801352054,0.8331088986545565,0.3718563289351655
-0.0002390993801352054,0.8344639459728802,0.3732126059104043
-0.0002389693801352054,0.8368352787799468,0.3749079521294529
-0.0002388393801352054,0.8395453734165942,0.3776205060799306
-0.0002387093801352054,0.8415779443940798,0.3786377138113598
-0.0002385793801352054,0.8429329917124035,0.3799939907865987
-0.0002384493801352054,0.8429329917124035,0.3803330600304084
-0.0002383193801352054,0.8439492772011464,0.3810111985180278
-0.0002381893801352054,0.8456430863490511,0.3823674754932667
-0.0002380593801352054,0.8480144191561176,0.3837237524685056
-0.0002379293801352054,0.8503857519631841,0.3850800294437445
-0.0002377993801352054,0.8497082283040223,0.3850800294437445
-0.0002376693801352054,0.8524183229406698,0.3877925833942222
-0.0002375393801352054,0.8524183229406698,0.3877925833942222
-0.0002374093801352054,0.8551284175773172,0.3894879296132708
-0.0002372793801352054,0.856483464895641,0.3918614143199388
-0.0002371493801352054,0.8581772740435456,0.3932176912951777
-0.0002370193801352054,0.8598710831914503,0.3949130375142262
-0.0002368893801352054,0.8632587014872596,0.397625591464704
-0.0002367593801352054,0.8635974633168406,0.3989818684399429
-0.0002366293801352054,0.8646137488055834,0.3993209376837526
-0.0002364993801352054,0.8659687961239071,0.4003381454151818
-0.0002363693801352054,0.8656300342943262,0.399999076171372
-0.0002362393801352054,0.8673238434422308,0.4006772146589915
-0.0002361093801352054,0.8696951762492974,0.4027116301218497
-0.0002359793801352054,0.8713889853972021,0.4044069763408983
-0.0002358493801352054,0.8727440327155258,0.4071195302913761
-0.0002357193801352054,0.8747766036930114,0.4091539457542344
-0.0002355893801352054,0.8774866983296589,0.4105102227294733
-0.0002354593801352054,0.876809174670497,0.4101711534856636
-0.0002353293801352054,0.8774866983296589,0.4111883612170927
-0.0002351993801352054,0.8805355547958873,0.4111883612170927
-0.0002350693801352054,0.8825681257733728,0.4125446381923316
-0.0002349393801352054,0.8839231730916967,0.4145790536551899
-0.0002348093801352054,0.8849394585804394,0.4159353306304288
-0.0002346793801352054,0.8856169822396013,0.4169525383618579
-0.0002345493801352054,0.887310791387506,0.4179697460932871
-0.0002344193801352054,0.8900208860241534,0.4206823000437648
-0.0002342893801352054,0.8913759333424772,0.4213604385313842
-0.0002341593801352054,0.8913759333424772,0.4227167155066231
-0.0002340293801352054,0.89239221883122,0.424072992481862
-0.0002338993801352054,0.8934085043199628,0.4254292694571009
-0.0002337693801352054,0.8944247898087055,0.4257683387009106
-0.0002336393801352054,0.8957798371270294,0.4267855464323397
-0.0002335093801352054,0.8971348844453531,0.4284808926513883
-0.0002333793801352054,0.8984899317636768,0.4301762388704369
-0.0002332493801352054,0.8998449790820006,0.4298371696266272
-0.0002331193801352054,0.9012000264003243,0.4305153081142466
-0.0002329893801352054,0.9018775500594861,0.4305153081142466
-0.0002328593801352054,0.9025550737186481,0.4315325158456758
-0.0002327293801352054,0.9039101210369718,0.4335669313085341
-0.0002325993801352054,0.9042488828665527,0.434923208283773
-0.0002324693801352054,0.9052651683552955,0.4366185545028215
-0.0002323393801352054,0.9076365011623621,0.4389920392094895
-0.0002322093801352054,0.9093303103102667,0.4406873854285381
-0.0002320793801352054,0.9106853576285905,0.4400092469409187
-0.0002319493801352054,0.9120404049469142,0.4417045931599673
-0.0002318193801352054,0.9144117377539808,0.4427218008913965
-0.0002316893801352054,0.9154280232427235,0.4440780778666353
-0.0002315593801352054,0.9161055469018854,0.4454343548418742
-0.0002314293801352054,0.9174605942202091,0.446790631817113
-0.0002312993801352054,0.9194931651976948,0.4478078395485422
-0.0002311693801352054,0.9208482125160184,0.4484859780361616
-0.0002310393801352054,0.9211869743455994,0.4495031857675908
-0.0002309093801352054,0.9198319270272757,0.4484859780361616
-0.0002307793801352054,0.9205094506864375,0.4495031857675908
-0.0002306493801352054,0.9218644980047612,0.4511985319866394
-0.0002305193801352054,0.9225420216639232,0.4518766704742588
-0.0002303893801352054,0.923219545323085,0.4525548089618783
-0.0002302593801352054,0.9259296399597325,0.4542501551809268
-0.0002301293801352054,0.9279622109372181,0.4549282936685463
-0.0002299993801352054,0.9286397345963799,0.4579799168628337
-0.0002298693801352054,0.9299947819147037,0.4589971245942629
-0.0002297393801352054,0.9316885910626084,0.4583189861066435
-0.0002296093801352054,0.9320273528921893,0.4603534015695018
-0.0002294793801352054,0.934059923869675,0.4617096785447407
-0.0002293493801352054,0.9354149711879987,0.4620487477885503
-0.0002292193801352054,0.9371087803359033,0.46238781703236
-0.0002290893801352054,0.9377863039950652,0.4634050247637892
-0.0002289593801352054,0.938802589483808,0.4644222324952184
-0.0002288293801352054,0.9391413513133889,0.4654394402266475
-0.0002286993801352054,0.9381250658246462,0.4664566479580767
-0.0002285693801352054,0.938802589483808,0.4667957172018864
-0.0002284393801352054,0.9401576368021317,0.4674738556895058
-0.0002283093801352054,0.9411739222908745,0.4681519941771253
-0.0002281793801352054,0.9408351604612936,0.4688301326647447
-0.0002280493801352054,0.9425289696091983,0.470864548127603
-0.0002279193801352054,0.943884016927522,0.4715426866152224
-0.0002277893801352054,0.9459165879050077,0.4725598943466516
-0.0002276593801352054,0.9476103970529123,0.4728989635904613
-0.0002275293801352054,0.9479491588824932,0.473238032834271
-0.0002273993801352054,0.9472716352233314,0.473238032834271
-0.0002272693801352054,0.9496429680303979,0.4752724482971293
-0.0002271393801352054,0.9496429680303979,0.4766287252723682
-0.0002270093801352054,0.9499817298599789,0.4769677945161779
-0.0002268793801352054,0.9496429680303979,0.4773068637599877
-0.0002267493801352054,0.9499817298599789,0.4762896560285585
-0.0002266193801352054,0.9526918244966263,0.4776459330037974
-0.0002264893801352054,0.9540468718149501,0.4783240714914168
-0.0002263593801352054,0.9547243954741119,0.4793412792228459
-0.0002262293801352054,0.9554019191332738,0.4810366254418945
-0.0002260993801352054,0.954385633644531,0.4810366254418945
-0.0002259693801352054,0.9547243954741119,0.4813756946857042
-0.0002258393801352054,0.9567569664515975,0.4820538331733237
-0.0002257093801352054,0.9608221084065687,0.4844273178799917
-0.0002255793801352054,0.9625159175544734,0.4854445256114209
-0.0002254493801352054,0.9614996320657306,0.4857835948552306
-0.0002253193801352054,0.9625159175544734,0.4874789410742791
-0.0002251893801352054,0.9625159175544734,0.4871398718304695
-0.0002250593801352054,0.9625159175544734,0.48646173334285
-0.0002249293801352054,0.9625159175544734,0.48646173334285
-0.0002247993801352054,0.9631934412136353,0.4871398718304695
-0.0002246693801352054,0.9631934412136353,0.4884961488057083
-0.0002245393801352054,0.9638709648727971,0.4884961488057083
-0.0002244093801352054,0.9652260121911209,0.4895133565371375
-0.0002242793801352054,0.9662422976798637,0.4905305642685666
-0.0002241493801352054,0.9679361068277683,0.4922259104876152
-0.0002240193801352054,0.9696299159756731,0.4929040489752347
-0.0002238893801352054,0.9713237251235777,0.494938464438093
-0.0002237593801352054,0.9716624869531586,0.4959556721695221
-0.0002236293801352054,0.9716624869531586,0.4966338106571415
-0.0002234993801352054,0.9716624869531586,0.497311949144761
-0.0002233693801352054,0.9730175342714824,0.4976510183885707
-0.0002232393801352054,0.9740338197602252,0.4979900876323804
-0.0002231093801352054,0.9743725815898061,0.4986682261199998
-0.0002229793801352054,0.9740338197602252,0.4993463646076193
-0.0002228493801352054,0.9743725815898061,0.4990072953638096
-0.0002227193801352054,0.9764051525672917,0.5007026415828582
-0.0002225893801352054,0.9753888670785489,0.5010417108266679
-0.0002224593801352054,0.9767439143968727,0.5017198493142874
-0.0002223293801352054,0.9770826762264536,0.5027370570457165
-0.0002221993801352054,0.9787764853743582,0.5034151955333359
-0.0002220693801352054,0.9787764853743582,0.5051105417523846
-0.0002219393801352054,0.9794540090335201,0.5054496109961942
-0.0002218093801352054,0.9811478181814248,0.5047714725085748
-0.0002216793801352054,0.9811478181814248,0.5044324032647651
-0.0002215493801352054,0.9814865800110057,0.5040933340209554
-0.0002214193801352054,0.9808090563518439,0.5037542647771457
-0.0002212893801352054,0.9818253418405867,0.5047714725085748
-0.0002211593801352054,0.9818253418405867,0.5047714725085748
-0.0002210293801352054,0.9825028654997485,0.5068058879714331
-0.0002208993801352054,0.9831803891589104,0.5078230957028623
-0.0002207693801352054,0.9845354364772342,0.5098575111657205
-0.0002206393801352054,0.9848741983068151,0.5098575111657205
-0.0002205093801352054,0.9848741983068151,0.5091793726781011
-0.0002203793801352054,0.985212960136396,0.5091793726781011
-0.0002202493801352054,0.9862292456251388,0.5098575111657205
-0.0002201193801352054,0.9879230547730434,0.51053564965334
-0.0002199893801352054,0.9882618166026245,0.51053564965334
-0.0002198593801352054,0.9879230547730434,0.5112137881409594
-0.0002197293801352054,0.9875842929434625,0.5108747188971497
-0.0002195993801352054,0.9872455311138816,0.51053564965334
-0.0002194693801352054,0.9882618166026245,0.5115528573847692
-0.0002193393801352054,0.9882618166026245,0.5112137881409594
-0.0002192093801352054,0.9886005784322054,0.5122309958723886
-0.0002190793801352054,0.9896168639209482,0.5122309958723886
-0.0002189493801352054,0.9892781020913672,0.5118919266285789
-0.0002188193801352054,0.99029438758011,0.5129091343600081
-0.0002186893801352054,0.9919881967280146,0.5149435498228664
-0.0002185593801352054,0.9913106730688528,0.5146044805790566
-0.0002184293801352054,0.9916494348984337,0.5135872728476275
-0.0002182993801352054,0.9916494348984337,0.5135872728476275
-0.0002181693801352054,0.9916494348984337,0.5132482036038177
-0.0002180393801352054,0.9933432440463384,0.5139263420914372
-0.0002179093801352054,0.9933432440463384,0.5152826190666761
-0.0002177793801352054,0.9923269585575957,0.5149435498228664
-0.0002176493801352054,0.9923269585575957,0.5146044805790566
-0.0002175193801352054,0.9930044822167575,0.5152826190666761
-0.0002173893801352054,0.9926657203871766,0.5146044805790566
-0.0002172593801352054,0.9943595295350812,0.5166388960419149
-0.0002171293801352054,0.9950370531942431,0.5166388960419149
-0.0002169993801352054,0.9950370531942431,0.517656103773344
-0.0002168693801352054,0.9950370531942431,0.5190123807485829
-0.0002167393801352054,0.9943595295350812,0.5186733115047732
-0.0002166093801352054,0.995375815023824,0.5183342422609635
-0.0002164793801352054,0.996053338682986,0.517656103773344
-0.0002163493801352054,0.9967308623421478,0.517656103773344
-0.0002162193801352054,0.9957145768534049,0.5179951730171538
-0.0002160893801352054,0.996053338682986,0.5179951730171538
-0.0002159593801352054,0.9957145768534049,0.5183342422609635
-0.0002158293801352054,0.9963921005125669,0.5190123807485829
-0.0002156993801352054,0.9980859096604715,0.5200295884800121
-0.0002155693801352054,0.9980859096604715,0.5193514499923927
-0.0002154393801352054,0.9984246714900524,0.5200295884800121
-0.0002153093801352054,0.9984246714900524,0.5203686577238218
-0.0002151793801352054,0.9994409569787952,0.5217249346990607
-0.0002150493801352054,0.9987634333196334,0.521385865455251
-0.0002149193801352054,0.9987634333196334,0.521385865455251
-0.0002147893801352054,0.9987634333196334,0.5217249346990607
-0.0002146593801352054,0.9991021951492143,0.5220640039428704
-0.0002145293801352054,0.9994409569787952,0.5217249346990607
-0.0002143993801352054,0.9997797188083761,0.5210467962114412
-0.0002142693801352054,1.000118480637957,0.5224030731866801
-0.0002141393801352054,0.9997797188083761,0.5220640039428704
-0.0002140093801352054,0.9997797188083761,0.5234202809181093
-0.0002138793801352054,0.9987634333196334,0.5230812116742996
-0.0002137493801352054,0.9984246714900524,0.5224030731866801
-0.0002136193801352054,0.9974083860013097,0.5210467962114412
-0.0002134893801352054,0.9994409569787952,0.5227421424304899
-0.0002133593801352054,0.9994409569787952,0.5230812116742996
-0.0002132293801352054,0.9994409569787952,0.5220640039428704
-0.0002130993801352054,1.000118480637957,0.5224030731866801
-0.0002129693801352054,0.9994409569787952,0.5220640039428704
-0.0002128393801352054,0.9991021951492143,0.5230812116742996
-0.0002127093801352054,0.9997797188083761,0.5220640039428704
-0.0002125793801352054,0.9980859096604715,0.5220640039428704
-0.0002124493801352054,0.9980859096604715,0.5207077269676316
-0.0002123193801352054,0.9987634333196334,0.5217249346990607
-0.0002121893801352054,0.9984246714900524,0.5220640039428704
-0.0002120593801352054,0.9970696241717287,0.521385865455251
-0.0002119293801352054,0.9984246714900524,0.5220640039428704
-0.0002117993801352054,0.9987634333196334,0.5210467962114412
-0.0002116693801352054,0.9991021951492143,0.5193514499923927
-0.0002115393801352054,0.9994409569787952,0.5196905192362024
-0.0002114093801352054,0.9997797188083761,0.5207077269676316
-0.0002112793801352054,0.9994409569787952,0.5207077269676316
-0.0002111493801352054,0.9994409569787952,0.5203686577238218
-0.0002110193801352054,0.9994409569787952,0.5207077269676316
-0.0002108893801352054,1.000457242467538,0.5210467962114412
-0.0002107593801352054,1.001473527956281,0.521385865455251
-0.0002106293801352054,1.000457242467538,0.5220640039428704
-0.0002104993801352054,0.9984246714900524,0.5210467962114412
-0.0002103693801352054,0.9994409569787952,0.5203686577238218
-0.0002102393801352054,0.9991021951492143,0.5200295884800121
-0.0002101093801352054,0.9980859096604715,0.5193514499923927
-0.0002099793801352054,0.9967308623421478,0.5179951730171538
-0.0002098493801352054,0.9957145768534049,0.5179951730171538
-0.0002097193801352054,0.9963921005125669,0.5200295884800121
-0.0002095893801352054,0.9967308623421478,0.5193514499923927
-0.0002094593801352054,0.9974083860013097,0.5190123807485829
-0.0002093293801352054,0.9984246714900524,0.5190123807485829
-0.0002091993801352054,0.9970696241717287,0.5186733115047732
-0.0002090693801352054,0.9970696241717287,0.5179951730171538
-0.0002089393801352054,0.996053338682986,0.5183342422609635
-0.0002088093801352054,0.996053338682986,0.5190123807485829
-0.0002086793801352054,0.9963921005125669,0.5183342422609635
-0.0002085493801352054,0.995375815023824,0.5179951730171538
-0.0002084193801352054,0.9946982913646621,0.5173170345295344
-0.0002082893801352054,0.9943595295350812,0.5166388960419149
-0.0002081593801352054,0.9950370531942431,0.5162998267981053
-0.0002080293801352054,0.9926657203871766,0.5149435498228664
-0.0002078993801352054,0.9930044822167575,0.5142654113352469
-0.0002077693801352054,0.9926657203871766,0.5139263420914372
-0.0002076393801352054,0.9913106730688528,0.5139263420914372
-0.0002075093801352054,0.9916494348984337,0.5142654113352469
-0.0002073793801352054,0.9913106730688528,0.5142654113352469
-0.0002072493801352054,0.9913106730688528,0.5149435498228664
-0.0002071193801352054,0.9919881967280146,0.5139263420914372
-0.0002069893801352054,0.9919881967280146,0.5135872728476275
-0.0002068593801352054,0.9909719112392719,0.5129091343600081
-0.0002067293801352054,0.9899556257505291,0.5122309958723886
-0.0002065993801352054,0.9892781020913672,0.5118919266285789
-0.0002064693801352054,0.9892781020913672,0.5112137881409594
-0.0002063393801352054,0.9899556257505291,0.5122309958723886
-0.0002062093801352054,0.9909719112392719,0.5132482036038177
-0.0002060793801352054,0.9899556257505291,0.5129091343600081
-0.0002059493801352054,0.9882618166026245,0.5112137881409594
-0.0002058193801352054,0.9865680074547197,0.5101965804095303
-0.0002056893801352054,0.9845354364772342,0.5088403034342914
-0.0002055593801352054,0.9841966746476531,0.5088403034342914
-0.0002054293801352054,0.9858904837955579,0.5091793726781011
-0.0002052993801352054,0.9875842929434625,0.5098575111657205
-0.0002051693801352054,0.9862292456251388,0.5091793726781011
-0.0002050393801352054,0.985551721965977,0.5098575111657205
-0.0002049093801352054,0.985212960136396,0.5095184419219109
-0.0002047793801352054,0.9848741983068151,0.5085012341904817
-0.0002046493801352054,0.9848741983068151,0.5068058879714331
-0.0002045193801352054,0.9831803891589104,0.5064668187276234
-0.0002043893801352054,0.9808090563518439,0.5054496109961942
-0.0002042593801352054,0.9811478181814248,0.5054496109961942
-0.0002041293801352054,0.9808090563518439,0.5044324032647651
-0.0002039993801352054,0.979792770863101,0.5040933340209554
-0.0002038693801352054,0.9780989617151964,0.5030761262895262
-0.0002037393801352054,0.979792770863101,0.5044324032647651
-0.0002036093801352054,0.9787764853743582,0.5040933340209554
-0.0002034793801352054,0.9777601998856155,0.502058918558097
-0.0002033493801352054,0.9777601998856155,0.5017198493142874
-0.0002032193801352054,0.9767439143968727,0.5007026415828582
-0.0002030893801352054,0.9764051525672917,0.5000245030952387
-0.0002029593801352054,0.9767439143968727,0.5003635723390485
-0.0002028293801352054,0.9760663907377107,0.5000245030952387
-0.0002026993801352054,0.9740338197602252,0.4983291568761901
-0.0002025693801352054,0.9736950579306443,0.4979900876323804
-0.0002024393801352054,0.9726787724419015,0.4969728799009512
-0.0002023093801352054,0.9720012487827395,0.4956166029257124
-0.0002021793801352054,0.9713237251235777,0.4956166029257124
-0.0002020493801352054,0.969968677805254,0.4945993951942833
-0.0002019193801352054,0.9709849632939968,0.4945993951942833
-0.0002017893801352054,0.9706462014644158,0.4956166029257124
-0.0002016593801352054,0.9696299159756731,0.4939212567066638
-0.0002015293801352054,0.9689523923165112,0.4932431182190444
-0.0002013993801352054,0.9669198213390255,0.4918868412438055
-0.0002012693801352054,0.964548488531959,0.4908696335123763
-0.0002011393801352054,0.964548488531959,0.4908696335123763
-0.0002010093801352054,0.96488725036154,0.4905305642685666
-0.0002008793801352054,0.9655647740207018,0.4908696335123763
-0.0002007493801352054,0.9638709648727971,0.4898524257809472
-0.0002006193801352054,0.964548488531959,0.4895133565371375
-0.0002004893801352054,0.96488725036154,0.4895133565371375
-0.0002003593801352054,0.9635322030432162,0.4878180103180889
-0.0002002293801352054,0.9628546793840543,0.48646173334285
-0.0002000993801352054,0.9611608702361497,0.4861226640990403
-0.0001999693801352054,0.9601445847474068,0.4857835948552306
-0.0001998393801352054,0.9591282992586641,0.4861226640990403
-0.0001997093801352054,0.9581120137699213,0.484088248636182
-0.0001995793801352054,0.9564182046220165,0.4820538331733237
-0.0001994493801352054,0.9550631573036928,0.4813756946857042
-0.0001993193801352054,0.9533693481557882,0.4800194177104654
-0.0001991893801352054,0.9530305863262072,0.4793412792228459
-0.0001990593801352054,0.9509980153487216,0.4779850022476071
-0.0001989293801352054,0.9506592535191407,0.4769677945161779
-0.0001987993801352054,0.9513367771783026,0.4773068637599877
-0.0001986693801352054,0.9520143008374644,0.4776459330037974
-0.0001985393801352054,0.9506592535191407,0.4762896560285585
-0.0001984093801352054,0.949304206200817,0.4749333790533196
-0.0001982793801352054,0.9479491588824932,0.473238032834271
-0.0001981493801352054,0.948965444371236,0.473238032834271
-0.0001980193801352054,0.9479491588824932,0.4728989635904613
-0.0001978893801352054,0.9462553497345886,0.4715426866152224
-0.0001977593801352054,0.9459165879050077,0.470864548127603
-0.0001976293801352054,0.9425289696091983,0.4688301326647447
-0.0001974993801352054,0.9418514459500364,0.4678129249333156
-0.0001973693801352054,0.9415126841204555,0.4678129249333156
-0.0001972393801352054,0.9418514459500364,0.4678129249333156
-0.0001971093801352054,0.9401576368021317,0.4664566479580767
-0.0001969793801352054,0.9391413513133889,0.4657785094704572
-0.0001968493801352054,0.9371087803359033,0.4654394402266475
-0.0001967193801352054,0.9357537330175796,0.4640831632514086
-0.0001965893801352054,0.9350762093584177,0.4634050247637892
-0.0001964593801352054,0.9364312566767414,0.4630659555199795
-0.0001963293801352054,0.933382400210513,0.4617096785447407
-0.0001961993801352054,0.934059923869675,0.4613706093009309
-0.0001960693801352054,0.9316885910626084,0.4603534015695018
-0.0001959393801352054,0.9316885910626084,0.4600143323256921
-0.0001958093801352054,0.9299947819147037,0.4586580553504532
-0.0001956793801352054,0.9279622109372181,0.4556064321561657
-0.0001955493801352054,0.9269459254484753,0.4549282936685463
-0.0001954193801352054,0.9255908781301515,0.455267362912356
-0.0001952893801352054,0.9255908781301515,0.4532329474494977
-0.0001951593801352054,0.9238970689822469,0.4522157397180686
-0.0001950293801352054,0.923558307152666,0.4508594627428297
-0.0001948993801352054,0.9238970689822469,0.4508594627428297
-0.0001947693801352054,0.9201706888568566,0.4495031857675908
-0.0001946393801352054,0.9198319270272757,0.4488250472799714
-0.0001945093801352054,0.91779935604979,0.4474687703047325
-0.0001943793801352054,0.9164443087314663,0.4461124933294936
-0.0001942493801352054,0.9164443087314663,0.4478078395485422
-0.0001941193801352054,0.9157667850723045,0.4471297010609228
-0.0001939893801352054,0.9140729759243997,0.4444171471104451
-0.0001938593801352054,0.9144117377539808,0.4430608701352062
-0.0001937293801352054,0.9123791667764951,0.4427218008913965
-0.0001935993801352054,0.9106853576285905,0.4410264546723479
-0.0001934693801352054,0.9093303103102667,0.439670177697109
-0.0001933393801352054,0.9072977393327811,0.4389920392094895
-0.0001932093801352054,0.9045876446961336,0.4379748314780604
-0.0001930793801352054,0.9042488828665527,0.4369576237466312
-0.0001929493801352054,0.9032325973778099,0.4345841390399632
-0.0001928193801352054,0.9018775500594861,0.4328887928209146
-0.0001926893801352054,0.9008612645707433,0.4322106543332952
-0.0001925593801352054,0.8995062172524196,0.4298371696266272
-0.0001924293801352054,0.8995062172524196,0.428819961895198
-0.0001922993801352054,0.8984899317636768,0.4278027541637689
-0.0001921693801352054,0.8967961226157721,0.4274636849199592
-0.0001920393801352054,0.8961185989566103,0.4257683387009106
-0.0001919093801352054,0.8947635516382866,0.4250902002132911
-0.0001917793801352054,0.8937472661495437,0.4237339232380523
-0.0001916493801352054,0.8917146951720581,0.4233948539942425
-0.0001915193801352054,0.8903596478537343,0.4223776462628134
-0.0001913893801352054,0.8900208860241534,0.4216995077751939
-0.0001912593801352054,0.8886658387058297,0.4213604385313842
-0.0001911293801352054,0.8876495532170869,0.4210213692875745
-0.0001909993801352054,0.8862945058987631,0.4186478845809065
-0.0001908693801352054,0.8842619349212776,0.4166134691180482
-0.0001907393801352054,0.8829068876029538,0.4149181228989996
-0.0001906093801352054,0.8812130784550491,0.415596261386619
-0.0001904793801352054,0.8798580311367254,0.4128837074361413
-0.0001903493801352054,0.8795192693071445,0.4118664997047121
-0.0001902193801352054,0.8771479365000779,0.4115274304609024
-0.0001900893801352054,0.8751153655225923,0.408475807266615
-0.0001899593801352054,0.8751153655225923,0.4077976687789955
-0.0001898293801352054,0.8730827945451067,0.4061023225599469
-0.0001896993801352054,0.8700339380788783,0.4030506993656595
-0.0001895693801352054,0.8686788907605546,0.4013553531466109
-0.0001894393801352054,0.8669850816126499,0.4003381454151818
-0.0001893093801352054,0.866307557953488,0.4003381454151818
-0.0001891793801352054,0.8659687961239071,0.4003381454151818
-0.0001890493801352054,0.8649525106351643,0.4003381454151818
-0.0001889193801352054,0.8632587014872596,0.3989818684399429
-0.0001887893801352054,0.8619036541689359,0.3969474529770846
-0.0001886593801352054,0.8608873686801931,0.3942348990266068
-0.0001885293801352054,0.8588547977027075,0.3925395528075583
-0.0001883993801352054,0.8568222267252219,0.3908442065885097
-0.0001882693801352054,0.8561447030660601,0.3905051373446999
-0.0001881393801352054,0.8541121320885744,0.3888097911256513
-0.0001880093801352054,0.8530958465998316,0.3871144449066027
-0.0001878793801352054,0.8514020374519269,0.3864363064189833
-0.0001877493801352054,0.8486919428152795,0.386775375662793
-0.0001876193801352054,0.8466593718377938,0.3837237524685056
-0.0001874893801352054,0.8456430863490511,0.3816893370056473
-0.0001873593801352054,0.8436105153715654,0.3813502677618376
-0.0001872293801352054,0.840900420734918,0.3786377138113598
-0.0001870993801352054,0.8395453734165942,0.3786377138113598
-0.0001869693801352054,0.8385290879278514,0.3766032983485015
-0.0001868393801352054,0.8368352787799468,0.3762642291046918
-0.0001867093801352054,0.8351414696320421,0.3738907443980238
-0.0001865793801352054,0.8344639459728802,0.3721953981789752
-0.0001864493801352054,0.8331088986545565,0.3708391212037363
-0.0001863193801352054,0.8324313749953947,0.368804705740878
-0.0001861893801352054,0.8317538513362327,0.3677874980094489
-0.0001860593801352054,0.8290437566995853,0.3671093595218294
-0.0001859293801352054,0.8280274712108424,0.3650749440589711
-0.0001857993801352054,0.8259949002333569,0.3633795978399225
-0.0001856693801352054,0.8239623292558712,0.3630405285961128
-0.0001855393801352054,0.8215909964488047,0.3613451823770642
-0.0001854093801352054,0.8202359491304809,0.3589716976703962
-0.0001852793801352054,0.8192196636417381,0.3589716976703962
-0.0001851493801352054,0.8175258544938335,0.3582935591827768
-0.0001850193801352054,0.814815759857186,0.3559200744761087
-0.0001848893801352054,0.8121056652205385,0.3535465897694407
-0.0001847593801352054,0.8104118560726339,0.3518512435503921
-0.0001846293801352054,0.8090568087543102,0.3511731050627727
-0.0001844993801352054,0.8070242377768245,0.3501558973313436
-0.0001843693801352054,0.8056691904585008,0.3481214818684852
-0.0001842393801352054,0.804991666799339,0.3454089279180075
-0.0001841093801352054,0.804991666799339,0.344730789430388
-0.0001839793801352054,0.8026203339922724,0.3430354432113395
-0.0001838493801352054,0.8012652866739487,0.3420182354799103
-0.0001837193801352054,0.799571477526044,0.3396447507732423
-0.0001835893801352054,0.7985551920373012,0.3386275430418131
-0.0001834593801352054,0.7965226210598155,0.3379494045541937
-0.0001833293801352054,0.79449005008233,0.3369321968227645
-0.0001831993801352054,0.7904249081273588,0.3352368506037159
-0.0001830693801352054,0.788731098979454,0.3332024351408577
-0.0001829393801352054,0.7877148134907113,0.3308289504341896
-0.0001828093801352054,0.7873760516611303,0.3298117427027605
-0.0001826793801352054,0.7860210043428066,0.3277773272399022
-0.0001825493801352054,0.7836496715357401,0.3270991887522827
-0.0001824193801352054,0.7812783387286735,0.3254038425332342
-0.0001822893801352054,0.7795845295807688,0.3240475655579953
-0.0001821593801352054,0.7785682440920261,0.3209959423637078
-0.0001820293801352054,0.7775519586032832,0.3216740808513273
-0.0001818993801352054,0.7745031021370549,0.3193005961446592
-0.0001817693801352054,0.7728092929891501,0.3186224576570398
-0.0001816393801352054,0.7721317693299883,0.3182833884132301
-0.0001815093801352054,0.7714542456708264,0.317266180681801
-0.0001813793801352054,0.7680666273750171,0.3152317652189426
-0.0001812493801352054,0.7667115800566934,0.3131973497560843
-0.0001811193801352054,0.7646790090792077,0.3115020035370357
-0.0001809893801352054,0.7623076762721412,0.3098066573179871
-0.0001808593801352054,0.7595975816354937,0.3070941033675094
-0.0001807293801352054,0.7568874869988462,0.3053987571484608
-0.0001805993801352054,0.7548549160213607,0.3043815494170317
-0.0001804693801352054,0.7518060595551322,0.3003127184913151
-0.0001803393801352054,0.7518060595551322,0.297939233784647
-0.0001802093801352054,0.7501122504072275,0.2965829568094082
-0.0001800793801352054,0.7484184412593229,0.2948876105903596
-0.0001799493801352054,0.7467246321114183,0.293192264371311
-0.0001798193801352054,0.7443532993043517,0.2921750566398819
-0.0001796893801352054,0.7440145374747708,0.2918359873960721
-0.0001795593801352054,0.7413044428381232,0.2891234334455944
-0.0001794293801352054,0.7396106336902186,0.2881062257141652
-0.0001792993801352054,0.737578062712733,0.2867499487389263
-0.0001791693801352054,0.7348679680760856,0.2843764640322583
-0.0001790393801352054,0.7335129207577618,0.2820029793255903
-0.0001789093801352054,0.7318191116098571,0.2806467023503514
-0.0001787793801352054,0.7301253024619524,0.2796294946189223
-0.0001786493801352054,0.7277539696548859,0.2779341483998737
-0.0001785193801352054,0.7250438750182384,0.2758997329370154
-0.0001783893801352054,0.7233500658703338,0.275221594449396
-0.0001782593801352054,0.7199624475745244,0.2721699712551085
-0.0001781293801352054,0.7189461620857815,0.2704746250360599
-0.0001779993801352054,0.7152197819603913,0.269118348060821
-0.0001778693801352054,0.7121709254941629,0.266744863354153
-0.0001777393801352054,0.7114934018350011,0.2650495171351044
-0.0001776093801352054,0.7097995926870964,0.2647104478912947
-0.0001774793801352054,0.7074282598800298,0.2633541709160558
-0.0001773493801352054,0.706411974391287,0.2603025477217684
-0.0001772193801352054,0.7040406415842205,0.2589462707465295
-0.0001770893801352054,0.7026855942658967,0.2569118552836712
-0.0001769593801352054,0.7009917851179921,0.2565727860398615
-0.0001768293801352054,0.6979429286517637,0.2538602320893837
-0.0001766993801352054,0.6942165485263734,0.2518258166265254
-0.0001765693801352054,0.6925227393784688,0.2504695396512865
-0.0001764393801352054,0.6904901684009831,0.2480960549446185
-0.0001763093801352054,0.6887963592530785,0.2467397779693797
-0.0001761793801352054,0.6864250264460119,0.2436881547750922
-0.0001760493801352054,0.6843924554685263,0.2426709470436631
-0.0001759193801352054,0.6823598844910407,0.2399583930931853
-0.0001757893801352054,0.6816823608318788,0.2392802546055659
-0.0001756593801352054,0.6796497898543932,0.2389411853617562
-0.0001755293801352054,0.6779559807064885,0.2365677006550881
-0.0001753993801352054,0.6745683624106792,0.2345332851922299
-0.0001752693801352054,0.6708419822852889,0.2321598004855618
-0.0001751393801352054,0.6694869349669652,0.230803523510323
-0.0001750093801352054,0.6677931258190605,0.2291081772912744
-0.0001748793801352054,0.6671156021598986,0.2274128310722258
-0.0001747493801352054,0.6657605548415749,0.2267346925846064
-0.0001746193801352054,0.6630504602049274,0.2243612078779383
-0.0001744893801352054,0.6616954128866037,0.2213095846836509
-0.0001743593801352054,0.660001603738699,0.2213095846836509
-0.0001742293801352054,0.6569527472724707,0.2196142384646023
-0.0001740993801352054,0.654920176294985,0.2179188922455537
-0.0001739693801352054,0.6522100816583375,0.2155454075388857
-0.0001738393801352054,0.6484837015329472,0.2124937843445982
-0.0001737093801352054,0.6478061778737854,0.2107984381255496
-0.0001735793801352054,0.6450960832371379,0.2094421611503108
-0.0001734493801352054,0.6427247504300714,0.209103091906501
-0.0001733193801352054,0.6410309412821666,0.206729607199833
-0.0001731893801352054,0.6373045611567764,0.2033389147617358
-0.0001730593801352054,0.6352719901792908,0.2019826377864969
-0.0001729293801352054,0.6332394192018052,0.1996091530798289
-0.0001727993801352054,0.6315456100539005,0.1982528761045901
-0.0001726693801352054,0.6298518009059959,0.1972356683731609
-0.0001725393801352054,0.6284967535876721,0.1968965991293512
-0.0001724093801352054,0.62409284980312,0.1948621836664929
-0.0001722793801352054,0.6230765643143772,0.1928277682036346
-0.0001721493801352054,0.6207052315073106,0.1907933527407763
-0.0001720193801352054,0.6173176132115012,0.1884198680341083
-0.0001718893801352054,0.6159625658931775,0.1874026603026791
-0.0001717593801352054,0.613591233086111,0.1857073140836305
-0.0001716293801352054,0.6108811384494636,0.1833338293769625
-0.0001714993801352054,0.608509805642397,0.1816384831579139
-0.0001713693801352054,0.6071547583240733,0.180282206182675
-0.0001712393801352054,0.6057997110057495,0.1789259292074362
-0.0001711093801352054,0.6030896163691021,0.175535236769339
-0.0001709793801352054,0.6017345690507783,0.1741789597941001
-0.0001708493801352054,0.5993632362437118,0.1721445443312418
-0.0001707193801352054,0.5963143797774834,0.1701101288683835
-0.0001705893801352054,0.5925879996520931,0.1680757134055252
-0.0001704593801352054,0.5892003813562837,0.1670585056740961
-0.0001703293801352054,0.58784533403796,0.1657022286988572
-0.0001701993801352054,0.5854740012308934,0.1633287439921891
-0.0001700693801352054,0.583102668423827,0.1619724670169503
-0.0001699393801352054,0.5803925737871795,0.1612943285293308
-0.0001698093801352054,0.5783600028096938,0.1595989823102822
-0.0001696793801352054,0.5766661936617892,0.157564566847424
-0.0001695493801352054,0.5742948608547226,0.1551910821407559
-0.0001694193801352054,0.5715847662180752,0.1524785281902782
-0.0001692893801352054,0.5705684807293323,0.1501050434836102
-0.0001691593801352054,0.5681971479222658,0.1487487665083713
-0.0001690293801352054,0.5654870532856183,0.1463752818017033
-0.0001688993801352054,0.5637932441377137,0.1450190048264644
-0.0001687693801352054,0.5614219113306471,0.1429845893636061
-0.0001686393801352054,0.5583730548644187,0.1412892431445575
-0.0001685093801352054,0.5549854365686093,0.1395938969255089
-0.0001683793801352054,0.5522753419319619,0.13823761995027
-0.0001682493801352054,0.5492264854657335,0.1365422737312215
-0.0001681193801352054,0.5475326763178288,0.1348469275121729
-0.0001679893801352054,0.5441450580220195,0.1317953043178854
-0.0001678593801352054,0.5421124870445339,0.1307780965864563
-0.0001677293801352054,0.5400799160670483,0.1304390273426465
-0.0001675993801352054,0.5380473450895626,0.1273874041483591
-0.0001674693801352054,0.536014774112077,0.1253529886855008
-0.0001673393801352054,0.5336434413050105,0.1236576424664522
-0.0001672093801352054,0.5305945848387821,0.1223013654912133
-0.0001670793801352054,0.5272069665429727,0.1199278807845453
-0.0001669493801352054,0.5251743955654872,0.1182325345654967
-0.0001668193801352054,0.5224643009288397,0.1161981191026384
-0.0001666893801352054,0.5183991589738685,0.1145027728835898
-0.0001665593801352054,0.5173828734851257,0.1134855651521607
-0.0001664293801352054,0.5143340170188972,0.1124683574207315
-0.0001662993801352054,0.5123014460414116,0.1100948727140635
-0.0001661693801352054,0.510268875063926,0.1077213880073955
-0.0001660393801352054,0.5095913514047642,0.107043249519776
-0.0001659093801352054,0.5062037331089548,0.1063651110321566
-0.0001657793801352054,0.5031548766427264,0.1016181416188205
-0.0001656493801352054,0.500106020176498,0.09822744918072338
-0.0001655193801352054,0.4970571637102696,0.09788837993691366
-0.0001653893801352054,0.4943470690736222,0.09788837993691366
-0.0001652593801352054,0.4926532599257175,0.0968711722054845
-0.0001651293801352054,0.4896044034594891,0.09449768749881647
-0.0001649993801352054,0.4872330706524226,0.09381954901119705
-0.0001648693801352054,0.4852004996749369,0.09280234127976789
-0.0001647393801352054,0.4838454523566132,0.0911069950607193
-0.0001646093801352054,0.4818128813791276,0.08941164884167072
-0.0001644793801352054,0.479780310401642,0.08703816413500269
-0.0001643493801352054,0.4753764066170899,0.08466467942833467
-0.0001642193801352054,0.4736825974691852,0.08229119472166664
-0.0001640893801352054,0.4719887883212805,0.08195212547785692
-0.0001639593801352054,0.4709725028325377,0.08161305623404722
-0.0001638293801352054,0.4679236463663093,0.08059584850261806
-0.0001636993801352054,0.4658910753888237,0.07856143303975975
-0.0001635693801352054,0.4614871716042716,0.07652701757690145
-0.0001634393801352054,0.4597933624563669,0.07415353287023342
-0.0001633093801352054,0.4574220296493003,0.0738144636264237
-0.0001631793801352054,0.4557282205013957,0.07279725589499456
-0.0001630493801352054,0.4523406022055863,0.07144097891975568
-0.0001629193801352054,0.4479366984210342,0.07008470194451681
-0.0001627893801352054,0.4452266037843867,0.06838935572546823
-0.0001626593801352054,0.443532794636482,0.06703307875022935
-0.0001625293801352054,0.4411614618294155,0.06499866328737104
-0.0001623993801352054,0.438451367192768,0.06330331706832246
-0.0001622693801352054,0.4347249870673777,0.06160797084927387
-0.0001621393801352054,0.433369939749054,0.06126890160546415
-0.0001620093801352054,0.4323536542603112,0.05889541689879614
-0.0001618793801352054,0.4286272741349209,0.05686100143593784
-0.0001617493801352054,0.4238846085207878,0.05482658597307952
-0.0001616193801352054,0.422868323032045,0.05414844748546009
-0.0001614893801352054,0.4198194665658166,0.05279217051022121
-0.0001613593801352054,0.4164318482700073,0.05211403202260179
-0.0001612293801352054,0.4140605154629407,0.05075775504736291
-0.0001610993801352054,0.4116891826558742,0.0504186858035532
-0.0001609693801352054,0.4089790880192267,0.0483842703406949
-0.0001608393801352054,0.4066077552121602,0.04634985487783658
-0.0001607093801352054,0.4052527078938364,0.04499357790259771
-0.0001605793801352054,0.402542613257189,0.04363730092735885
-0.0001604493801352054,0.3991549949613796,0.04295916243973941
-0.0001603193801352054,0.3957673766655703,0.04262009319592969
-0.0001601893801352054,0.3944123293472465,0.04024660848926166
-0.0001600593801352054,0.3913634728810181,0.03956847000164224
-0.0001599293801352054,0.3900084255626944,0.03922940075783252
-0.0001597993801352054,0.3883146164147897,0.03753405453878393
-0.0001596693801352054,0.3825556653119138,0.03617777756354505
-0.0001595393801352054,0.3808618561640091,0.03516056983211591
-0.0001594093801352054,0.3774742378681998,0.03414336210068675
-0.0001592793801352054,0.3751029050611333,0.03346522361306732
-0.0001591493801352054,0.3730703340836476,0.0331261543692576
-0.0001590193801352054,0.371376524935743,0.03109173890639929
-0.0001588893801352054,0.3673113829807718,0.0293963926873507
-0.0001587593801352054,0.3642625265145434,0.02770104646830212
-0.0001586293801352054,0.3622299555370578,0.02600570024925353
-0.0001584993801352054,0.3591810990708293,0.02532756176163409
-0.0001583693801352054,0.3540996716271154,0.02532756176163409
-0.0001582393801352054,0.3513895769904679,0.02397128478639522
-0.0001581093801352054,0.3490182441834013,0.02295407705496607
-0.0001579793801352054,0.3466469113763348,0.02193686932353692
-0.0001578493801352054,0.3425817694213636,0.01922431537305918
-0.0001577193801352054,0.3402104366142971,0.01854617688543974
-0.0001575893801352054,0.3388553892959733,0.01854617688543974
-0.0001574593801352054,0.3368228183184877,0.01752896915401059
-0.0001573293801352054,0.3337739618522593,0.01752896915401059
-0.0001571993801352054,0.3317413908747737,0.01718989991020087
-0.0001570693801352054,0.3290312962381262,0.01685083066639115
-0.0001569393801352054,0.3266599634310597,0.01685083066639115
-0.0001568093801352054,0.3225948214760884,0.01549455369115228
-0.0001566793801352054,0.3205622504986028,0.01549455369115228
-0.0001565493801352054,0.3178521558619554,0.01549455369115228
-0.0001564193801352054,0.3161583467140507,0.01481641520353285
-0.0001562893801352054,0.3137870139069842,0.01447734595972313
-0.0001561593801352054,0.3100606337815939,0.01413827671591341
-0.0001560293801352054,0.3066730154857845,0.01346013822829398
-0.0001558993801352054,0.3022691117012324,0.01244293049686482
-0.0001557693801352054,0.3002365407237468,0.01108665352162595
-0.0001556393801352054,0.2982039697462612,0.009730376546387084
-0.0001555093801352054,0.2954938751096137,0.009391307302577366
-0.0001553793801352054,0.2931225423025471,0.009391307302577366
-0.0001552493801352054,0.2907512094954806,0.009391307302577366
-0.0001551193801352054,0.2873635911996713,0.009052238058767649
-0.0001549893801352054,0.2829596874151191,0.008713168814957931
-0.0001548593801352054,0.2795720691193098,0.008374099571148213
-0.0001547293801352054,0.2768619744826623,0.006678753352099625
-0.0001545993801352054,0.2758456889939195,0.006339684108289908
-0.0001544693801352054,0.2744906416755958,0.007695961083528779
-0.0001543393801352054,0.2727968325276911,0.006339684108289908
-0.0001542093801352054,0.2697479760614627,0.00600061486448019
-0.0001540793801352054,0.2666991195952343,0.004983407133051038
-0.0001539493801352054,0.2633115012994249,0.00464433788924132
-0.0001538193801352054,0.2602626448331966,0.003627130157812168
-0.0001536893801352054,0.2602626448331966,0.004305268645431602
-0.0001535593801352054,0.257552550196549,0.004305268645431602
-0.0001534293801352054,0.2541649319007397,0.00464433788924132
-0.0001532993801352054,0.2494222662866066,0.004305268645431602
-0.0001531693801352054,0.2470509334795401,0.005661545620670473
-0.0001530393801352054,0.2446796006724735,0.006339684108289908
-0.0001529093801352054,0.2409532205470833,0.00600061486448019
-0.0001527793801352054,0.2395981732287595,0.004983407133051038
-0.0001526493801352054,0.2362105549329502,0.00328806091400245
-0.0001525193801352054,0.2324841748075599,0.002270853182573297
-0.0001523893801352054,0.2287577946821696,0.00193178393876358
-0.0001522593801352054,0.2263864618751031,0.002270853182573297
-0.0001521293801352054,0.2236763672384556,0.002948991670192732
-0.0001519993801352054,0.2209662726018082,0.001592714694953862
-0.0001518693801352054,0.2182561779651607,0.002609922426383015
-0.0001517393801352054,0.2148685596693513,0.002270853182573297
-0.0001516093801352054,0.2124972268622848,0.00193178393876358
-0.0001514793801352054,0.2091096085664755,0.00193178393876358
-0.0001513493801352054,0.206399513929828,0.002609922426383015
-0.0001512193801352054,0.2043669429523424,0.001592714694953862
-0.0001510893801352054,0.2030118956340186,0.002609922426383015
-0.0001509593801352054,0.2006405628269521,0.00464433788924132
-0.0001508293801352054,0.1972529445311427,0.00193178393876358
-0.0001506993801352054,0.1938653262353334,0.001592714694953862
-0.0001505693801352054,0.190816469769105,-0.0001026315240947261
-0.0001504393801352054,0.1860738041549719,-0.0004417007679044436
-0.0001503093801352054,0.1826861858591625,-0.0001026315240947261
-0.0001501793801352054,0.180314853052096,0.0005755069635247092
-0.0001500493801352054,0.1796373293929341,0.0005755069635247092
-0.0001499193801352054,0.1759109492675439,0.0009145762073344267
-0.0001497893801352054,0.1728620928013155,0.0005755069635247092
-0.0001496593801352054,0.1704907599942489,-0.0001026315240947261
-0.0001495293801352054,0.1664256180392777,-0.0001026315240947261
-0.0001493993801352054,0.1633767615730493,-0.0007807700117141612
-0.0001492693801352054,0.1603279051068209,-0.0004417007679044436
-0.0001491393801352054,0.1579565722997543,-0.0001026315240947261
-0.0001490093801352054,0.1559240013222687,0.0002364377197149915
-0.0001488793801352054,0.1528751448560403,0.0005755069635247092
-0.0001487493801352054,0.1498262883898119,0.0005755069635247092
-0.0001486193801352054,0.1464386700940026,0.001253645451144144
-0.0001484893801352054,0.1447448609460979,-0.0001026315240947261
-0.0001483593801352054,0.1410184808207076,-0.0004417007679044436
-0.0001482293801352054,0.1383083861840602,-0.0001026315240947261
-0.0001480993801352054,0.1335657205699271,-0.0004417007679044436
-0.0001479693801352054,0.1318719114220224,-0.0007807700117141612
-0.0001478393801352054,0.1315331495924415,-0.001119839255523879
-0.0001477093801352054,0.128823054955794,-0.001119839255523879
-0.0001475793801352054,0.123402865682499,-0.001797977743143314
-0.0001474493801352054,0.1220478183641753,-0.001797977743143314
-0.0001473193801352054,0.1203540092162706,-0.001458908499333596
-0.0001471893801352054,0.1173051527500422,-0.001119839255523879
-0.0001470593801352054,0.1142562962838138,-0.001458908499333596
-0.0001469293801352054,0.1112074398175854,-0.001797977743143314
-0.0001467993801352054,0.108158583351357,-0.001458908499333596
-0.0001466693801352054,0.1040934413963858,-0.001119839255523879
-0.0001465393801352054,0.1013833467597383,-0.001119839255523879
-0.0001464093801352054,0.09901201395267177,-0.0001026315240947261
-0.0001462793801352054,0.09731820480476711,-0.0007807700117141612
-0.0001461493801352054,0.09189801553147214,-0.0007807700117141612
-0.0001460193801352054,0.08952668272440562,-0.0001026315240947261
-0.0001458893801352054,0.08817163540608187,-0.001458908499333596
-0.0001457593801352054,0.08410649345111065,-0.001458908499333596
-0.0001456293801352054,0.07970258966655851,-0.001797977743143314
-0.0001454993801352054,0.07631497137074916,-0.0004417007679044436
-0.0001453693801352054,0.0736048767341017,-0.001458908499333596
-0.0001452393801352054,0.07123354392703515,-0.0001026315240947261
-0.0001451093801352054,0.07055602026787329,0.0005755069635247092
-0.0001449793801352054,0.06818468746080675,0.0009145762073344267
-0.0001448493801352054,0.0647970691649974,-0.0004417007679044436
-0.0001447193801352054,0.06174821269876898,-0.001458908499333596
-0.0001445893801352054,0.06039316538044526,-0.001458908499333596
-0.0001444593801352054,0.0559892615958931,-0.001797977743143314
-0.0001443293801352054,0.05260164330008377,-0.001458908499333596
-0.0001441993801352054,0.05056907232259815,-0.001119839255523879
-0.0001440693801352054,0.04853650134511255,-0.002137046986953032
-0.0001439393801352054,0.04582640670846508,-0.0007807700117141612
-0.0001438093801352054,0.04040621743517012,-0.0001026315240947261
-0.0001436793801352054,0.03634107548019891,0.0002364377197149915
-0.0001435493801352054,0.03363098084355144,-0.0007807700117141612
-0.0001434193801352054,0.03058212437732303,-0.001119839255523879
-0.0001432893801352054,0.02888831522941835,-0.0004417007679044436
-0.0001431593801352054,0.02583945876318994,-0.0007807700117141612
-0.0001430293801352054,0.02312936412654247,-0.001119839255523879
-0.0001428993801352054,0.0224518404673806,-0.001458908499333596
-0.0001427693801352054,0.01974174583073313,-0.0007807700117141612
-0.0001426393801352054,0.01533784204618098,-0.001119839255523879
-0.0001425093801352054,0.01228898557995257,-0.003154254718382184
-0.0001423793801352054,0.008562605454562293,-0.005527739425050207
-0.0001422493801352054,0.006868796306657621,-0.003154254718382184
-0.0001421193801352054,0.003819939840429212,-0.001458908499333596
-0.0001419893801352054,0.001448607033362672,0.0005755069635247092
-0.0001418593801352054,-0.002277773092027606,-0.0004417007679044436
-0.0001417293801352054,-0.004310344069513213,-0.001119839255523879
-0.0001415993801352054,-0.008375486024484425,-0.001797977743143314
-0.0001414693801352054,-0.01176310432029377,-0.001797977743143314
-0.0001413393801352054,-0.01481196078652218,-0.002137046986953032
-0.0001412093801352054,-0.01684453176400778,-0.002815185474572467
-0.0001410793801352054,-0.02057091188939806,-0.003154254718382184
-0.0001409493801352054,-0.02531357750353114,-0.002137046986953032
-0.0001408193801352054,-0.02768491031059768,-0.002137046986953032
-0.0001406893801352054,-0.03039500494724516,-0.001119839255523879
-0.0001405593801352054,-0.03208881409514983,-0.001119839255523879
-0.0001404293801352054,-0.03310509958389263,-0.002137046986953032
-0.0001402993801352054,-0.03581519422054011,-0.001119839255523879
-0.0001401693801352054,-0.03886405068676851,-0.0007807700117141612
-0.0001400393801352054,-0.0436067163009016,-0.001119839255523879
-0.0001399093801352054,-0.04631681093754908,-0.001119839255523879
-0.0001397793801352054,-0.04902690557419655,-0.001797977743143314
-0.0001396493801352054,-0.05139823838126309,-0.001458908499333596
-0.0001395193801352054,-0.05309204752916775,-0.001797977743143314
-0.0001393893801352054,-0.05614090399539617,-0.001458908499333596
-0.0001392593801352054,-0.05817347497288178,-0.001797977743143314
-0.0001391293801352054,-0.06359366424617673,-0.001119839255523879
-0.0001389993801352054,-0.06664252071240513,-0.001458908499333596
-0.0001388693801352054,-0.06765880620114793,-0.002476116230762749
-0.0001387393801352054,-0.07138518632653822,-0.003154254718382184
-0.0001386093801352054,-0.07477280462234756,-0.002476116230762749
-0.0001384793801352054,-0.07680537559983316,-0.001797977743143314
-0.0001383493801352054,-0.08087051755480437,-0.001797977743143314
-0.0001382193801352054,-0.08290308853228998,-0.001797977743143314
-0.0001380893801352054,-0.08459689768019465,-0.001797977743143314
-0.0001379593801352054,-0.0890008014647468,-0.0007807700117141612
-0.0001378293801352054,-0.09069461061265147,-0.002137046986953032
-0.0001376993801352054,-0.09204965793097521,-0.001797977743143314
-0.0001375693801352054,-0.09543727622678455,-0.001119839255523879
-0.0001374393801352054,-0.09916365635217483,-0.001119839255523879
-0.0001373093801352054,-0.1028900364775651,-0.0007807700117141612
-0.0001371793801352054,-0.1069551784325363,-0.001119839255523879
-0.0001370493801352054,-0.1093265112396029,-0.0001026315240947261
-0.0001369193801352054,-0.1127141295354122,-0.0007807700117141612
-0.0001367893801352054,-0.1147467005128978,-0.0007807700117141612
-0.0001366593801352054,-0.1174567951495453,-0.001119839255523879
-0.0001365293801352054,-0.1205056516157737,-0.001119839255523879
-0.0001363993801352054,-0.1252483172299068,-0.002137046986953032
-0.0001362693801352054,-0.1282971736961352,-0.002476116230762749
-0.0001361393801352054,-0.1303297446736208,-0.002137046986953032
-0.0001360093801352054,-0.1330398393102683,-0.002137046986953032
-0.0001358793801352054,-0.134394886628592,-0.002137046986953032
-0.0001357493801352054,-0.1377825049244013,-0.001797977743143314
-0.0001356193801352054,-0.1377825049244013,-0.002476116230762749
-0.0001354893801352054,-0.1404925995610488,-0.001458908499333596
-0.0001353593801352054,-0.144896503345601,-0.001119839255523879
-0.0001352293801352054,-0.1482841216414103,-0.001797977743143314
-0.0001350993801352054,-0.1496391689597341,-0.001797977743143314
-0.0001349693801352054,-0.1523492635963815,-0.0007807700117141612
-0.0001348393801352054,-0.1553981200626099,-0.0004417007679044436
-0.0001347093801352054,-0.1587857383584193,-0.002137046986953032
-0.0001345793801352054,-0.1614958329950668,-0.001797977743143314
-0.0001344493801352054,-0.1658997367796189,-0.0004417007679044436
-0.0001343193801352054,-0.1682710695866854,-0.001119839255523879
-0.0001341893801352054,-0.1709811642233329,-0.001797977743143314
-0.0001340593801352054,-0.1733524970303995,-0.001458908499333596
-0.0001339293801352054,-0.1770788771557897,0.00193178393876358
-0.0001337993801352054,-0.1801277336220181,0.002609922426383015
-0.0001336693801352054,-0.1835153519178275,-0.001119839255523879
-0.0001335393801352054,-0.1852091610657322,-0.0004417007679044436
-0.0001334093801352054,-0.1882580175319606,-0.001119839255523879
-0.0001332793801352054,-0.191306873998189,-0.0004417007679044436
-0.0001331493801352054,-0.1919843976573508,-0.0001026315240947261
-0.0001330193801352054,-0.1940169686348364,-0.0004417007679044436
-0.0001328893801352054,-0.1977433487602267,-0.001119839255523879
-0.0001327593801352054,-0.2011309670560361,-0.001119839255523879
-0.0001326293801352054,-0.2058736326701691,-0.0001026315240947261
-0.0001324993801352054,-0.2092612509659785,0.0005755069635247092
-0.0001323693801352054,-0.2109550601138832,-0.0001026315240947261
-0.0001322393801352054,-0.2140039165801116,-0.0001026315240947261
-0.0001321093801352054,-0.2163752493871781,-0.001119839255523879
-0.0001319793801352054,-0.2190853440238256,-0.001458908499333596
-0.0001318493801352054,-0.222134200490054,-0.001797977743143314
-0.0001317193801352054,-0.2258605806154443,-0.0007807700117141612
-0.0001315893801352054,-0.2289094370816727,-0.001119839255523879
-0.0001314593801352054,-0.2319582935479011,-0.001119839255523879
-0.0001313293801352054,-0.2339908645253867,-0.001119839255523879
-0.0001311993801352054,-0.2367009591620342,-0.001458908499333596
-0.0001310693801352054,-0.2387335301395198,-0.001119839255523879
-0.0001309393801352054,-0.2414436247761673,-0.001119839255523879
-0.0001308093801352054,-0.2441537194128147,-0.001797977743143314
-0.0001306793801352054,-0.2458475285607194,-0.001797977743143314
-0.0001305493801352054,-0.247880099538205,-0.002137046986953032
-0.0001304193801352054,-0.2505901941748525,-0.001119839255523879
-0.0001302893801352054,-0.2533002888115,-0.0007807700117141612
-0.0001301593801352054,-0.2560103834481474,-0.0007807700117141612
-0.0001300293801352054,-0.2604142872326996,-0.001458908499333596
-0.0001298993801352054,-0.2638019055285089,-0.0007807700117141612
-0.0001297693801352054,-0.268544571142642,-0.001458908499333596
-0.0001296393801352054,-0.268544571142642,-0.001119839255523879
-0.0001295093801352054,-0.2695608566313848,-0.0001026315240947261
-0.0001293793801352054,-0.2732872367567751,-0.0001026315240947261
-0.0001292493801352054,-0.2759973313934226,-0.0007807700117141612
-0.0001291193801352054,-0.2800624733483938,-0.001119839255523879
-0.0001289893801352054,-0.2831113298146222,-0.001458908499333596
-0.0001288593801352054,-0.2878539954287553,-0.001797977743143314
-0.0001287293801352054,-0.2885315190879171,-0.002137046986953032
-0.0001285993801352054,-0.2912416137245646,-0.001458908499333596
-0.0001284693801352054,-0.2939517083612121,-0.001119839255523879
-0.0001283393801352054,-0.2970005648274405,-0.001119839255523879
-0.0001282093801352054,-0.2993718976345071,-0.001458908499333596
-0.0001280793801352054,-0.3034370395894783,-0.001797977743143314
-0.0001279493801352054,-0.3068246578852876,-0.002476116230762749
-0.0001278193801352054,-0.3091959906923542,-0.002137046986953032
-0.0001276893801352054,-0.3108897998402588,-0.001797977743143314
-0.0001275593801352054,-0.3146161799656491,-0.001797977743143314
-0.0001274293801352054,-0.3176650364318775,-0.001458908499333596
-0.0001272993801352054,-0.3207138928981059,-0.002137046986953032
-0.0001271693801352054,-0.3234239875347534,-0.002137046986953032
-0.0001270393801352054,-0.325456558512239,-0.001458908499333596
-0.0001269093801352054,-0.3278278913193055,-0.001458908499333596
-0.0001267793801352054,-0.330199224126372,-0.001458908499333596
-0.0001266493801352054,-0.3332480805926005,-0.002137046986953032
-0.0001265193801352054,-0.3349418897405051,-0.002476116230762749
-0.0001263893801352054,-0.3386682698658954,-0.002137046986953032
-0.0001262593801352054,-0.340700840843381,-0.002476116230762749
-0.0001261293801352054,-0.3434109354800285,-0.004849600937430773
-0.0001259993801352054,-0.3451047446279332,-0.002476116230762749
-0.0001258693801352054,-0.3478148392645807,-0.002476116230762749
-0.0001257393801352054,-0.3498474102420663,0.0002364377197149915
-0.0001256093801352054,-0.3545900758561993,-0.0004417007679044436
-0.0001254793801352054,-0.3593327414703324,-0.0004417007679044436
-0.0001253493801352054,-0.361704074277399,0.0002364377197149915
-0.0001252193801352054,-0.3633978834253037,-0.001797977743143314
-0.0001250893801352054,-0.366446739891532,-0.001458908499333596
-0.0001249593801352054,-0.3688180726985986,-0.001458908499333596
-0.0001248293801352054,-0.3694955963577605,-0.002137046986953032
-0.0001246993801352054,-0.371866929164827,-0.002476116230762749
-0.0001245693801352054,-0.3755933092902173,-0.001797977743143314
-0.0001244393801352054,-0.3789809275860266,-0.001458908499333596
-0.0001243093801352054,-0.3816910222226741,-0.001458908499333596
-0.0001241793801352054,-0.3844011168593215,-0.0007807700117141612
-0.0001240493801352054,-0.38744997332555,-0.0004417007679044436
-0.0001239193801352054,-0.3901600679621974,-0.0004417007679044436
-0.0001237893801352054,-0.3942252099171686,-0.001119839255523879
-0.0001236593801352054,-0.3955802572354924,-0.001119839255523879
-0.0001235293801352054,-0.3979515900425589,-0.0007807700117141612
-0.0001233993801352054,-0.4013392083383683,-0.0007807700117141612
-0.0001232693801352054,-0.4047268266341776,-0.001458908499333596
-0.0001231393801352054,-0.4057431121229204,-0.001119839255523879
-0.0001230093801352054,-0.4087919685891488,-0.0004417007679044436
-0.0001228793801352054,-0.4115020632257963,-0.0004417007679044436
-0.0001227493801352054,-0.4152284433511866,-0.001458908499333596
-0.0001226193801352054,-0.418277299817415,-0.0004417007679044436
-0.0001224893801352054,-0.4199711089653197,-0.0001026315240947261
-0.0001223593801352054,-0.4216649181132243,-0.001458908499333596
-0.0001222293801352054,-0.4243750127498718,-0.001119839255523879
-0.0001220993801352054,-0.4274238692161002,-0.002137046986953032
-0.0001219693801352054,-0.4297952020231668,-0.001797977743143314
-0.0001218393801352054,-0.4318277730006524,-0.001119839255523879
-0.0001217093801352054,-0.4348766294668808,-0.001119839255523879
-0.0001215793801352054,-0.4379254859331092,-0.0004417007679044436
-0.0001214493801352054,-0.4409743423993376,0.0002364377197149915
-0.0001213193801352054,-0.4453782461838898,0.0005755069635247092
-0.0001211893801352054,-0.4467332935022135,0.0002364377197149915
-0.0001210593801352054,-0.4480883408205372,-0.0004417007679044436
-0.0001209293801352054,-0.44910462630928,-0.0001026315240947261
-0.0001207993801352054,-0.4507984354571847,0.001592714694953862
-0.0001206693801352054,-0.454524815582575,0.002270853182573297
-0.0001205393801352054,-0.4582511957079652,0.0005755069635247092
-0.0001204093801352054,-0.4609612903446128,0.0005755069635247092
-0.0001202793801352054,-0.4629938613220984,0.0005755069635247092
-0.0001201493801352054,-0.4657039559587458,0.0002364377197149915
-0.0001200193801352054,-0.4680752887658123,-0.0001026315240947261
-0.0001198893801352054,-0.469769097913717,-0.0004417007679044436
-0.0001197593801352054,-0.4731567162095264,-0.001119839255523879
-0.0001196293801352054,-0.4762055726757548,-0.001458908499333596
-0.0001194993801352054,-0.4782381436532404,-0.001458908499333596
-0.0001193693801352054,-0.4806094764603069,-0.0001026315240947261
-0.0001192393801352054,-0.4819645237786306,0.0002364377197149915
-0.0001191093801352054,-0.4836583329265353,0.0002364377197149915
-0.0001189793801352054,-0.4870459512223447,-0.0004417007679044436
-0.0001188493801352054,-0.490772331347735,-0.002137046986953032
-0.0001187193801352054,-0.4924661404956396,-0.002476116230762749
-0.0001185893801352054,-0.4958537587914489,-0.001119839255523879
-0.0001184593801352054,-0.4982250915985155,-0.0001026315240947261
-0.0001183293801352054,-0.5009351862351631,-0.0004417007679044436
-0.0001181993801352054,-0.5029677572126486,-0.001458908499333596
-0.0001180693801352054,-0.5053390900197152,-0.001797977743143314
-0.0001179393801352054,-0.5083879464859435,-0.002476116230762749
-0.0001178093801352054,-0.5121143266113338,-0.001797977743143314
-0.0001176793801352054,-0.5127918502704958,-0.001797977743143314
-0.0001175493801352054,-0.5151631830775623,-0.0007807700117141612
-0.0001174193801352054,-0.5171957540550479,-0.001119839255523879
-0.0001172893801352054,-0.5192283250325335,-0.001119839255523879
-0.0001171593801352054,-0.5205833723508573,-0.0001026315240947261
-0.0001170293801352054,-0.5236322288170856,-0.0004417007679044436
-0.0001168993801352054,-0.527019847112895,-0.001119839255523879
-0.0001167693801352054,-0.5300687035791234,-0.001458908499333596
-0.0001166393801352054,-0.5331175600453518,-0.001797977743143314
-0.0001165093801352054,-0.5348113691932564,-0.0004417007679044436
-0.0001163793801352054,-0.5368439401707421,-0.0004417007679044436
-0.0001162493801352054,-0.5388765111482277,-0.001458908499333596
-0.0001161193801352054,-0.5409090821257133,-0.001797977743143314
-0.0001159893801352054,-0.5446354622511036,-0.002815185474572467
-0.0001158593801352054,-0.547684318717332,-0.002476116230762749
-0.0001157293801352054,-0.5487006042060748,-0.002476116230762749
-0.0001155993801352054,-0.5514106988427222,-0.003154254718382184
-0.0001154693801352054,-0.5534432698202079,-0.003154254718382184
-0.0001153393801352054,-0.5571696499455981,-0.003493323962191902
-0.0001152093801352054,-0.5619123155597312,-0.002476116230762749
-0.0001150793801352054,-0.5625898392188931,-0.002137046986953032
-0.0001149493801352054,-0.5639448865372169,-0.001119839255523879
-0.0001148193801352054,-0.5646224101963787,0.0005755069635247092
-0.0001146893801352054,-0.5673325048330262,0.001253645451144144
-0.0001145593801352054,-0.5703813612992545,0.0009145762073344267
-0.0001144293801352054,-0.5720751704471593,0.0009145762073344267
-0.0001142993801352054,-0.5754627887429686,0.0005755069635247092
-0.0001141693801352054,-0.578172883379616,0.0002364377197149915
-0.0001140393801352054,-0.5802054543571017,-0.0001026315240947261
-0.0001139093801352054,-0.5832543108233301,-0.001119839255523879
-0.0001137793801352054,-0.5859644054599775,-0.001458908499333596
-0.0001136493801352054,-0.589013261926206,-0.001119839255523879
-0.0001135193801352054,-0.5910458329036916,-0.0007807700117141612
-0.0001133893801352054,-0.5924008802220153,-0.001119839255523879
-0.0001132593801352054,-0.5947722130290819,-0.0004417007679044436
-0.0001131293801352054,-0.5968047840065674,-0.001119839255523879
-0.0001129993801352054,-0.599176116813634,-0.001797977743143314
-0.0001128693801352054,-0.6005311641319577,-0.001458908499333596
-0.0001127393801352054,-0.6025637351094434,-0.001119839255523879
-0.0001126093801352054,-0.604257544257348,-0.0007807700117141612
-0.0001124793801352054,-0.6073064007235764,-0.001119839255523879
-0.0001123493801352054,-0.6086614480419001,-0.0007807700117141612
-0.0001122193801352054,-0.6110327808489667,-0.0007807700117141612
-0.0001120893801352054,-0.6137428754856141,-0.0001026315240947261
-0.0001119593801352054,-0.6154366846335189,-0.0004417007679044436
-0.0001118293801352054,-0.6195018265884901,0.0009145762073344267
-0.0001116993801352054,-0.6218731593955567,0.001253645451144144
-0.0001115693801352054,-0.624583254032204,0.003966199401621885
-0.0001114393801352054,-0.6266158250096897,0.004305268645431602
-0.0001113093801352054,-0.6289871578167562,0.0005755069635247092
-0.0001111793801352054,-0.6310197287942418,-0.001119839255523879
-0.0001110493801352054,-0.6333910616013084,-0.001797977743143314
-0.0001109193801352054,-0.6361011562379558,-0.001458908499333596
-0.0001107893801352054,-0.6384724890450224,-0.001458908499333596
-0.0001106593801352054,-0.6398275363633461,-0.001458908499333596
-0.0001105293801352054,-0.6425376309999936,-0.001458908499333596
-0.0001103993801352054,-0.6452477256366411,-0.001119839255523879
-0.0001102693801352054,-0.6462640111253839,-0.0007807700117141612
-0.0001101393801352054,-0.6503291530803551,-0.001119839255523879
-0.0001100093801352054,-0.6530392477170026,-0.0007807700117141612
-0.0001098793801352054,-0.6533780095465835,-0.0004417007679044436
-0.0001097493801352054,-0.6540555332057454,-0.0001026315240947261
-0.0001096193801352054,-0.6554105805240691,-0.0004417007679044436
-0.0001094893801352054,-0.6591369606494594,-0.0004417007679044436
-0.0001093593801352054,-0.6608307697973641,0.0002364377197149915
-0.0001092293801352054,-0.6635408644340115,-0.0001026315240947261
-0.0001090993801352054,-0.6652346735819162,0.0002364377197149915
-0.0001089693801352054,-0.6682835300481446,0.0005755069635247092
-0.0001088393801352054,-0.6716711483439539,-0.0004417007679044436
-0.0001087093801352054,-0.6740424811510205,-0.0007807700117141612
-0.0001085793801352054,-0.6747200048101823,-0.001119839255523879
-0.0001084493801352054,-0.676075052128506,-0.001458908499333596
-0.0001083193801352054,-0.6777688612764108,-0.001458908499333596
-0.0001081893801352054,-0.6808177177426392,-0.001119839255523879
-0.0001080593801352054,-0.6835278123792866,-0.0001026315240947261
-0.0001079293801352054,-0.6858991451863532,0.0002364377197149915
-0.0001077993801352054,-0.6879317161638389,-0.001119839255523879
-0.0001076693801352054,-0.6899642871413244,-0.0007807700117141612
-0.0001075393801352054,-0.6919968581188101,-0.001119839255523879
-0.0001074093801352054,-0.6943681909258765,-0.001797977743143314
-0.0001072793801352054,-0.697417047392105,-0.001797977743143314
-0.0001071493801352054,-0.6987720947104287,-0.001797977743143314
-0.0001070193801352054,-0.6994496183695905,-0.001119839255523879
-0.0001068893801352054,-0.6997883801991716,-0.0007807700117141612
-0.0001067593801352054,-0.702498474835819,-0.0007807700117141612
-0.0001066293801352054,-0.7069023786203711,-0.0001026315240947261
-0.0001064993801352054,-0.7089349495978567,0.0005755069635247092
-0.0001063693801352054,-0.7109675205753423,0.0009145762073344267
-0.0001062393801352054,-0.712661329723247,-0.0001026315240947261
-0.0001061093801352054,-0.7146939007007326,-0.0004417007679044436
-0.0001059793801352054,-0.7163877098486373,-0.0007807700117141612
-0.0001058493801352054,-0.7174039953373801,-0.001119839255523879
-0.0001057193801352054,-0.7201140899740276,-0.001119839255523879
-0.0001055893801352054,-0.723501708269837,-0.001458908499333596
-0.0001054593801352054,-0.7245179937585797,-0.002476116230762749
-0.0001053293801352054,-0.7255342792473225,-0.002476116230762749
-0.0001051993801352054,-0.7272280883952272,-0.001458908499333596
-0.0001050693801352054,-0.7289218975431319,-0.001119839255523879
-0.0001049393801352054,-0.7323095158389412,-0.001458908499333596
-0.0001048093801352054,-0.7340033249868458,-0.001119839255523879
-0.0001046793801352054,-0.7360358959643315,-0.002137046986953032
-0.0001045493801352054,-0.7377297051122361,-0.001119839255523879
-0.0001044193801352054,-0.7421336088967883,-0.001797977743143314
-0.0001042893801352054,-0.7451824653630167,-0.001797977743143314
-0.0001041593801352054,-0.7465375126813405,-0.002137046986953032
-0.0001040293801352054,-0.748570083658826,-0.001797977743143314
-0.0001038993801352054,-0.748908845488407,-0.001458908499333596
-0.0001037693801352054,-0.7506026546363117,-0.001797977743143314
-0.0001036393801352054,-0.7522964637842163,-0.001458908499333596
-0.0001035093801352054,-0.7550065584208638,-0.001119839255523879
-0.0001033793801352054,-0.7560228439096066,-0.0004417007679044436
-0.0001032493801352054,-0.7567003675687685,0.0002364377197149915
-0.0001031193801352054,-0.7587329385462541,-0.0007807700117141612
-0.0001029893801352054,-0.7597492240349969,-0.002137046986953032
-0.0001028593801352054,-0.7614430331829015,-0.005527739425050207
-0.0001027293801352054,-0.7638143659899681,-0.004849600937430773
-0.0001025993801352054,-0.7651694133082918,-0.002815185474572467
-0.0001024693801352054,-0.7668632224561965,-0.0007807700117141612
-0.0001023393801352054,-0.769234555263263,-0.0001026315240947261
-0.0001022093801352054,-0.7716058880703296,0.0002364377197149915
-0.0001020793801352054,-0.7736384590478153,0.0005755069635247092
-0.0001019493801352054,-0.7756710300253008,-0.001119839255523879
-0.0001018193801352054,-0.7773648391732054,-0.0007807700117141612
-0.0001016893801352054,-0.7790586483211102,-0.0007807700117141612
-0.0001015593801352054,-0.7793974101506911,-0.0001026315240947261
-0.0001014293801352054,-0.7821075047873386,-0.001119839255523879
-0.0001012993801352054,-0.7838013139352432,-0.0004417007679044436
-0.0001011693801352054,-0.7868501704014716,-0.0007807700117141612
-0.0001010393801352054,-0.7888827413789572,-0.001119839255523879
-0.0001009093801352054,-0.7898990268677001,-0.001458908499333596
-0.0001007793801352054,-0.7919315978451856,-0.001797977743143314
-0.0001006493801352054,-0.7912540741860238,-0.001458908499333596
-0.0001005193801352054,-0.795319216140995,-0.0004417007679044436
-0.0001003893801352054,-0.7970130252888997,-0.0001026315240947261
-0.0001002593801352054,-0.7983680726072234,-0.0001026315240947261
-0.0001001293801352054,-0.8007394054142899,-0.0001026315240947261
-9.999938013520541e-05,-0.8024332145621946,-0.0001026315240947261
-9.986938013520541e-05,-0.8051433091988421,-0.0007807700117141612
-9.973938013520541e-05,-0.8061595946875849,-0.0007807700117141612
-9.960938013520541e-05,-0.8081921656650705,-0.0004417007679044436
-9.947938013520541e-05,-0.8102247366425561,-0.0007807700117141612
-9.93493801352054e-05,-0.8119185457904607,0.0002364377197149915
-9.92193801352054e-05,-0.8125960694496227,-0.0007807700117141612
-9.90893801352054e-05,-0.8136123549383655,-0.002137046986953032
-9.89593801352054e-05,-0.8173387350637558,-0.001458908499333596
-9.88293801352054e-05,-0.8183550205524985,-0.0007807700117141612
-9.86993801352054e-05,-0.8207263533595651,-0.0007807700117141612
-9.85693801352054e-05,-0.8224201625074697,-0.001119839255523879
-9.84393801352054e-05,-0.8241139716553744,-0.0001026315240947261
-9.830938013520541e-05,-0.8244527334849554,-0.0007807700117141612
-9.81793801352054e-05,-0.8247914953145363,-0.0004417007679044436
-9.804938013520541e-05,-0.826485304462441,-0.0001026315240947261
-9.791938013520541e-05,-0.8281791136103457,-0.0004417007679044436
-9.778938013520541e-05,-0.8298729227582503,-0.001119839255523879
-9.765938013520541e-05,-0.8322442555653169,-0.0004417007679044436
-9.752938013520541e-05,-0.8332605410540597,-0.001119839255523879
-9.739938013520541e-05,-0.8363093975202881,-0.001458908499333596
-9.726938013520541e-05,-0.8383419684977736,-0.0001026315240947261
-9.713938013520541e-05,-0.8396970158160973,0.001253645451144144
-9.700938013520541e-05,-0.8413908249640021,0.0005755069635247092
-9.687938013520541e-05,-0.8427458722823258,0.0005755069635247092
-9.674938013520541e-05,-0.8441009196006496,0.0005755069635247092
-9.661938013520541e-05,-0.8454559669189733,-0.0001026315240947261
-9.648938013520541e-05,-0.8471497760668779,-0.001458908499333596
-9.635938013520541e-05,-0.8471497760668779,-0.001797977743143314
-9.622938013520541e-05,-0.8488435852147826,-0.0007807700117141612
-9.609938013520541e-05,-0.8505373943626873,-0.0001026315240947261
-9.596938013520541e-05,-0.8529087271697539,-0.0001026315240947261
-9.583938013520541e-05,-0.8532474889993348,-0.0004417007679044436
-9.570938013520541e-05,-0.8549412981472394,-0.001797977743143314
-9.557938013520541e-05,-0.8576513927838869,-0.002137046986953032
-9.54493801352054e-05,-0.8590064401022106,-0.0004417007679044436
-9.53193801352054e-05,-0.8607002492501153,-0.0001026315240947261
-9.51893801352054e-05,-0.8627328202276009,-0.0001026315240947261
-9.50593801352054e-05,-0.8644266293755056,-0.001797977743143314
-9.49293801352054e-05,-0.8654429148642484,-0.0004417007679044436
-9.47993801352054e-05,-0.8657816766938293,0.0002364377197149915
-9.46693801352054e-05,-0.8664592003529912,-0.0001026315240947261
-9.453938013520542e-05,-0.8691692949896387,-0.0007807700117141612
-9.44093801352054e-05,-0.8722181514558671,0.002609922426383015
-9.427938013520541e-05,-0.872556913285448,0.002270853182573297
-9.41493801352054e-05,-0.8732344369446099,0.0002364377197149915
-9.401938013520541e-05,-0.8742507224333527,0.0009145762073344267
-9.388938013520541e-05,-0.8772995788995811,-0.0001026315240947261
-9.375938013520541e-05,-0.8772995788995811,-0.0007807700117141612
-9.362938013520541e-05,-0.877977102558743,-0.0007807700117141612
-9.349938013520541e-05,-0.8800096735362286,-0.001797977743143314
-9.336938013520541e-05,-0.8817034826841332,-0.001458908499333596
-9.323938013520541e-05,-0.8837360536616189,-0.001458908499333596
-9.310938013520541e-05,-0.8861073864686854,-0.002137046986953032
-9.297938013520541e-05,-0.8867849101278473,-0.001458908499333596
-9.284938013520541e-05,-0.8878011956165901,-0.001797977743143314
-9.271938013520541e-05,-0.8891562429349138,-0.0007807700117141612
-9.258938013520541e-05,-0.8908500520828185,0.0002364377197149915
-9.245938013520541e-05,-0.8905112902532375,0.001253645451144144
-9.232938013520541e-05,-0.8922050994011422,0.0009145762073344267
-9.219938013520541e-05,-0.8922050994011422,-0.0001026315240947261
-9.206938013520541e-05,-0.8942376703786278,-0.0001026315240947261
-9.193938013520541e-05,-0.8966090031856944,-0.0004417007679044436
-9.180938013520541e-05,-0.8969477650152753,-0.001458908499333596
-9.167938013520541e-05,-0.898302812333599,-0.0007807700117141612
-9.15493801352054e-05,-0.9006741451406656,-0.0007807700117141612
-9.14193801352054e-05,-0.9027067161181512,-0.0007807700117141612
-9.12893801352054e-05,-0.9033842397773131,-0.0001026315240947261
-9.11593801352054e-05,-0.9030454779477322,-0.0001026315240947261
-9.10293801352054e-05,-0.9050780489252177,-0.001119839255523879
-9.08993801352054e-05,-0.9067718580731224,-0.001797977743143314
-9.07693801352054e-05,-0.9104982381985127,-0.001797977743143314
-9.06393801352054e-05,-0.9101594763689318,-0.001119839255523879
-9.05093801352054e-05,-0.9101594763689318,-0.0004417007679044436
-9.03793801352054e-05,-0.9111757618576746,-0.0001026315240947261
-9.024938013520541e-05,-0.9121920473464173,0.0005755069635247092
-9.011938013520541e-05,-0.9121920473464173,0.0002364377197149915
-8.998938013520541e-05,-0.913547094664741,0.0002364377197149915
-8.985938013520541e-05,-0.9152409038126458,-0.0004417007679044436
-8.972938013520541e-05,-0.9179509984492933,-0.0007807700117141612
-8.959938013520541e-05,-0.9172734747901313,-0.0007807700117141612
-8.946938013520541e-05,-0.9189672839380361,-0.0007807700117141612
-8.933938013520541e-05,-0.9186285221084551,-0.0004417007679044436
-8.920938013520541e-05,-0.9209998549155216,-0.001119839255523879
-8.907938013520541e-05,-0.9223549022338454,-0.0004417007679044436
-8.894938013520541e-05,-0.9230324258930073,0.0002364377197149915
-8.881938013520541e-05,-0.9237099495521691,0.0002364377197149915
-8.868938013520541e-05,-0.9254037587000737,-0.0004417007679044436
-8.855938013520541e-05,-0.9257425205296548,-0.0004417007679044436
-8.842938013520541e-05,-0.9284526151663022,-0.0004417007679044436
-8.829938013520541e-05,-0.9294689006550449,-0.001119839255523879
-8.816938013520541e-05,-0.9318402334621115,-0.001119839255523879
-8.803938013520541e-05,-0.9308239479733688,-0.0001026315240947261
-8.790938013520541e-05,-0.9304851861437878,-0.0001026315240947261
-8.777938013520541e-05,-0.9311627098029497,-0.0004417007679044436
-8.76493801352054e-05,-0.9325177571212734,-0.001797977743143314
-8.75193801352054e-05,-0.934550328098759,-0.001458908499333596
-8.73893801352054e-05,-0.9369216609058255,-0.002137046986953032
-8.72593801352054e-05,-0.9382767082241493,-0.001797977743143314
-8.71293801352054e-05,-0.9389542318833112,-0.001458908499333596
-8.69993801352054e-05,-0.9392929937128921,-0.001458908499333596
-8.68693801352054e-05,-0.9406480410312158,-0.001797977743143314
-8.67393801352054e-05,-0.9409868028607967,-0.004171462449811337
-8.66093801352054e-05,-0.9413255646903778,-0.004849600937430773
-8.64793801352054e-05,-0.9420030883495396,-0.002137046986953032
-8.63493801352054e-05,-0.9443744211566061,-0.002137046986953032
-8.621938013520541e-05,-0.9460682303045108,-0.0004417007679044436
-8.608938013520541e-05,-0.9464069921340917,-0.0001026315240947261
-8.595938013520541e-05,-0.9474232776228345,0.0002364377197149915
-8.582938013520541e-05,-0.9481008012819964,0.0005755069635247092
-8.569938013520541e-05,-0.9491170867707392,0.0002364377197149915
-8.556938013520541e-05,-0.9477620394524154,-0.0001026315240947261
-8.543938013520541e-05,-0.9497946104299011,0.0009145762073344267
-8.530938013520541e-05,-0.9518271814073866,-0.0004417007679044436
-8.517938013520541e-05,-0.9528434668961294,-0.001458908499333596
-8.504938013520541e-05,-0.9558923233623579,-0.001797977743143314
-8.491938013520541e-05,-0.9555535615327769,-0.001458908499333596
-8.478938013520541e-05,-0.9558923233623579,-0.001458908499333596
-8.465938013520541e-05,-0.9562310851919388,-0.001797977743143314
-8.452938013520541e-05,-0.9582636561694244,-0.001797977743143314
-8.439938013520541e-05,-0.96029622714691,-0.001119839255523879
-8.426938013520541e-05,-0.9609737508060719,-0.0007807700117141612
-8.413938013520541e-05,-0.9616512744652338,-0.001458908499333596
-8.400938013520541e-05,-0.9609737508060719,-0.001119839255523879
-8.387938013520541e-05,-0.96029622714691,-0.0007807700117141612
-8.37493801352054e-05,-0.9592799416581672,-0.0007807700117141612
-8.36193801352054e-05,-0.9606349889764909,-0.0007807700117141612
-8.34893801352054e-05,-0.9623287981243956,-0.0007807700117141612
-8.33593801352054e-05,-0.9623287981243956,-0.0001026315240947261
-8.32293801352054e-05,-0.9636838454427193,-0.001119839255523879
-8.30993801352054e-05,-0.9647001309314622,-0.0007807700117141612
-8.29693801352054e-05,-0.965716416420205,0.0005755069635247092
-8.28393801352054e-05,-0.9677489873976906,-0.0007807700117141612
-8.27093801352054e-05,-0.9687652728864334,-0.0001026315240947261
-8.25793801352054e-05,-0.9687652728864334,0.0002364377197149915
-8.244938013520541e-05,-0.9697815583751762,-0.0001026315240947261
-8.231938013520541e-05,-0.9701203202047571,-0.0007807700117141612
-8.218938013520541e-05,-0.970797843863919,-0.001119839255523879
-8.205938013520541e-05,-0.9721528911822427,-0.0007807700117141612
-8.192938013520541e-05,-0.9721528911822427,0.0002364377197149915
-8.179938013520541e-05,-0.9728304148414046,0.0005755069635247092
-8.166938013520541e-05,-0.9731691766709856,0.001253645451144144
-8.153938013520541e-05,-0.9728304148414046,0.001592714694953862
-8.140938013520541e-05,-0.9728304148414046,0.0009145762073344267
-8.127938013520541e-05,-0.9748629858188902,0.001253645451144144
-8.114938013520541e-05,-0.9775730804555377,-0.0001026315240947261
-8.101938013520541e-05,-0.9785893659442805,0.0005755069635247092
-8.088938013520541e-05,-0.9782506041146996,-0.0004417007679044436
-8.075938013520541e-05,-0.9779118422851186,-0.0004417007679044436
-8.062938013520541e-05,-0.9792668896034423,-0.001797977743143314
-8.049938013520541e-05,-0.9796056514330233,-0.001119839255523879
-8.036938013520541e-05,-0.9796056514330233,-0.0007807700117141612
-8.023938013520541e-05,-0.9799444132626042,-0.0001026315240947261
-8.010938013520541e-05,-0.9826545078992517,-0.0007807700117141612
-7.997938013520541e-05,-0.9833320315584135,-0.0004417007679044436
-7.98493801352054e-05,-0.9819769842400898,0.0005755069635247092
-7.97193801352054e-05,-0.9819769842400898,0.0005755069635247092
-7.95893801352054e-05,-0.9823157460696708,0.0005755069635247092
-7.94593801352054e-05,-0.9819769842400898,-0.0001026315240947261
-7.93293801352054e-05,-0.9829932697288326,0.0002364377197149915
-7.91993801352054e-05,-0.9836707933879945,-0.0007807700117141612
-7.90693801352054e-05,-0.9853646025358992,-0.0004417007679044436
-7.89393801352054e-05,-0.9850258407063183,-0.0004417007679044436
-7.88093801352054e-05,-0.9850258407063183,-0.0001026315240947261
-7.86793801352054e-05,-0.986042126195061,-0.0007807700117141612
-7.85493801352054e-05,-0.9870584116838038,-0.001119839255523879
-7.841938013520541e-05,-0.9877359353429657,-0.001797977743143314
-7.828938013520541e-05,-0.9897685063204513,-0.001797977743143314
-7.815938013520541e-05,-0.9904460299796132,-0.002476116230762749
-7.802938013520541e-05,-0.991123553638775,-0.001458908499333596
-7.789938013520541e-05,-0.9897685063204513,-0.001458908499333596
-7.776938013520541e-05,-0.9904460299796132,-0.001458908499333596
-7.763938013520541e-05,-0.9904460299796132,-0.001119839255523879
-7.750938013520541e-05,-0.9918010772979369,-0.0001026315240947261
-7.737938013520541e-05,-0.9928173627866798,-0.0007807700117141612
-7.724938013520541e-05,-0.9918010772979369,-0.0007807700117141612
-7.711938013520541e-05,-0.9934948864458416,-0.0004417007679044436
-7.698938013520541e-05,-0.9934948864458416,-0.0004417007679044436
-7.685938013520541e-05,-0.9934948864458416,0.0005755069635247092
-7.672938013520541e-05,-0.9938336482754225,0.0002364377197149915
-7.659938013520541e-05,-0.9948499337641653,-0.0001026315240947261
-7.646938013520541e-05,-0.9955274574233272,-0.0001026315240947261
-7.633938013520541e-05,-0.9958662192529082,-0.0001026315240947261
-7.620938013520541e-05,-0.996882504741651,0.0002364377197149915
-7.607938013520541e-05,-0.9962049810824891,0.0002364377197149915
-7.594938013520541e-05,-0.9941724101050035,-0.0001026315240947261
-7.58193801352054e-05,-0.9955274574233272,0.0002364377197149915
-7.56893801352054e-05,-0.9972212665712319,-0.0007807700117141612
-7.55593801352054e-05,-0.9989150757191365,-0.001119839255523879
-7.54293801352054e-05,-0.9989150757191365,-0.001119839255523879
-7.52993801352054e-05,-0.9992538375487174,-0.001797977743143314
-7.51693801352054e-05,-0.9985763138895556,-0.001119839255523879
-7.50393801352054e-05,-0.9992538375487174,-0.001797977743143314
-7.49093801352054e-05,-1.000608884867041,-0.0007807700117141612
-7.47793801352054e-05,-1.000608884867041,-0.0004417007679044436
-7.464938013520541e-05,-0.9992538375487174,-0.0004417007679044436
-7.45193801352054e-05,-0.9995925993782984,-0.0004417007679044436
-7.438938013520541e-05,-0.9989150757191365,-0.0007807700117141612
-7.42593801352054e-05,-0.9989150757191365,-0.0007807700117141612
-7.412938013520541e-05,-0.9985763138895556,-0.001119839255523879
-7.399938013520541e-05,-0.9982375520599747,0.0002364377197149915
-7.386938013520541e-05,-0.9992538375487174,-0.0001026315240947261
-7.373938013520541e-05,-0.9982375520599747,0.0002364377197149915
-7.360938013520541e-05,-0.9989150757191365,0.0002364377197149915
-7.347938013520541e-05,-0.9985763138895556,0.0009145762073344267
-7.334938013520541e-05,-0.9975600284008128,0.001253645451144144
-7.321938013520541e-05,-0.9972212665712319,0.0009145762073344267
-7.308938013520541e-05,-0.9982375520599747,0.0005755069635247092
-7.295938013520541e-05,-0.9995925993782984,0.0002364377197149915
-7.282938013520541e-05,-1.000947646696622,-0.001119839255523879
-7.269938013520541e-05,-1.000947646696622,-0.0007807700117141612
-7.256938013520541e-05,-1.001286408526203,-0.0004417007679044436
-7.243938013520541e-05,-1.001625170355784,-0.0004417007679044436
-7.230938013520541e-05,-1.001963932185365,-0.0004417007679044436
-7.217938013520541e-05,-1.001286408526203,-0.0004417007679044436
-7.204938013520541e-05,-0.9992538375487174,0.002948991670192732
-7.19193801352054e-05,-0.9982375520599747,0.00328806091400245
-7.17893801352054e-05,-1.000608884867041,0.0009145762073344267
-7.16593801352054e-05,-1.000947646696622,0.0005755069635247092
-7.15293801352054e-05,-1.002641455844527,-0.0004417007679044436
-7.13993801352054e-05,-1.001963932185365,-0.0004417007679044436
-7.12693801352054e-05,-1.000608884867041,-0.0001026315240947261
-7.11393801352054e-05,-1.000608884867041,-0.001458908499333596
-7.10093801352054e-05,-1.00027012303746,-0.001458908499333596
-7.08793801352054e-05,-0.9992538375487174,-0.0007807700117141612
-7.07493801352054e-05,-0.9999313612078793,-0.0004417007679044436
-7.061938013520541e-05,-1.00027012303746,-0.0001026315240947261
-7.04893801352054e-05,-1.000947646696622,-0.0001026315240947261
-7.035938013520541e-05,-0.9999313612078793,0.0005755069635247092
-7.022938013520541e-05,-0.9999313612078793,-0.0001026315240947261
-7.009938013520541e-05,-1.001625170355784,-0.0004417007679044436
-6.996938013520541e-05,-1.002980217674108,-0.0007807700117141612
-6.983938013520541e-05,-1.001625170355784,-0.0007807700117141612
-6.970938013520541e-05,-1.001625170355784,-0.001119839255523879
-6.957938013520541e-05,-1.001286408526203,-0.0007807700117141612
-6.944938013520541e-05,-1.000947646696622,-0.0004417007679044436
-6.931938013520541e-05,-1.001963932185365,-0.0007807700117141612
-6.918938013520541e-05,-1.001286408526203,-0.001119839255523879
-6.905938013520541e-05,-1.001963932185365,-0.0007807700117141612
-6.892938013520541e-05,-1.002641455844527,-0.0007807700117141612
-6.879938013520541e-05,-1.000947646696622,-0.0004417007679044436
-6.866938013520541e-05,-1.001286408526203,0.0005755069635247092
-6.853938013520541e-05,-1.001625170355784,-0.0004417007679044436
-6.840938013520541e-05,-1.000608884867041,-0.001458908499333596
-6.827938013520541e-05,-0.9985763138895556,-0.0001026315240947261
-6.814938013520541e-05,-0.9982375520599747,-0.0004417007679044436
-6.80193801352054e-05,-0.9978987902303937,0.0009145762073344267
-6.78893801352054e-05,-0.9975600284008128,-0.0001026315240947261
-6.77593801352054e-05,-0.9978987902303937,0.0005755069635247092
-6.76293801352054e-05,-0.99654374291207,-0.0007807700117141612
-6.74993801352054e-05,-0.9972212665712319,-0.001119839255523879
-6.73693801352054e-05,-0.9972212665712319,-0.001797977743143314
-6.72393801352054e-05,-0.9975600284008128,-0.001458908499333596
-6.71093801352054e-05,-0.996882504741651,-0.0001026315240947261
-6.69793801352054e-05,-0.9978987902303937,0.0005755069635247092
-6.684938013520541e-05,-0.9985763138895556,0.0005755069635247092
-6.67193801352054e-05,-0.9985763138895556,0.0002364377197149915
-6.658938013520541e-05,-0.9972212665712319,0.0005755069635247092
-6.64593801352054e-05,-0.9972212665712319,-0.0007807700117141612
-6.632938013520541e-05,-0.996882504741651,-0.001458908499333596
-6.61993801352054e-05,-0.9962049810824891,-0.0004417007679044436
-6.606938013520541e-05,-0.9951886955937462,-0.0007807700117141612
-6.593938013520541e-05,-0.9951886955937462,-0.0001026315240947261
-6.580938013520541e-05,-0.9951886955937462,-0.0004417007679044436
-6.567938013520541e-05,-0.9948499337641653,-0.0004417007679044436
-6.554938013520541e-05,-0.9938336482754225,-0.0001026315240947261
-6.541938013520541e-05,-0.9934948864458416,0.0002364377197149915
-6.528938013520541e-05,-0.9918010772979369,-0.0004417007679044436
-6.515938013520541e-05,-0.9921398391275179,-0.001458908499333596
-6.502938013520541e-05,-0.991123553638775,-0.001458908499333596
-6.489938013520541e-05,-0.9914623154683559,-0.001119839255523879
-6.476938013520541e-05,-0.9907847918091941,-0.0001026315240947261
-6.463938013520541e-05,-0.9894297444908704,-0.0001026315240947261
-6.450938013520541e-05,-0.9894297444908704,0.0005755069635247092
-6.437938013520541e-05,-0.9877359353429657,-0.0004417007679044436
-6.424938013520541e-05,-0.9877359353429657,-0.0004417007679044436
-6.41193801352054e-05,-0.986380888024642,-0.0004417007679044436
-6.39893801352054e-05,-0.9870584116838038,-0.0007807700117141612
-6.38593801352054e-05,-0.9884134590021276,-0.0004417007679044436
-6.37293801352054e-05,-0.9870584116838038,-0.0001026315240947261
-6.35993801352054e-05,-0.986380888024642,-0.0004417007679044436
-6.34693801352054e-05,-0.9857033643654801,-0.001797977743143314
-6.33393801352054e-05,-0.986380888024642,-0.003154254718382184
-6.32093801352054e-05,-0.9873971735133847,0.0005755069635247092
-6.307938013520541e-05,-0.9857033643654801,0.0009145762073344267
-6.29493801352054e-05,-0.9857033643654801,-0.0001026315240947261
-6.281938013520541e-05,-0.9840095552175754,-0.0001026315240947261
-6.26893801352054e-05,-0.9836707933879945,-0.0001026315240947261
-6.255938013520541e-05,-0.9843483170471564,-0.0007807700117141612
-6.24293801352054e-05,-0.986380888024642,-0.0007807700117141612
-6.229938013520541e-05,-0.9850258407063183,-0.001119839255523879
-6.21693801352054e-05,-0.9823157460696708,-0.001119839255523879
-6.203938013520541e-05,-0.981299460580928,0.0005755069635247092
-6.190938013520541e-05,-0.9802831750921852,-0.0004417007679044436
-6.177938013520541e-05,-0.9802831750921852,0.0005755069635247092
-6.164938013520541e-05,-0.981299460580928,0.0009145762073344267
-6.151938013520541e-05,-0.9816382224105089,-0.0001026315240947261
-6.138938013520541e-05,-0.9802831750921852,-0.0007807700117141612
-6.125938013520541e-05,-0.9789281277738614,-0.0007807700117141612
-6.112938013520541e-05,-0.9765567949667949,-0.001119839255523879
-6.099938013520541e-05,-0.975879271307633,-0.002137046986953032
-6.086938013520541e-05,-0.9748629858188902,-0.001458908499333596
-6.073938013520541e-05,-0.9748629858188902,-0.001119839255523879
-6.060938013520541e-05,-0.9748629858188902,-0.001119839255523879
-6.047938013520541e-05,-0.9741854621597283,-0.001458908499333596
-6.034938013520541e-05,-0.9731691766709856,-0.0004417007679044436
-6.02193801352054e-05,-0.9714753675230808,-0.0004417007679044436
-6.00893801352054e-05,-0.9714753675230808,-0.0001026315240947261
-5.99593801352054e-05,-0.9704590820343381,-0.0004417007679044436
-5.98293801352054e-05,-0.9704590820343381,-0.001458908499333596
-5.96993801352054e-05,-0.9711366056934999,-0.001797977743143314
-5.95693801352054e-05,-0.9694427965455953,-0.001458908499333596
-5.94393801352054e-05,-0.9691040347160144,-0.0001026315240947261
-5.93093801352054e-05,-0.9701203202047571,0.0005755069635247092
-5.91793801352054e-05,-0.9677489873976906,0.0009145762073344267
-5.904938013520541e-05,-0.9647001309314622,0.001253645451144144
-5.891938013520541e-05,-0.9636838454427193,0.001253645451144144
-5.878938013520541e-05,-0.9619900362948147,0.0002364377197149915
-5.865938013520541e-05,-0.9623287981243956,-0.0001026315240947261
-5.852938013520541e-05,-0.9619900362948147,-0.0007807700117141612
-5.839938013520541e-05,-0.9630063217835575,-0.002137046986953032
-5.82693801352054e-05,-0.9626675599539766,-0.001458908499333596
-5.813938013520541e-05,-0.9609737508060719,-0.001458908499333596
-5.800938013520541e-05,-0.9589411798285863,-0.0007807700117141612
-5.787938013520541e-05,-0.9575861325102626,0.0002364377197149915
-5.774938013520541e-05,-0.9575861325102626,0.0002364377197149915
-5.761938013520541e-05,-0.9565698470215197,-0.0007807700117141612
-5.748938013520541e-05,-0.9562310851919388,-0.001119839255523879
-5.735938013520541e-05,-0.9548760378736151,-0.001458908499333596
-5.722938013520541e-05,-0.9555535615327769,-0.001797977743143314
-5.709938013520541e-05,-0.9565698470215197,-0.001119839255523879
-5.696938013520541e-05,-0.955214799703196,-0.0007807700117141612
-5.683938013520541e-05,-0.9538597523848723,-0.0004417007679044436
-5.670938013520541e-05,-0.9521659432369676,-0.0007807700117141612
-5.657938013520541e-05,-0.9508108959186439,-0.001458908499333596
-5.644938013520541e-05,-0.9491170867707392,-0.0007807700117141612
-5.63193801352054e-05,-0.9491170867707392,-0.001119839255523879
-5.61893801352054e-05,-0.9484395631115773,-0.001119839255523879
-5.60593801352054e-05,-0.9464069921340917,-0.001458908499333596
-5.59293801352054e-05,-0.945390706645349,-0.0004417007679044436
-5.57993801352054e-05,-0.9440356593270252,0.001253645451144144
-5.56693801352054e-05,-0.9440356593270252,0.0002364377197149915
-5.55393801352054e-05,-0.9420030883495396,0.0002364377197149915
-5.54093801352054e-05,-0.9413255646903778,-0.0001026315240947261
-5.52793801352054e-05,-0.9409868028607967,0.0002364377197149915
-5.514938013520541e-05,-0.9399705173720539,0.0002364377197149915
-5.501938013520541e-05,-0.9392929937128921,0.0002364377197149915
-5.488938013520541e-05,-0.9382767082241493,0.003966199401621885
-5.475938013520541e-05,-0.9369216609058255,0.005661545620670473
-5.462938013520541e-05,-0.9352278517579209,0.0009145762073344267
-5.449938013520541e-05,-0.9352278517579209,0.0009145762073344267
-5.436938013520541e-05,-0.9335340426100163,-0.0007807700117141612
-5.42393801352054e-05,-0.9328565189508543,0.0009145762073344267
-5.410938013520541e-05,-0.9335340426100163,0.0005755069635247092
-5.397938013520541e-05,-0.9318402334621115,0.0009145762073344267
-5.38493801352054e-05,-0.9301464243142069,-0.0001026315240947261
-5.37193801352054e-05,-0.929130138825464,-0.0004417007679044436
-5.358938013520541e-05,-0.9274363296775594,-0.001119839255523879
-5.345938013520541e-05,-0.9264200441888166,-0.0001026315240947261
-5.332938013520541e-05,-0.9254037587000737,0.0005755069635247092
-5.319938013520541e-05,-0.9237099495521691,0.0009145762073344267
-5.306938013520541e-05,-0.9209998549155216,0.0005755069635247092
-5.293938013520541e-05,-0.9199835694267788,0.0005755069635247092
-5.280938013520541e-05,-0.9203223312563598,-0.0004417007679044436
-5.267938013520541e-05,-0.9196448075971979,-0.0007807700117141612
-5.254938013520541e-05,-0.9189672839380361,-0.002137046986953032
-5.241938013520541e-05,-0.9186285221084551,-0.0007807700117141612
-5.22893801352054e-05,-0.9176122366197123,0.0005755069635247092
-5.21593801352054e-05,-0.9159184274718076,0.001253645451144144
-5.20293801352054e-05,-0.913547094664741,0.001253645451144144
-5.18993801352054e-05,-0.913547094664741,0.001592714694953862
-5.17693801352054e-05,-0.9121920473464173,0.001592714694953862
-5.163938013520541e-05,-0.9094819527097698,0.0005755069635247092
-5.150938013520541e-05,-0.9077881435618652,0.0009145762073344267
-5.137938013520541e-05,-0.9084656672210271,0.001253645451144144
-5.124938013520541e-05,-0.9074493817322843,0.0002364377197149915
-5.111938013520541e-05,-0.9067718580731224,-0.0004417007679044436
-5.098938013520541e-05,-0.9060943344139605,-0.0007807700117141612
-5.085938013520541e-05,-0.903723001606894,-0.0001026315240947261
-5.072938013520541e-05,-0.9010129069702465,-0.001119839255523879
-5.059938013520541e-05,-0.9010129069702465,-0.001797977743143314
-5.046938013520541e-05,-0.8993190978223419,-0.001119839255523879
-5.03393801352054e-05,-0.89864157416318,-0.0004417007679044436
-5.02093801352054e-05,-0.8969477650152753,-0.0001026315240947261
-5.00793801352054e-05,-0.8949151940377897,-0.0004417007679044436
-4.99493801352054e-05,-0.8935601467194659,-0.001797977743143314
-4.98193801352054e-05,-0.8925438612307232,-0.0001026315240947261
-4.968938013520541e-05,-0.8925438612307232,0.0009145762073344267
-4.955938013520541e-05,-0.8915275757419804,0.001253645451144144
-4.942938013520541e-05,-0.8908500520828185,0.0009145762073344267
-4.929938013520541e-05,-0.8894950047644947,0.0002364377197149915
-4.916938013520541e-05,-0.8884787192757519,-0.0001026315240947261
-4.903938013520541e-05,-0.8871236719574283,-0.0007807700117141612
-4.890938013520541e-05,-0.8854298628095235,-0.0004417007679044436
-4.877938013520541e-05,-0.883058530002457,-0.001458908499333596
-4.864938013520541e-05,-0.8810259590249714,-0.001119839255523879
-4.851938013520541e-05,-0.8789933880474858,-0.0004417007679044436
-4.83893801352054e-05,-0.8783158643883239,-0.0007807700117141612
-4.82593801352054e-05,-0.8772995788995811,-0.0004417007679044436
-4.81293801352054e-05,-0.8752670079220956,0.0009145762073344267
-4.79993801352054e-05,-0.872895675115029,0.0002364377197149915
-4.78693801352054e-05,-0.8718793896262862,0.0002364377197149915
-4.773938013520541e-05,-0.8712018659671243,0.0002364377197149915
-4.760938013520541e-05,-0.8688305331600578,0.0005755069635247092
-4.747938013520541e-05,-0.8661204385234103,0.0005755069635247092
-4.734938013520541e-05,-0.8640878675459247,-0.0001026315240947261
-4.721938013520541e-05,-0.8634103438867629,-0.002815185474572467
-4.708938013520541e-05,-0.862055296568439,-0.003832393206001619
-4.695938013520541e-05,-0.86239405839802,-0.001797977743143314
-4.682938013520541e-05,-0.8603614874205344,-0.001119839255523879
-4.669938013520541e-05,-0.8593452019317916,0.001253645451144144
-4.656938013520541e-05,-0.8579901546134678,0.0005755069635247092
-4.64393801352054e-05,-0.8562963454655632,0.001253645451144144
-4.63093801352054e-05,-0.8562963454655632,0.00193178393876358
-4.61793801352054e-05,-0.8542637744880776,0.0005755069635247092
-4.60493801352054e-05,-0.8539250126584966,-0.0001026315240947261
-4.59193801352054e-05,-0.8525699653401729,-0.0004417007679044436
-4.57893801352054e-05,-0.8508761561922682,-0.0007807700117141612
-4.565938013520541e-05,-0.8478272997260399,-0.0001026315240947261
-4.552938013520541e-05,-0.8471497760668779,-0.0004417007679044436
-4.539938013520541e-05,-0.8457947287485542,0.0002364377197149915
-4.526938013520541e-05,-0.8434233959414876,0.001253645451144144
-4.513938013520541e-05,-0.841729586793583,0.00193178393876358
-4.500938013520541e-05,-0.8410520631344212,0.0009145762073344267
-4.487938013520541e-05,-0.8413908249640021,0.0005755069635247092
-4.474938013520541e-05,-0.8383419684977736,0.0002364377197149915
-4.461938013520541e-05,-0.836648159349869,-0.0001026315240947261
-4.44893801352054e-05,-0.8346155883723834,0.0002364377197149915
-4.43593801352054e-05,-0.8342768265428024,-0.0001026315240947261
-4.42293801352054e-05,-0.8319054937357359,0.0005755069635247092
-4.40993801352054e-05,-0.8288566372695075,-0.0001026315240947261
-4.39693801352054e-05,-0.8278403517807646,-0.0007807700117141612
-4.38393801352054e-05,-0.8254690189736982,-0.0007807700117141612
-4.370938013520541e-05,-0.8241139716553744,-0.0007807700117141612
-4.357938013520541e-05,-0.8227589243370507,-0.0004417007679044436
-4.344938013520541e-05,-0.8200488297004032,-0.001119839255523879
-4.331938013520541e-05,-0.8180162587229176,-0.001458908499333596
-4.318938013520541e-05,-0.8173387350637558,-0.001797977743143314
-4.305938013520541e-05,-0.815644925915851,-0.0004417007679044436
-4.292938013520541e-05,-0.8142898785975273,-0.0001026315240947261
-4.279938013520541e-05,-0.8125960694496227,-0.0004417007679044436
-4.266938013520541e-05,-0.8098859748129752,-0.0004417007679044436
-4.25393801352054e-05,-0.8092084511538133,-0.0007807700117141612
-4.24093801352054e-05,-0.8078534038354895,0.0009145762073344267
-4.22793801352054e-05,-0.8071758801763277,0.001592714694953862
-4.21493801352054e-05,-0.8054820710284231,0.00193178393876358
-4.20193801352054e-05,-0.8034495000509374,0.001253645451144144
-4.18893801352054e-05,-0.8010781672438709,0.0002364377197149915
-4.175938013520541e-05,-0.7997231199255471,-0.001119839255523879
-4.162938013520541e-05,-0.7993843580959662,-0.001119839255523879
-4.149938013520541e-05,-0.7970130252888997,-0.0001026315240947261
-4.136938013520541e-05,-0.7943029306522522,-0.0004417007679044436
-4.123938013520541e-05,-0.7922703596747666,0.0002364377197149915
-4.110938013520541e-05,-0.790237788697281,0.0009145762073344267
-4.097938013520541e-05,-0.7898990268677001,0.001592714694953862
-4.084938013520541e-05,-0.7882052177197953,0.0002364377197149915
-4.071938013520541e-05,-0.7861726467423098,-0.0004417007679044436
-4.05893801352054e-05,-0.7831237902760814,-0.0004417007679044436
-4.04593801352054e-05,-0.7814299811281767,-0.0001026315240947261
-4.03293801352054e-05,-0.7800749338098529,0.0002364377197149915
-4.01993801352054e-05,-0.7780423628323674,-0.0004417007679044436
-4.00693801352054e-05,-0.7756710300253008,-0.0001026315240947261
-3.99393801352054e-05,-0.774654744536558,0.0005755069635247092
-3.980938013520541e-05,-0.7729609353886533,0.0002364377197149915
-3.967938013520541e-05,-0.7709283644111677,0.0005755069635247092
-3.954938013520541e-05,-0.7685570316041012,0.0005755069635247092
-3.941938013520541e-05,-0.7675407461153584,-0.0007807700117141612
-3.928938013520541e-05,-0.7658469369674538,-0.0004417007679044436
-3.915938013520541e-05,-0.764153127819549,0.0005755069635247092
-3.902938013520541e-05,-0.7627980805012253,0.0005755069635247092
-3.889938013520541e-05,-0.7607655095237397,-0.001119839255523879
-3.876938013520541e-05,-0.7583941767166732,-0.001458908499333596
-3.86393801352054e-05,-0.7556840820800257,-0.001119839255523879
-3.85093801352054e-05,-0.75365151110254,-0.001458908499333596
-3.83793801352054e-05,-0.7519577019546354,-0.0004417007679044436
-3.82493801352054e-05,-0.7492476073179879,-0.0001026315240947261
-3.81193801352054e-05,-0.7468762745109214,0.0002364377197149915
-3.79893801352054e-05,-0.7448437035334358,-0.0001026315240947261
-3.78593801352054e-05,-0.7451824653630167,0.0009145762073344267
-3.772938013520541e-05,-0.7428111325559502,-0.0001026315240947261
-3.759938013520541e-05,-0.7414560852376264,-0.0001026315240947261
-3.746938013520541e-05,-0.738745990600979,0.0005755069635247092
-3.733938013520541e-05,-0.7367134196234933,-0.0001026315240947261
-3.720938013520541e-05,-0.7336645631572649,-0.0004417007679044436
-3.707938013520541e-05,-0.7302769448614556,-0.0007807700117141612
-3.694938013520541e-05,-0.7289218975431319,-0.0007807700117141612
-3.681938013520541e-05,-0.7285831357135509,-0.0004417007679044436
-3.66893801352054e-05,-0.7248567555881607,0.0002364377197149915
-3.65593801352054e-05,-0.723162946440256,-0.0001026315240947261
-3.64293801352054e-05,-0.7218078991219322,-0.0001026315240947261
-3.62993801352054e-05,-0.7207916136331894,0.0009145762073344267
-3.61693801352054e-05,-0.7184202808261229,-0.0001026315240947261
-3.60393801352054e-05,-0.7170652335077992,-0.0001026315240947261
-3.59093801352054e-05,-0.7153714243598945,0.0002364377197149915
-3.577938013520541e-05,-0.712661329723247,-0.0001026315240947261
-3.564938013520541e-05,-0.7096124732570186,-0.001458908499333596
-3.551938013520541e-05,-0.707579902279533,-0.001797977743143314
-3.538938013520541e-05,-0.7045310458133046,-0.001458908499333596
-3.525938013520541e-05,-0.702498474835819,-0.001797977743143314
-3.512938013520541e-05,-0.7004659038583334,-0.0004417007679044436
-3.499938013520541e-05,-0.6987720947104287,0.0002364377197149915
-3.486938013520541e-05,-0.6980945710512668,-0.0004417007679044436
-3.47393801352054e-05,-0.6967395237329431,-0.0001026315240947261
-3.46093801352054e-05,-0.6943681909258765,-0.0004417007679044436
-3.44793801352054e-05,-0.6919968581188101,-0.0007807700117141612
-3.43493801352054e-05,-0.6896255253117435,-0.001119839255523879
-3.42193801352054e-05,-0.6889480016525816,-0.0004417007679044436
-3.40893801352054e-05,-0.6858991451863532,0.0002364377197149915
-3.39593801352054e-05,-0.6835278123792866,0.0005755069635247092
-3.382938013520541e-05,-0.6801401940834774,-0.0004417007679044436
-3.369938013520541e-05,-0.6791239085947345,-0.0004417007679044436
-3.356938013520541e-05,-0.676075052128506,-0.0007807700117141612
-3.343938013520541e-05,-0.6747200048101823,-0.0004417007679044436
-3.330938013520541e-05,-0.6716711483439539,0.0005755069635247092
-3.317938013520541e-05,-0.6703161010256302,-0.0001026315240947261
-3.304938013520541e-05,-0.6686222918777256,-0.0007807700117141612
-3.291938013520541e-05,-0.6665897209002399,-0.0004417007679044436
-3.27893801352054e-05,-0.6638796262635924,-0.0004417007679044436
-3.26593801352054e-05,-0.6625245789452687,0.002609922426383015
-3.25293801352054e-05,-0.6604920079677831,0.00328806091400245
-3.23993801352054e-05,-0.6564268660128119,0.0005755069635247092
-3.22693801352054e-05,-0.6547330568649072,0.0002364377197149915
-3.21393801352054e-05,-0.6540555332057454,-0.0004417007679044436
-3.20093801352054e-05,-0.6523617240578407,-0.001458908499333596
-3.187938013520541e-05,-0.650667914909936,-0.0001026315240947261
-3.174938013520541e-05,-0.6496516294211933,0.0005755069635247092
-3.161938013520541e-05,-0.6452477256366411,0.0009145762073344267
-3.148938013520541e-05,-0.6428763928295745,0.001253645451144144
-3.135938013520541e-05,-0.640166298192927,0.0009145762073344267
-3.122938013520541e-05,-0.6381337272154415,0.0009145762073344267
-3.109938013520541e-05,-0.6361011562379558,0.001592714694953862
-3.096938013520541e-05,-0.6330522997717274,0.001592714694953862
-3.08393801352054e-05,-0.6313584906238228,0.001592714694953862
-3.07093801352054e-05,-0.6293259196463371,0.002609922426383015
-3.05793801352054e-05,-0.6289871578167562,0.001253645451144144
-3.04493801352054e-05,-0.6255995395209469,0.0005755069635247092
-3.03193801352054e-05,-0.6235669685434613,-0.0001026315240947261
-3.01893801352054e-05,-0.6205181120772328,-0.0007807700117141612
-3.00593801352054e-05,-0.6184855410997473,-0.0007807700117141612
-2.99293801352054e-05,-0.6164529701222616,-0.001119839255523879
-2.979938013520541e-05,-0.6140816373151952,-0.001458908499333596
-2.966938013520541e-05,-0.6096777335306429,-0.0007807700117141612
-2.953938013520541e-05,-0.6073064007235764,-0.0001026315240947261
-2.940938013520541e-05,-0.6059513534052526,-0.0004417007679044436
-2.927938013520541e-05,-0.6029024969390243,-0.0007807700117141612
-2.914938013520541e-05,-0.6022249732798625,-0.0004417007679044436
-2.901938013520541e-05,-0.6005311641319577,0.0005755069635247092
-2.888938013520541e-05,-0.5981598313248911,0.0002364377197149915
-2.87593801352054e-05,-0.5954497366882437,-0.0004417007679044436
-2.86293801352054e-05,-0.5930784038811772,0.0002364377197149915
-2.84993801352054e-05,-0.5913845947332725,-0.0001026315240947261
-2.83693801352054e-05,-0.5883357382670441,-0.0004417007679044436
-2.82393801352054e-05,-0.5873194527783013,-0.0004417007679044436
-2.81093801352054e-05,-0.583931834482492,-0.001119839255523879
-2.79793801352054e-05,-0.5805442161866826,-0.0001026315240947261
-2.784938013520541e-05,-0.578172883379616,-0.0001026315240947261
-2.771938013520541e-05,-0.5764790742317114,-0.0001026315240947261
-2.758938013520541e-05,-0.5737689795950639,0.0002364377197149915
-2.745938013520541e-05,-0.5693650758105118,-0.0004417007679044436
-2.732938013520541e-05,-0.5676712666626071,0.0002364377197149915
-2.719938013520541e-05,-0.5652999338555406,0.0002364377197149915
-2.706938013520541e-05,-0.5636061247076359,0.0002364377197149915
-2.693938013520541e-05,-0.5608960300709884,0.0005755069635247092
-2.68093801352054e-05,-0.5592022209230837,0.0009145762073344267
-2.66793801352054e-05,-0.5564921262864363,0.0002364377197149915
-2.65493801352054e-05,-0.5541207934793697,-0.0007807700117141612
-2.64193801352054e-05,-0.5537820316497888,-0.001119839255523879
-2.62893801352054e-05,-0.5517494606723032,-0.0007807700117141612
-2.61593801352054e-05,-0.548023080546913,-0.0007807700117141612
-2.60293801352054e-05,-0.5449742240806845,-0.0004417007679044436
-2.589938013520541e-05,-0.5426028912736179,0.0009145762073344267
-2.576938013520541e-05,-0.5392152729778086,0.0005755069635247092
-2.563938013520541e-05,-0.5358276546819992,0.0005755069635247092
-2.550938013520541e-05,-0.5334563218749327,0.001253645451144144
-2.537938013520541e-05,-0.5327787982157709,0.0009145762073344267
-2.524938013520541e-05,-0.531762512727028,-0.0001026315240947261
-2.511938013520541e-05,-0.5297299417495425,0.0002364377197149915
-2.498938013520541e-05,-0.527019847112895,-0.0004417007679044436
-2.48593801352054e-05,-0.5232934669875047,0.0005755069635247092
-2.47293801352054e-05,-0.5205833723508573,0.0005755069635247092
-2.45993801352054e-05,-0.5178732777142098,0.00193178393876358
-2.44693801352054e-05,-0.5148244212479813,0.002609922426383015
-2.43393801352054e-05,-0.5131306121000767,0.001592714694953862
-2.42093801352054e-05,-0.5094042319746864,-0.0001026315240947261
-2.40793801352054e-05,-0.5080491846563626,-0.002476116230762749
-2.394938013520541e-05,-0.506355375508458,-0.002476116230762749
-2.381938013520541e-05,-0.5033065190422296,-0.001119839255523879
-2.368938013520541e-05,-0.4999189007464201,-0.001458908499333596
-2.355938013520541e-05,-0.4982250915985155,-0.002137046986953032
-2.342938013520541e-05,-0.4958537587914489,-0.002137046986953032
-2.32993801352054e-05,-0.4924661404956396,-0.0007807700117141612
-2.31693801352054e-05,-0.4894172840294112,-0.0007807700117141612
-2.30393801352054e-05,-0.4873847130519256,-0.0004417007679044436
-2.290938013520541e-05,-0.48535214207444,-0.0001026315240947261
-2.277938013520541e-05,-0.4819645237786306,0.0009145762073344267
-2.264938013520541e-05,-0.4785769054828213,0.00193178393876358
-2.251938013520541e-05,-0.4758668108461738,0.001253645451144144
-2.238938013520541e-05,-0.4741730016982691,0.001253645451144144
-2.225938013520541e-05,-0.4711241452320408,0.0002364377197149915
-2.212938013520541e-05,-0.4690915742545552,0.0002364377197149915
-2.199938013520541e-05,-0.4657039559587458,-0.0001026315240947261
-2.186938013520541e-05,-0.464687670470003,-0.001119839255523879
-2.173938013520541e-05,-0.4633326231516793,-0.0007807700117141612
-2.160938013520541e-05,-0.4606225285150318,-0.0004417007679044436
-2.147938013520541e-05,-0.4572349102192225,0.0005755069635247092
-2.134938013520541e-05,-0.454186053752994,0.0005755069635247092
-2.121938013520541e-05,-0.4514759591163466,0.0009145762073344267
-2.108938013520541e-05,-0.44910462630928,0.0002364377197149915
-2.09593801352054e-05,-0.4467332935022135,0.0002364377197149915
-2.08293801352054e-05,-0.4436844370359851,-0.0001026315240947261
-2.06993801352054e-05,-0.4416518660584995,0.0009145762073344267
-2.05693801352054e-05,-0.4392805332514329,0.001253645451144144
-2.04393801352054e-05,-0.4375867241035283,0.0002364377197149915
-2.03093801352054e-05,-0.4345378676372998,-0.0001026315240947261
-2.01793801352054e-05,-0.4325052966598142,-0.0001026315240947261
-2.00493801352054e-05,-0.4294564401935858,0.0002364377197149915
-1.99193801352054e-05,-0.4264075837273574,-0.0001026315240947261
-1.97893801352054e-05,-0.4236974890907099,-0.0001026315240947261
-1.96593801352054e-05,-0.4226812036019671,-0.0004417007679044436
-1.95293801352054e-05,-0.4192935853061578,-0.0004417007679044436
-1.93993801352054e-05,-0.4165834906695103,-0.0007807700117141612
-1.92693801352054e-05,-0.4135346342032819,-0.001119839255523879
-1.91393801352054e-05,-0.4115020632257963,-0.0007807700117141612
-1.90093801352054e-05,-0.4084532067595679,-0.001458908499333596
-1.887938013520541e-05,-0.4057431121229204,-0.0001026315240947261
-1.874938013520541e-05,-0.402694255656692,-0.0001026315240947261
-1.861938013520541e-05,-0.3999841610200445,-0.0001026315240947261
-1.848938013520541e-05,-0.3982903518721398,-0.0004417007679044436
-1.835938013520541e-05,-0.3955802572354924,-0.0001026315240947261
-1.822938013520541e-05,-0.3928701625988449,0.0005755069635247092
-1.809938013520541e-05,-0.3911763534509403,0.0002364377197149915
-1.796938013520541e-05,-0.3881274969847118,0.0005755069635247092
-1.783938013520541e-05,-0.3860949260072262,0.00193178393876358
-1.770938013520541e-05,-0.3833848313705788,0.0009145762073344267
-1.757938013520541e-05,-0.3786421657564457,0.0002364377197149915
-1.744938013520541e-05,-0.3752545474606364,0.0009145762073344267
-1.731938013520541e-05,-0.3732219764831508,0.0005755069635247092
-1.718938013520541e-05,-0.3701731200169223,-0.0007807700117141612
-1.70593801352054e-05,-0.3674630253802749,-0.0004417007679044436
-1.69293801352054e-05,-0.3650916925732083,-0.0004417007679044436
-1.67993801352054e-05,-0.3630591215957227,-0.0004417007679044436
-1.66693801352054e-05,-0.3606877887886561,-0.0001026315240947261
-1.65393801352054e-05,-0.3583164559815896,0.0009145762073344267
-1.64093801352054e-05,-0.3556063613449422,0.0009145762073344267
-1.62793801352054e-05,-0.3522187430491328,0.0009145762073344267
-1.61493801352054e-05,-0.3508636957308091,0.0009145762073344267
-1.60193801352054e-05,-0.3488311247533235,0.00193178393876358
-1.58893801352054e-05,-0.3454435064575141,0.001253645451144144
-1.57593801352054e-05,-0.340700840843381,0.0005755069635247092
-1.56293801352054e-05,-0.3373132225475717,0.0009145762073344267
-1.54993801352054e-05,-0.335619413399667,0.003627130157812168
-1.53693801352054e-05,-0.3332480805926005,0.00464433788924132
-1.52393801352054e-05,-0.3298604622967911,0.00193178393876358
-1.51093801352054e-05,-0.3274891294897246,0.001592714694953862
-1.497938013520541e-05,-0.3251177966826581,-0.001119839255523879
-1.484938013520541e-05,-0.3217301783868487,-0.001458908499333596
-1.471938013520541e-05,-0.3196976074093631,-0.001119839255523879
-1.458938013520541e-05,-0.3163099891135537,-0.001119839255523879
-1.445938013520541e-05,-0.3132611326473254,-0.002137046986953032
-1.432938013520541e-05,-0.3122448471585825,-0.001458908499333596
-1.419938013520541e-05,-0.309873514351516,-0.0007807700117141612
-1.406938013520541e-05,-0.3064858960557066,-0.0004417007679044436
-1.393938013520541e-05,-0.3037758014190592,0.0002364377197149915
-1.380938013520541e-05,-0.3010657067824117,0.0002364377197149915
-1.367938013520541e-05,-0.2966618029978595,0.0002364377197149915
-1.354938013520541e-05,-0.2936129465316312,0.0002364377197149915
-1.341938013520541e-05,-0.2922578992133074,0.001253645451144144
-1.328938013520541e-05,-0.2898865664062409,0.001253645451144144
-1.31593801352054e-05,-0.2861601862808506,0.001592714694953862
-1.30293801352054e-05,-0.284127615303365,0.001253645451144144
-1.28993801352054e-05,-0.2810787588371366,0.0005755069635247092
-1.27693801352054e-05,-0.27870742603007,0.0005755069635247092
-1.26393801352054e-05,-0.2766748550525844,-0.0001026315240947261
-1.25093801352054e-05,-0.273625998586356,0.0002364377197149915
-1.23793801352054e-05,-0.2712546657792895,0.0005755069635247092
-1.22493801352054e-05,-0.2671895238243183,0.0002364377197149915
-1.21193801352054e-05,-0.2661732383355755,-0.0004417007679044436
-1.19893801352054e-05,-0.263463143698928,-0.0004417007679044436
-1.18593801352054e-05,-0.2604142872326996,-0.0007807700117141612
-1.17293801352054e-05,-0.2563491452777284,-0.0004417007679044436
-1.15993801352054e-05,-0.2536390506410809,-0.0001026315240947261
-1.14693801352054e-05,-0.2502514323452715,-0.0004417007679044436
-1.13393801352054e-05,-0.2472025758790432,0.0002364377197149915
-1.12093801352054e-05,-0.2444924812423957,0.0002364377197149915
-1.107938013520541e-05,-0.2411048629465863,0.001253645451144144
-1.094938013520541e-05,-0.2387335301395198,0.001592714694953862
-1.081938013520541e-05,-0.2367009591620342,0.001592714694953862
-1.068938013520541e-05,-0.2346683881845486,0.0009145762073344267
-1.055938013520541e-05,-0.2309420080591583,0.0005755069635247092
-1.042938013520541e-05,-0.2285706752520918,0.0009145762073344267
-1.029938013520541e-05,-0.2251830569562824,0.0005755069635247092
-1.016938013520541e-05,-0.2228117241492159,0.0009145762073344267
-1.003938013520541e-05,-0.2207791531717303,0.001592714694953862
-9.909380135205407e-06,-0.2173915348759209,0.001592714694953862
-9.779380135205407e-06,-0.2150202020688544,0.0009145762073344267
-9.649380135205406e-06,-0.211971345602626,0.0005755069635247092
-9.519380135205406e-06,-0.2096000127955594,0.0005755069635247092
-9.389380135205405e-06,-0.2079062036476547,0.001592714694953862
-9.259380135205405e-06,-0.2035022998631026,0.00193178393876358
-9.129380135205404e-06,-0.2007922052264551,0.001592714694953862
-8.999380135205404e-06,-0.1994371579081314,0.0005755069635247092
-8.869380135205404e-06,-0.1950332541235792,0.001253645451144144
-8.739380135205403e-06,-0.1916456358277699,0.00193178393876358
-8.609380135205403e-06,-0.1896130648502843,0.001592714694953862
-8.479380135205402e-06,-0.1869029702136368,0.0005755069635247092
-8.349380135205402e-06,-0.1841928755769894,0.001253645451144144
-8.219380135205401e-06,-0.1818215427699228,0.0005755069635247092
-8.089380135205401e-06,-0.1787726863036944,-0.0001026315240947261
-7.9593801352054e-06,-0.1770788771557897,-0.0007807700117141612
-7.8293801352054e-06,-0.1730137352008185,-0.003832393206001619
-7.6993801352054e-06,-0.1689485932458473,-0.002476116230762749
-7.569380135205399e-06,-0.165560974950038,-0.0007807700117141612
-7.439380135205399e-06,-0.1631896421429714,0.0005755069635247092
-7.309380135205398e-06,-0.160479547506324,-0.0001026315240947261
-7.179380135205398e-06,-0.1577694528696765,0.0002364377197149915
-7.049380135205411e-06,-0.1553981200626099,-0.001797977743143314
-6.91938013520541e-06,-0.1509942162780578,-0.0004417007679044436
-6.78938013520541e-06,-0.149977930789315,-0.001119839255523879
-6.659380135205409e-06,-0.1469290743230866,-0.0007807700117141612
-6.529380135205409e-06,-0.1442189796864391,0.0005755069635247092
-6.399380135205409e-06,-0.1408313613906298,0.0005755069635247092
-6.269380135205408e-06,-0.1377825049244013,0.0002364377197149915
-6.139380135205408e-06,-0.1330398393102683,0.0002364377197149915
-6.009380135205407e-06,-0.1306685065032017,-0.0001026315240947261
-5.879380135205407e-06,-0.1286359355257161,-0.0004417007679044436
-5.749380135205406e-06,-0.123893269911583,-0.0007807700117141612
-5.619380135205406e-06,-0.1225382225932593,-0.0001026315240947261
-5.489380135205405e-06,-0.1201668897861928,0.0002364377197149915
-5.359380135205405e-06,-0.1174567951495453,0.0002364377197149915
-5.229380135205405e-06,-0.1164405096608025,0.0002364377197149915
-5.099380135205404e-06,-0.1130528913649931,0.0002364377197149915
-4.969380135205404e-06,-0.108648987580441,-0.0007807700117141612
-4.839380135205403e-06,-0.1056001311142126,-0.0001026315240947261
-4.709380135205403e-06,-0.103567560136727,-0.0007807700117141612
-4.579380135205402e-06,-0.1001799418409176,-0.0007807700117141612
-4.449380135205402e-06,-0.09679232354510829,-0.0007807700117141612
-4.319380135205401e-06,-0.09306594341971801,-0.0004417007679044436
-4.189380135205401e-06,-0.09204965793097521,-0.001119839255523879
-4.0593801352054e-06,-0.08832327780558492,-0.0004417007679044436
-3.9293801352054e-06,-0.08629070682809932,0.0005755069635247092
-3.7993801352054e-06,-0.08290308853228998,0.001592714694953862
-3.669380135205399e-06,-0.07951547023648063,0.001253645451144144
-3.539380135205399e-06,-0.07782166108857597,0.0005755069635247092
-3.409380135205398e-06,-0.07511156645192849,0.001253645451144144
-3.279380135205398e-06,-0.07307899547444288,0.001253645451144144
-3.149380135205411e-06,-0.06969137717863354,0.001253645451144144
-3.01938013520541e-06,-0.06528747339408139,0.0005755069635247092
-2.88938013520541e-06,-0.06257737875743392,0.001253645451144144
-2.75938013520541e-06,-0.06156109326869112,0.0002364377197149915
-2.629380135205409e-06,-0.05783471314330084,0.0002364377197149915
-2.499380135205409e-06,-0.05478585667707243,-0.0007807700117141612
-2.369380135205408e-06,-0.05207576204042495,-0.0007807700117141612
-2.239380135205408e-06,-0.04970442923335841,-0.0004417007679044436
-2.109380135205407e-06,-0.04665557276713,0.0009145762073344267
-1.979380135205407e-06,-0.0436067163009016,0.001592714694953862
-1.849380135205406e-06,-0.04021909800509225,0.0009145762073344267
-1.719380135205406e-06,-0.03750900336844477,0.00193178393876358
-1.589380135205406e-06,-0.03412138507263543,0.002609922426383015
-1.459380135205405e-06,-0.0317500522655689,0.00193178393876358
-1.329380135205405e-06,-0.02903995762892142,0.001253645451144144
-1.199380135205404e-06,-0.02463605384436927,0.0005755069635247092
-1.069380135205404e-06,-0.0219259592077218,0.0009145762073344267
-9.393801352054033e-07,-0.01955462640065526,0.0005755069635247092
-8.093801352054028e-07,-0.01819957908233152,0.0005755069635247092
-6.793801352054024e-07,-0.01379567529777937,0.0002364377197149915
-5.493801352054019e-07,-0.01040805700197003,-0.0004417007679044436
-4.193801352054015e-07,-0.00871424785406536,-0.0004417007679044436
-2.89380135205401e-07,-0.005326629558256015,0.0002364377197149915
-1.593801352054006e-07,-0.002277773092027606,-0.0004417007679044436
-2.938013520540012e-08,-0.0009227257737038689,-0.0001026315240947261
1.006198647946003e-07,0.002464892522105475,-0.0001026315240947261
2.306198647946008e-07,0.007207558136238556,-0.0001026315240947261
3.606198647946012e-07,0.009578890943305097,-0.0001026315240947261
4.906198647946017e-07,0.01228898557995257,-0.0007807700117141612
6.206198647946021e-07,0.01567660387576192,-0.0007807700117141612
7.506198647946026e-07,0.01804793668282845,-0.001119839255523879
8.806198647945895e-07,0.020419269489895,-0.0007807700117141612
1.01061986479459e-06,0.02380688778570434,-0.0004417007679044436
1.14061986479459e-06,0.02550069693360901,0.0005755069635247092
1.270619864794591e-06,0.02854955339983742,0.001253645451144144
1.400619864794591e-06,0.03092088620690396,0.001253645451144144
1.530619864794592e-06,0.03464726633229424,0.001253645451144144
1.660619864794592e-06,0.03837364645768451,0.0009145762073344267
1.790619864794593e-06,0.04277755024223666,-0.0004417007679044436
1.920619864794593e-06,0.04582640670846508,-0.0007807700117141612
2.050619864794594e-06,0.04785897768595068,-0.0007807700117141612
2.180619864794594e-06,0.05056907232259815,0.0002364377197149915
2.310619864794594e-06,0.05361792878882657,0.0002364377197149915
2.440619864794595e-06,0.05565049976631217,0.0009145762073344267
2.570619864794595e-06,0.05802183257337871,0.0005755069635247092
2.700619864794596e-06,0.06039316538044526,0.001253645451144144
2.830619864794596e-06,0.06344202184667366,0.00193178393876358
2.960619864794597e-06,0.06682964014248301,0.001253645451144144
3.090619864794597e-06,0.06953973477913049,0.0002364377197149915
3.220619864794598e-06,0.07055602026787329,-0.0004417007679044436
3.350619864794598e-06,0.07394363856368263,0.0009145762073344267
3.480619864794598e-06,0.07733125685949198,0.001592714694953862
3.610619864794599e-06,0.07936382783697758,0.001592714694953862
3.740619864794599e-06,0.08342896979194879,0.0005755069635247092
3.8706198647946e-06,0.08613906442859627,0.0005755069635247092
4.0006198647946e-06,0.0885103972356628,0.001253645451144144
4.130619864794601e-06,0.08986544455398654,0.00193178393876358
4.260619864794601e-06,0.09460811016811962,0.00193178393876358
4.390619864794602e-06,0.09731820480476711,0.001592714694953862
4.520619864794602e-06,0.1010445849301574,0.0009145762073344267
4.650619864794603e-06,0.1044322032259667,0.0002364377197149915
4.780619864794589e-06,0.1078198215217761,-0.0001026315240947261
4.91061986479459e-06,0.1125624871359091,0.0002364377197149915
5.04061986479459e-06,0.1159501054317185,0.0005755069635247092
5.170619864794591e-06,0.1189989618979469,0.0005755069635247092
5.300619864794591e-06,0.1189989618979469,-0.0004417007679044436
5.430619864794592e-06,0.1223865801937562,-0.0004417007679044436
5.560619864794592e-06,0.1244191511712418,0.0005755069635247092
5.690619864794593e-06,0.1267904839783084,0.00193178393876358
5.820619864794593e-06,0.1308556259332796,0.001592714694953862
5.950619864794593e-06,0.133904482399508,0.001592714694953862
6.080619864794594e-06,0.1359370533769936,0.001253645451144144
6.210619864794594e-06,0.1383083861840602,0.001253645451144144
6.340619864794595e-06,0.1420347663094504,0.001253645451144144
6.470619864794595e-06,0.1450836227756788,0.002948991670192732
6.600619864794596e-06,0.1467774319235835,0.005661545620670473
6.730619864794596e-06,0.149487526560231,0.003627130157812168
6.860619864794597e-06,0.1521976211968785,0.001253645451144144
6.990619864794597e-06,0.1559240013222687,-0.0001026315240947261
7.120619864794597e-06,0.1576178104701734,0.001253645451144144
7.250619864794598e-06,0.1610054287659828,0.0005755069635247092
7.380619864794598e-06,0.1657480943801158,0.001253645451144144
7.510619864794599e-06,0.170151998164668,0.001253645451144144
7.640619864794599e-06,0.1735396164604773,0.001253645451144144
7.7706198647946e-06,0.1759109492675439,0.001592714694953862
7.9006198647946e-06,0.1782822820746104,0.00193178393876358
8.030619864794601e-06,0.1792985675633532,0.001592714694953862
8.160619864794601e-06,0.1820086622000007,0.00193178393876358
8.290619864794602e-06,0.1847187568366482,0.002609922426383015
8.420619864794602e-06,0.1881063751324575,0.002270853182573297
8.550619864794602e-06,0.190816469769105,0.001592714694953862
8.680619864794603e-06,0.1928490407465906,0.001253645451144144
8.81061986479459e-06,0.195897897212819,0.001253645451144144
8.94061986479459e-06,0.1986079918494665,0.0005755069635247092
9.070619864794591e-06,0.200979324656533,0.0005755069635247092
9.200619864794591e-06,0.2023343719748568,0.0009145762073344267
9.330619864794592e-06,0.2036894192931805,0.001253645451144144
9.460619864794592e-06,0.2057219902706661,0.001592714694953862
9.590619864794592e-06,0.2108034177143801,0.002609922426383015
9.720619864794593e-06,0.2155460833285132,0.002609922426383015
9.850619864794593e-06,0.2172398924764179,0.002270853182573297
9.980619864794594e-06,0.2206275107722272,0.001592714694953862
1.011061986479459e-05,0.2240151290680366,0.0005755069635247092
1.024061986479459e-05,0.227063985534265,0.001253645451144144
1.03706198647946e-05,0.2297740801709124,0.002270853182573297
1.05006198647946e-05,0.2328229366371408,0.003627130157812168
1.06306198647946e-05,0.2355330312737883,0.003966199401621885
1.07606198647946e-05,0.2389206495695977,0.00328806091400245
1.08906198647946e-05,0.2406144587175023,0.003627130157812168
1.10206198647946e-05,0.242308267865407,0.00464433788924132
1.11506198647946e-05,0.2467121716499591,0.00464433788924132
1.12806198647946e-05,0.2490835044570257,0.00464433788924132
1.14106198647946e-05,0.2524711227528351,0.004305268645431602
1.15406198647946e-05,0.2558587410486444,0.003966199401621885
1.16706198647946e-05,0.2568750265373872,0.00464433788924132
1.18006198647946e-05,0.2595851211740346,0.004983407133051038
1.19306198647946e-05,0.2612789303219393,0.004305268645431602
1.20606198647946e-05,0.2639890249585868,0.00464433788924132
1.21906198647946e-05,0.2670378814248152,0.004983407133051038
1.23206198647946e-05,0.2697479760614627,0.00600061486448019
1.24506198647946e-05,0.2714417852093673,0.00600061486448019
1.25806198647946e-05,0.2744906416755958,0.005661545620670473
1.271061986479459e-05,0.278555783630567,0.00600061486448019
1.284061986479459e-05,0.2826209255855382,0.006678753352099625
1.297061986479459e-05,0.2856697820517666,0.007017822595909344
1.310061986479459e-05,0.2870248293700903,0.007695961083528779
1.323061986479459e-05,0.2893961621771569,0.007695961083528779
1.336061986479459e-05,0.2921062568138044,0.008374099571148213
1.349061986479459e-05,0.2944775896208709,0.01040851503400652
1.362061986479459e-05,0.2978652079166803,0.0100694457901968
1.375061986479459e-05,0.3019303498716515,0.0100694457901968
1.388061986479459e-05,0.3049792063378798,0.01040851503400652
1.401061986479459e-05,0.3073505391449464,0.01142572276543567
1.414061986479459e-05,0.3087055864632701,0.01278199974067454
1.42706198647946e-05,0.3124319665886604,0.01210386125305511
1.44006198647946e-05,0.3158195848844698,0.01244293049686482
1.45306198647946e-05,0.3181909176915363,0.01278199974067454
1.46606198647946e-05,0.3202234886690219,0.01413827671591341
1.47906198647946e-05,0.3242886306239931,0.01346013822829398
1.49206198647946e-05,0.3263212016014787,0.0100694457901968
1.50506198647946e-05,0.3290312962381262,0.01108665352162595
1.51806198647946e-05,0.3330964381930974,0.01481641520353285
1.53106198647946e-05,0.335467771000164,0.015833622934962
1.54406198647946e-05,0.3378391038072305,0.01786803839782031
1.55706198647946e-05,0.3398716747847161,0.01854617688543974
1.57006198647946e-05,0.3439368167396873,0.01854617688543974
1.58306198647946e-05,0.3463081495467539,0.01956338461686889
1.59606198647946e-05,0.3486794823538204,0.02125873083591748
1.60906198647946e-05,0.3510508151608869,0.0215978000797272
1.62206198647946e-05,0.3527446243087916,0.02227593856734663
1.63506198647946e-05,0.3537609097975344,0.02363221554258551
1.64806198647946e-05,0.3564710044341819,0.02431035403020494
1.66106198647946e-05,0.3585035754116675,0.02532756176163409
1.674061986479459e-05,0.3615524318778959,0.02668383873687296
1.687061986479459e-05,0.3649400501737052,0.0273619772244924
1.700061986479459e-05,0.3693439539582574,0.0273619772244924
1.713061986479459e-05,0.371376524935743,0.02837918495592155
1.726061986479459e-05,0.3727315722540667,0.02804011571211183
1.739061986479459e-05,0.3761191905498761,0.0293963926873507
1.752061986479459e-05,0.3784905233569426,0.03041360041877986
1.765061986479459e-05,0.3812006179935901,0.03109173890639929
1.778061986479459e-05,0.3835719508006566,0.03244801588163816
1.791061986479459e-05,0.3852657599485613,0.03346522361306732
1.804061986479459e-05,0.3893309019035325,0.03448243134449647
1.81706198647946e-05,0.3917022347105991,0.03516056983211591
1.83006198647946e-05,0.3950898530064084,0.03753405453878393
1.84306198647946e-05,0.3981387094726368,0.0388903315140228
1.85606198647946e-05,0.4015263277684462,0.04126381622069082
1.86906198647946e-05,0.4042364224050936,0.04431543941497827
1.88206198647946e-05,0.407285278871322,0.04499357790259771
1.89506198647946e-05,0.4086403261896458,0.04634985487783658
1.90806198647946e-05,0.4106728971671314,0.04770613185307546
1.92106198647946e-05,0.4137217536333598,0.04906240882831432
1.93406198647946e-05,0.4167706100995882,0.04940147807212404
1.94706198647946e-05,0.4188031810770738,0.05007961655974348
1.96006198647946e-05,0.4225295612024641,0.05177496277879207
1.97306198647946e-05,0.4249008940095306,0.05245310126641151
1.98606198647946e-05,0.4276109886461781,0.05313123975403093
1.99906198647946e-05,0.4299823214532447,0.05414844748546009
2.01206198647946e-05,0.433031177919473,0.05652193219212812
2.02506198647946e-05,0.4347249870673777,0.05787820916736698
2.03806198647946e-05,0.4377738435336062,0.05923448614260585
2.05106198647946e-05,0.4415002236589964,0.06092983236165445
2.064061986479459e-05,0.443871556466063,0.06330331706832246
2.077061986479459e-05,0.4462428892731295,0.06465959404356134
2.090061986479459e-05,0.4489529839097769,0.0660158710188002
2.103061986479459e-05,0.4509855548872626,0.06737214799403907
2.116061986479459e-05,0.4536956495239101,0.06838935572546823
2.129061986479459e-05,0.4557282205013957,0.06974563270070709
2.142061986479459e-05,0.458777076967624,0.07144097891975568
2.155061986479459e-05,0.4611484097746906,0.07245818665118484
2.168061986479459e-05,0.464197266240919,0.07449260211404314
2.181061986479459e-05,0.4652135517296618,0.07686608682071117
2.194061986479459e-05,0.4675848845367284,0.07822236379595003
2.207061986479459e-05,0.4702949791733758,0.07991771001499862
2.22006198647946e-05,0.4760539302762517,0.08229119472166664
2.23306198647946e-05,0.4794415485720611,0.08432561018452495
2.24606198647946e-05,0.4811353577199657,0.08432561018452495
2.25906198647946e-05,0.4831679286974513,0.08636002564738325
2.27206198647946e-05,0.4841842141861941,0.089072579597861
2.28506198647946e-05,0.4858780233340988,0.09042885657309986
2.29806198647946e-05,0.4889268798003272,0.09178513354833874
2.31106198647946e-05,0.4916369744369747,0.09348047976738733
2.32406198647946e-05,0.4946858309032031,0.09483675674262619
2.33706198647946e-05,0.4963796400511078,0.09619303371786507
2.35006198647946e-05,0.4977346873694315,0.09788837993691366
2.36306198647946e-05,0.5004447820060789,0.1006009338873914
2.37606198647946e-05,0.5011223056652409,0.09856651842453309
2.38906198647946e-05,0.5031548766427264,0.1009400031312011
2.40206198647946e-05,0.5068812567681167,0.10229628010644
2.41506198647946e-05,0.5099301132343451,0.1053479033007274
2.42806198647946e-05,0.5126402078709926,0.1063651110321566
2.44106198647946e-05,0.5150115406780591,0.1077213880073955
2.45406198647946e-05,0.5173828734851257,0.1087385957388246
2.467061986479459e-05,0.521109253610516,0.1104339419578732
2.480061986479459e-05,0.5224643009288397,0.1117902189331121
2.493061986479459e-05,0.5241581100767443,0.1145027728835898
2.506061986479459e-05,0.5278844902021346,0.1182325345654967
2.519061986479459e-05,0.5316108703275249,0.1195888115407356
2.532061986479459e-05,0.5333046794754296,0.1223013654912133
2.545061986479459e-05,0.5346597267937533,0.1239967117102619
2.558061986479459e-05,0.5380473450895626,0.1260311271731202
2.571061986479459e-05,0.5407574397262102,0.1267092656607396
2.584061986479459e-05,0.5421124870445339,0.1280655426359785
2.597061986479459e-05,0.5438062961924385,0.1304390273426465
2.61006198647946e-05,0.5448225816811814,0.131117165830266
2.62306198647946e-05,0.5475326763178288,0.1341687890245534
2.63606198647946e-05,0.5522753419319619,0.1368813429750312
2.64906198647946e-05,0.5546466747390284,0.1389157584378895
2.66206198647946e-05,0.5590505785235805,0.1409501739007478
2.67506198647946e-05,0.5610831495010662,0.1429845893636061
2.68806198647946e-05,0.5644707677968755,0.1450190048264644
2.70106198647946e-05,0.5658258151151992,0.1453580740702741
2.71406198647946e-05,0.5685359097518468,0.146714351045513
2.72706198647946e-05,0.5702297188997514,0.1480706280207519
2.74006198647946e-05,0.572262289877237,0.149087835752181
2.75306198647946e-05,0.5756499081730464,0.1521394589464685
2.76606198647946e-05,0.5786987646392747,0.1548520128969462
2.77906198647946e-05,0.5810700974463413,0.157564566847424
2.79206198647946e-05,0.5810700974463413,0.1589208438226628
2.80506198647946e-05,0.5854740012308934,0.1616333977731406
2.81806198647946e-05,0.5875065722083791,0.1633287439921891
2.83106198647946e-05,0.5885228576971219,0.1636678132359989
2.84406198647946e-05,0.5905554286746074,0.1643459517236183
2.857061986479459e-05,0.5939430469704168,0.1657022286988572
2.870061986479459e-05,0.5952980942887406,0.1684147826493349
2.883061986479459e-05,0.5969919034366452,0.1694319903807641
2.896061986479459e-05,0.5997019980732927,0.1718054750874321
2.909061986479459e-05,0.6013958072211973,0.1745180290379098
2.922061986479459e-05,0.6051221873465876,0.1762133752569584
2.935061986479459e-05,0.6068159964944924,0.1782477907198167
2.948061986479459e-05,0.6095260911311398,0.180282206182675
2.961061986479459e-05,0.6112199002790445,0.1819775524017236
2.974061986479459e-05,0.6122361857677873,0.1829947601331528
2.987061986479459e-05,0.6149462804044348,0.1850291755960111
3.00006198647946e-05,0.6166400895523394,0.1867245218150597
3.01306198647946e-05,0.6203664696777297,0.1884198680341083
3.02606198647946e-05,0.6220602788256344,0.1897761450093471
3.03906198647946e-05,0.623754087973539,0.1914714912283957
3.05206198647946e-05,0.6271417062693484,0.1945231144226832
3.06506198647946e-05,0.6295130390764149,0.1975747376169706
3.07806198647946e-05,0.6318843718834815,0.1985919453483998
3.09106198647946e-05,0.6359495138384527,0.1999482223236387
3.10406198647946e-05,0.6366270374976145,0.2016435685426872
3.11706198647946e-05,0.6359495138384527,0.2019826377864969
3.13006198647946e-05,0.6396758939638429,0.2019826377864969
3.14306198647946e-05,0.6417084649413286,0.2060514687122136
3.15606198647946e-05,0.6447573214075569,0.2074077456874524
3.16906198647946e-05,0.6478061778737854,0.2104593688817399
3.18206198647946e-05,0.649838748851271,0.2118156458569788
3.19506198647946e-05,0.6522100816583375,0.2148672690512662
3.20806198647946e-05,0.6539038908062422,0.217579823001744
3.22106198647946e-05,0.6552589381245659,0.2185970307331731
3.23406198647946e-05,0.6572915091020516,0.2192751692207925
3.24706198647946e-05,0.6596628419091181,0.219953307708412
3.260061986479459e-05,0.6627116983753465,0.2216486539274606
3.273061986479459e-05,0.6650830311824131,0.2243612078779383
3.286061986479459e-05,0.6681318876486414,0.2260565540969869
3.299061986479459e-05,0.6694869349669652,0.2280909695598452
3.312061986479459e-05,0.6715195059444508,0.230803523510323
3.325061986479459e-05,0.6728745532627746,0.2318207312417521
3.338061986479459e-05,0.6749071242402601,0.2321598004855618
3.351061986479459e-05,0.6759234097290029,0.2341942159484201
3.364061986479459e-05,0.6769396952177458,0.2358895621674687
3.377061986479459e-05,0.6793110280248122,0.237923977630327
3.39006198647946e-05,0.6820211226614598,0.240297462336995
3.40306198647946e-05,0.686086264616431,0.2423318777998534
3.41606198647946e-05,0.6867637882755928,0.2436881547750922
3.42906198647946e-05,0.6881188355939166,0.2450444317503311
3.44206198647946e-05,0.6915064538897259,0.2474179164569991
3.45506198647946e-05,0.6938777866967925,0.248774193432238
3.46806198647946e-05,0.6948940721855352,0.2504695396512865
3.48106198647946e-05,0.6972654049926018,0.2521648858703351
3.49406198647946e-05,0.6999754996292493,0.2545383705770032
3.50706198647946e-05,0.7020080706067349,0.2569118552836712
3.52006198647946e-05,0.7040406415842205,0.2592853399903392
3.53306198647946e-05,0.7043794034138015,0.2613197554531975
3.54606198647946e-05,0.7070894980504489,0.2616588246970072
3.55906198647946e-05,0.7101383545166773,0.2640323094036753
3.57206198647946e-05,0.7135259728124866,0.266744863354153
3.58506198647946e-05,0.7162360674491342,0.2694574173046307
3.59806198647946e-05,0.716913591108296,0.2697964865484405
3.61106198647946e-05,0.7186074002562006,0.2714918327674891
3.62406198647946e-05,0.72199501855201,0.2742043867179668
3.63706198647946e-05,0.7216562567224291,0.2738653174741571
3.650061986479459e-05,0.7233500658703338,0.2748825252055863
3.663061986479459e-05,0.7250438750182384,0.2762388021808251
3.676061986479459e-05,0.7270764459957241,0.277595079156064
3.689061986479459e-05,0.7280927314844668,0.2789513561313028
3.702061986479459e-05,0.7301253024619524,0.279968563862732
3.715061986479459e-05,0.7328353970985999,0.2820029793255903
3.728061986479459e-05,0.7369005390535711,0.284715533276068
3.741061986479459e-05,0.7406269191789614,0.2884452949579749
3.754061986479459e-05,0.7413044428381232,0.2887843642017847
3.767061986479459e-05,0.7433370138156089,0.2887843642017847
3.780061986479461e-05,0.7450308229635135,0.2914969181522624
3.79306198647946e-05,0.747740917600161,0.2942094721027401
3.806061986479461e-05,0.7474021557705801,0.295565749077979
3.81906198647946e-05,0.7487572030889038,0.2965829568094082
3.832061986479461e-05,0.7507897740663895,0.2996345800036956
3.84506198647946e-05,0.7534998687030369,0.3013299262227442
3.858061986479458e-05,0.7558712015101035,0.3016689954665539
3.87106198647946e-05,0.7572262488284272,0.3037034109294122
3.884061986479459e-05,0.758581296146751,0.3050596879046511
3.89706198647946e-05,0.7623076762721412,0.3081113110989386
3.910061986479459e-05,0.7640014854200459,0.308789449586558
3.92306198647946e-05,0.7667115800566934,0.3115020035370357
3.936061986479459e-05,0.7677278655454362,0.3128582805122746
3.94906198647946e-05,0.7700991983525027,0.3145536267313232
3.962061986479459e-05,0.7704379601820837,0.3152317652189426
3.97506198647946e-05,0.7724705311595692,0.3165880421941815
3.988061986479459e-05,0.7758581494553786,0.3182833884132301
4.00106198647946e-05,0.7772131967737023,0.3199787346322787
4.014061986479459e-05,0.7792457677511879,0.3233694270703759
4.02706198647946e-05,0.7809395768990925,0.3254038425332342
4.040061986479459e-05,0.7819558623878354,0.3270991887522827
4.05306198647946e-05,0.7829721478765782,0.3274382579960924
4.066061986479459e-05,0.7856822425132257,0.329133604215141
4.079061986479461e-05,0.7873760516611303,0.3301508119465702
4.092061986479459e-05,0.7897473844681969,0.3311680196779994
4.105061986479461e-05,0.7924574791048443,0.3335415043846674
4.118061986479459e-05,0.7931350027640062,0.3348977813599062
4.131061986479461e-05,0.79449005008233,0.3359149890913354
4.144061986479459e-05,0.7955063355710728,0.337610335310384
4.157061986479461e-05,0.7972001447189775,0.3389666122856229
4.17006198647946e-05,0.7978776683781393,0.3410010277484812
4.183061986479461e-05,0.7988939538668821,0.3420182354799103
4.19606198647946e-05,0.8022815721626915,0.3433745124551492
4.209061986479461e-05,0.8029590958218533,0.3443917201865783
4.22206198647946e-05,0.804991666799339,0.3457479971618172
4.235061986479461e-05,0.8070242377768245,0.3481214818684852
4.24806198647946e-05,0.8093955705838911,0.3498168280875338
4.261061986479458e-05,0.809734332413472,0.3501558973313436
4.27406198647946e-05,0.8107506179022148,0.3515121743065824
4.287061986479459e-05,0.8131219507092814,0.3538856590132504
4.30006198647946e-05,0.8131219507092814,0.3549028667446796
4.313061986479459e-05,0.8158320453459288,0.3562591437199185
4.32606198647946e-05,0.8182033781529954,0.3576154206951573
4.339061986479459e-05,0.8195584254713191,0.3593107669142059
4.35206198647946e-05,0.8226072819375475,0.3620233208646836
4.365061986479459e-05,0.8243010910854521,0.3643968055713517
4.37806198647946e-05,0.8273499475516806,0.3660921517904003
4.391061986479459e-05,0.8290437566995853,0.3674484287656392
4.40406198647946e-05,0.8307375658474899,0.3681265672532586
4.417061986479459e-05,0.8327701368249756,0.3694828442284974
4.43006198647946e-05,0.8331088986545565,0.371178190447546
4.443061986479459e-05,0.8324313749953947,0.371178190447546
4.45606198647946e-05,0.8351414696320421,0.3732126059104043
4.469061986479459e-05,0.8381903260982705,0.3749079521294529
4.482061986479461e-05,0.8392066115870133,0.3752470213732627
4.495061986479459e-05,0.8395453734165942,0.3759251598608821
4.508061986479461e-05,0.8398841352461751,0.3766032983485015
4.521061986479459e-05,0.8415779443940798,0.3776205060799306
4.534061986479461e-05,0.8442880390307274,0.3793158522989792
4.547061986479459e-05,0.8463206100082129,0.3813502677618376
4.560061986479461e-05,0.8476756573265366,0.3833846832246959
4.57306198647946e-05,0.8493694664744413,0.3840628217123153
4.586061986479461e-05,0.8524183229406698,0.3874535141504125
4.59906198647946e-05,0.8527570847702507,0.3884707218818416
4.612061986479461e-05,0.8541121320885744,0.3898269988570805
4.62506198647946e-05,0.8558059412364791,0.3908442065885097
4.638061986479461e-05,0.8568222267252219,0.392878622051368
4.65106198647946e-05,0.8581772740435456,0.3935567605389874
4.664061986479459e-05,0.8605486068506122,0.3945739682704165
4.67706198647946e-05,0.861226130509774,0.3959302452456554
4.690061986479459e-05,0.8619036541689359,0.3969474529770846
4.70306198647946e-05,0.8642749869760025,0.3986427991961332
4.716061986479459e-05,0.8652912724647452,0.4010162839028012
4.72906198647946e-05,0.8676626052718118,0.4023725608780401
4.742061986479459e-05,0.8710502235676211,0.4047460455847081
4.75506198647946e-05,0.872066509056364,0.4057632533161372
4.768061986479459e-05,0.8727440327155258,0.4064413918037567
4.78106198647946e-05,0.8737603182042686,0.4071195302913761
4.794061986479459e-05,0.8761316510113352,0.408475807266615
4.80706198647946e-05,0.8771479365000779,0.4091539457542344
4.820061986479459e-05,0.8778254601592398,0.4105102227294733
4.83306198647946e-05,0.8791805074775636,0.4128837074361413
4.846061986479459e-05,0.8795192693071445,0.4125446381923316
4.859061986479461e-05,0.881890602114211,0.4139009151675704
4.872061986479459e-05,0.8832456494325348,0.415596261386619
4.885061986479461e-05,0.8832456494325348,0.4169525383618579
4.898061986479459e-05,0.8835844112621157,0.4179697460932871
4.911061986479461e-05,0.8859557440691822,0.4179697460932871
4.924061986479459e-05,0.887310791387506,0.4186478845809065
4.937061986479461e-05,0.8883270768762488,0.4196650923123356
4.950061986479459e-05,0.8890046005354106,0.4203432307999551
4.963061986479461e-05,0.8917146951720581,0.4227167155066231
4.97606198647946e-05,0.8934085043199628,0.4233948539942425
4.989061986479461e-05,0.8934085043199628,0.4247511309694814
5.00206198647946e-05,0.8947635516382866,0.4254292694571009
5.015061986479461e-05,0.8971348844453531,0.4274636849199592
5.02806198647946e-05,0.8991674554228387,0.428819961895198
5.041061986479458e-05,0.8995062172524196,0.4294981003828174
5.05406198647946e-05,0.9001837409115815,0.4298371696266272
5.067061986479459e-05,0.9008612645707433,0.431193446601866
5.08006198647946e-05,0.9032325973778099,0.4335669313085341
5.093061986479459e-05,0.9042488828665527,0.4345841390399632
5.10606198647946e-05,0.9052651683552955,0.4359404160152021
5.119061986479459e-05,0.9069589775032002,0.4359404160152021
5.13206198647946e-05,0.9076365011623621,0.4379748314780604
5.145061986479459e-05,0.9076365011623621,0.4389920392094895
5.15806198647946e-05,0.9086527866511048,0.4400092469409187
5.171061986479459e-05,0.9106853576285905,0.4417045931599673
5.18406198647946e-05,0.9120404049469142,0.4427218008913965
5.197061986479459e-05,0.9137342140948188,0.4430608701352062
5.21006198647946e-05,0.9140729759243997,0.4433999393790159
5.223061986479459e-05,0.9144117377539808,0.4430608701352062
5.23606198647946e-05,0.9164443087314663,0.4450952855980644
5.249061986479459e-05,0.918476879708952,0.4474687703047325
5.262061986479461e-05,0.9181381178793711,0.446790631817113
5.275061986479459e-05,0.9188156415385329,0.4484859780361616
5.288061986479461e-05,0.9208482125160184,0.4501813242552102
5.301061986479459e-05,0.9208482125160184,0.4508594627428297
5.314061986479461e-05,0.923558307152666,0.4535720166933074
5.327061986479459e-05,0.9245745926414087,0.4542501551809268
5.340061986479461e-05,0.9249133544709897,0.4535720166933074
5.35306198647946e-05,0.9262684017893135,0.455267362912356
5.366061986479461e-05,0.9272846872780562,0.4556064321561657
5.37906198647946e-05,0.928300972766799,0.4569627091314046
5.392061986479461e-05,0.9289784964259609,0.4569627091314046
5.40506198647946e-05,0.9316885910626084,0.4583189861066435
5.418061986479461e-05,0.933382400210513,0.4600143323256921
5.43106198647946e-05,0.9350762093584177,0.4606924708133115
5.444061986479458e-05,0.9354149711879987,0.4610315400571212
5.45706198647946e-05,0.9360924948471605,0.4610315400571212
5.470061986479459e-05,0.9360924948471605,0.46238781703236
5.48306198647946e-05,0.9360924948471605,0.4630659555199795
5.496061986479459e-05,0.9384638276542271,0.4654394402266475
5.50906198647946e-05,0.9377863039950652,0.466117578714267
5.522061986479459e-05,0.9398188749725508,0.4671347864456961
5.53506198647946e-05,0.9404963986317126,0.4681519941771253
5.548061986479459e-05,0.9421902077796174,0.4698473403961739
5.56106198647946e-05,0.9435452550979411,0.4715426866152224
5.574061986479459e-05,0.9449003024162648,0.4722208251028419
5.58706198647946e-05,0.9462553497345886,0.4715426866152224
5.600061986479459e-05,0.9459165879050077,0.4715426866152224
5.61306198647946e-05,0.9476103970529123,0.4728989635904613
5.626061986479459e-05,0.9486266825416551,0.4725598943466516
5.639061986479461e-05,0.948965444371236,0.4739161713218905
5.652061986479459e-05,0.9503204916895598,0.4749333790533196
5.665061986479461e-05,0.9513367771783026,0.4759505867847488
5.678061986479459e-05,0.9513367771783026,0.4769677945161779
5.691061986479461e-05,0.9526918244966263,0.4779850022476071
5.704061986479459e-05,0.9537081099853691,0.4783240714914168
5.717061986479461e-05,0.954385633644531,0.4786631407352265
5.730061986479459e-05,0.9564182046220165,0.4810366254418945
5.743061986479461e-05,0.9560794427924356,0.4810366254418945
5.75606198647946e-05,0.9560794427924356,0.4827319716609431
5.769061986479461e-05,0.9574344901107594,0.4844273178799917
5.78206198647946e-05,0.9587895374290831,0.4851054563676112
5.795061986479461e-05,0.9587895374290831,0.4854445256114209
5.80806198647946e-05,0.9608221084065687,0.4868008025866598
5.821061986479461e-05,0.9618383938953116,0.4874789410742791
5.83406198647946e-05,0.9625159175544734,0.4878180103180889
5.847061986479459e-05,0.9621771557248925,0.4874789410742791
5.86006198647946e-05,0.9631934412136353,0.4884961488057083
5.873061986479459e-05,0.9635322030432162,0.4895133565371375
5.88606198647946e-05,0.964548488531959,0.4901914950247569
5.899061986479459e-05,0.9652260121911209,0.4905305642685666
5.91206198647946e-05,0.9665810595094446,0.4922259104876152
5.925061986479459e-05,0.9679361068277683,0.4935821874628541
5.93806198647946e-05,0.9672585831686065,0.4929040489752347
5.951061986479459e-05,0.9669198213390255,0.4929040489752347
5.96406198647946e-05,0.9675973449981874,0.4935821874628541
5.977061986479459e-05,0.9672585831686065,0.4929040489752347
5.99006198647946e-05,0.9689523923165112,0.4942603259504735
6.003061986479459e-05,0.9706462014644158,0.494938464438093
6.01606198647946e-05,0.9726787724419015,0.4959556721695221
6.029061986479459e-05,0.9726787724419015,0.4966338106571415
6.042061986479461e-05,0.9740338197602252,0.4983291568761901
6.055061986479459e-05,0.9743725815898061,0.499685433851429
6.068061986479461e-05,0.974711343419387,0.4990072953638096
6.081061986479459e-05,0.9736950579306443,0.4986682261199998
6.094061986479461e-05,0.9743725815898061,0.499685433851429
6.107061986479459e-05,0.9753888670785489,0.4983291568761901
6.120061986479461e-05,0.9760663907377107,0.499685433851429
6.13306198647946e-05,0.9753888670785489,0.4990072953638096
6.146061986479461e-05,0.9770826762264536,0.5003635723390485
6.15906198647946e-05,0.9791152472039392,0.502058918558097
6.172061986479461e-05,0.980470294522263,0.5034151955333359
6.18506198647946e-05,0.980470294522263,0.5037542647771457
6.198061986479461e-05,0.9811478181814248,0.5044324032647651
6.21106198647946e-05,0.9818253418405867,0.5054496109961942
6.224061986479458e-05,0.9831803891589104,0.505788680240004
6.23706198647946e-05,0.9831803891589104,0.5047714725085748
6.250061986479459e-05,0.9831803891589104,0.505788680240004
6.26306198647946e-05,0.9845354364772342,0.5085012341904817
6.276061986479459e-05,0.985212960136396,0.5091793726781011
6.28906198647946e-05,0.985551721965977,0.5088403034342914
6.302061986479459e-05,0.985212960136396,0.5085012341904817
6.31506198647946e-05,0.9838579128180722,0.5085012341904817
6.328061986479459e-05,0.9831803891589104,0.5085012341904817
6.34106198647946e-05,0.9838579128180722,0.508162164946672
6.354061986479459e-05,0.9841966746476531,0.508162164946672
6.36706198647946e-05,0.9848741983068151,0.508162164946672
6.380061986479459e-05,0.985551721965977,0.5091793726781011
6.39306198647946e-05,0.9865680074547197,0.51053564965334
6.406061986479459e-05,0.9858904837955579,0.51053564965334
6.419061986479461e-05,0.9875842929434625,0.5118919266285789
6.432061986479459e-05,0.9896168639209482,0.5125700651161983
6.445061986479461e-05,0.9892781020913672,0.5122309958723886
6.458061986479459e-05,0.99029438758011,0.5125700651161983
6.471061986479461e-05,0.9892781020913672,0.5118919266285789
6.484061986479459e-05,0.9899556257505291,0.5122309958723886
6.497061986479461e-05,0.9913106730688528,0.5139263420914372
6.510061986479459e-05,0.9913106730688528,0.5139263420914372
6.523061986479461e-05,0.9926657203871766,0.5152826190666761
6.53606198647946e-05,0.9926657203871766,0.5169779652857246
6.549061986479461e-05,0.9930044822167575,0.5162998267981053
6.56206198647946e-05,0.9916494348984337,0.5149435498228664
6.575061986479461e-05,0.9930044822167575,0.5149435498228664
6.58806198647946e-05,0.9933432440463384,0.5159607575542955
6.601061986479461e-05,0.9933432440463384,0.5156216883104858
6.61406198647946e-05,0.9936820058759194,0.5159607575542955
6.627061986479459e-05,0.9933432440463384,0.5152826190666761
6.64006198647946e-05,0.9943595295350812,0.5149435498228664
6.653061986479459e-05,0.9943595295350812,0.5135872728476275
6.66606198647946e-05,0.995375815023824,0.5142654113352469
6.679061986479459e-05,0.995375815023824,0.5149435498228664
6.69206198647946e-05,0.9957145768534049,0.5162998267981053
6.705061986479459e-05,0.9957145768534049,0.5169779652857246
6.71806198647946e-05,0.9963921005125669,0.5169779652857246
6.731061986479459e-05,0.9967308623421478,0.5169779652857246
6.74406198647946e-05,0.9967308623421478,0.5173170345295344
6.757061986479459e-05,0.9967308623421478,0.5179951730171538
6.77006198647946e-05,0.9970696241717287,0.5190123807485829
6.783061986479459e-05,0.9963921005125669,0.5196905192362024
6.79606198647946e-05,0.9974083860013097,0.5200295884800121
6.809061986479459e-05,0.9974083860013097,0.5193514499923927
6.822061986479461e-05,0.9977471478308906,0.5203686577238218
6.835061986479459e-05,0.9984246714900524,0.5210467962114412
6.848061986479461e-05,0.9980859096604715,0.5207077269676316
6.861061986479459e-05,0.9984246714900524,0.5196905192362024
6.874061986479461e-05,0.9991021951492143,0.5207077269676316
6.887061986479459e-05,0.9997797188083761,0.5207077269676316
6.900061986479461e-05,1.000796004297119,0.5220640039428704
6.91306198647946e-05,1.001812289785862,0.5230812116742996
6.926061986479461e-05,1.002151051615443,0.5251156271371579
6.93906198647946e-05,1.000796004297119,0.5247765578933482
6.952061986479461e-05,1.002489813445024,0.5257937656247773
6.96506198647946e-05,1.000796004297119,0.5247765578933482
6.978061986479461e-05,0.9997797188083761,0.5247765578933482
6.99106198647946e-05,1.000457242467538,0.523759350161919
7.004061986479461e-05,0.9997797188083761,0.5227421424304899
7.01706198647946e-05,0.9991021951492143,0.5224030731866801
7.030061986479459e-05,0.9991021951492143,0.5217249346990607
7.04306198647946e-05,0.9994409569787952,0.5200295884800121
7.056061986479459e-05,0.9987634333196334,0.5210467962114412
7.06906198647946e-05,0.9994409569787952,0.521385865455251
7.082061986479459e-05,0.9997797188083761,0.5224030731866801
7.09506198647946e-05,0.9994409569787952,0.5227421424304899
7.108061986479459e-05,0.9984246714900524,0.5220640039428704
7.12106198647946e-05,0.9987634333196334,0.5217249346990607
7.134061986479459e-05,0.9994409569787952,0.5220640039428704
7.14706198647946e-05,1.0011347661267,0.5224030731866801
7.160061986479459e-05,1.000118480637957,0.5217249346990607
7.17306198647946e-05,1.000118480637957,0.5217249346990607
7.186061986479459e-05,0.9991021951492143,0.521385865455251
7.19906198647946e-05,0.9980859096604715,0.5210467962114412
7.212061986479459e-05,0.9974083860013097,0.5227421424304899
7.225061986479461e-05,0.9974083860013097,0.521385865455251
7.238061986479459e-05,0.9970696241717287,0.521385865455251
7.251061986479461e-05,0.9967308623421478,0.5210467962114412
7.264061986479459e-05,0.9970696241717287,0.5210467962114412
7.277061986479461e-05,0.9987634333196334,0.5210467962114412
7.290061986479459e-05,0.9974083860013097,0.5196905192362024
7.303061986479461e-05,0.9977471478308906,0.5203686577238218
7.31606198647946e-05,0.9987634333196334,0.5210467962114412
7.329061986479461e-05,0.9977471478308906,0.5207077269676316
7.34206198647946e-05,0.9967308623421478,0.5193514499923927
7.355061986479461e-05,0.9957145768534049,0.5183342422609635
7.36806198647946e-05,0.9963921005125669,0.5186733115047732
7.381061986479461e-05,0.9977471478308906,0.5190123807485829
7.39406198647946e-05,0.9980859096604715,0.517656103773344
7.407061986479461e-05,0.9980859096604715,0.5179951730171538
7.42006198647946e-05,0.9963921005125669,0.5183342422609635
7.433061986479459e-05,0.9967308623421478,0.5173170345295344
7.44606198647946e-05,0.9970696241717287,0.5173170345295344
7.459061986479459e-05,0.9963921005125669,0.5169779652857246
7.47206198647946e-05,0.9967308623421478,0.5166388960419149
7.485061986479459e-05,0.9957145768534049,0.5162998267981053
7.49806198647946e-05,0.9950370531942431,0.5162998267981053
7.511061986479459e-05,0.9943595295350812,0.5162998267981053
7.52406198647946e-05,0.9957145768534049,0.5173170345295344
7.537061986479459e-05,0.9946982913646621,0.5173170345295344
7.55006198647946e-05,0.9933432440463384,0.5166388960419149
7.563061986479459e-05,0.995375815023824,0.5173170345295344
7.57606198647946e-05,0.9950370531942431,0.5169779652857246
7.589061986479459e-05,0.9957145768534049,0.5169779652857246
7.602061986479461e-05,0.9957145768534049,0.5162998267981053
7.615061986479459e-05,0.9946982913646621,0.5162998267981053
7.628061986479461e-05,0.9933432440463384,0.5152826190666761
7.641061986479459e-05,0.9926657203871766,0.5152826190666761
7.654061986479461e-05,0.9923269585575957,0.5152826190666761
7.667061986479459e-05,0.9926657203871766,0.5152826190666761
7.680061986479461e-05,0.9916494348984337,0.5142654113352469
7.693061986479459e-05,0.9906331494096909,0.5132482036038177
7.706061986479461e-05,0.9896168639209482,0.5132482036038177
7.71906198647946e-05,0.9899556257505291,0.5129091343600081
7.732061986479461e-05,0.9899556257505291,0.5122309958723886
7.74506198647946e-05,0.9892781020913672,0.5108747188971497
7.758061986479461e-05,0.9886005784322054,0.5115528573847692
7.77106198647946e-05,0.9892781020913672,0.5118919266285789
7.784061986479461e-05,0.9886005784322054,0.5118919266285789
7.79706198647946e-05,0.9872455311138816,0.5095184419219109
7.810061986479459e-05,0.9886005784322054,0.5101965804095303
7.82306198647946e-05,0.9882618166026245,0.5101965804095303
7.836061986479459e-05,0.9882618166026245,0.5108747188971497
7.84906198647946e-05,0.9865680074547197,0.5095184419219109
7.862061986479459e-05,0.9845354364772342,0.5085012341904817
7.87506198647946e-05,0.9845354364772342,0.5068058879714331
7.888061986479459e-05,0.9838579128180722,0.5074840264590526
7.90106198647946e-05,0.9841966746476531,0.5061277494838137
7.914061986479459e-05,0.9841966746476531,0.5051105417523846
7.92706198647946e-05,0.9831803891589104,0.5054496109961942
7.940061986479459e-05,0.9838579128180722,0.5074840264590526
7.95306198647946e-05,0.9828416273293294,0.508162164946672
7.966061986479459e-05,0.979792770863101,0.5061277494838137
7.97906198647946e-05,0.9780989617151964,0.5037542647771457
7.992061986479459e-05,0.9767439143968727,0.5037542647771457
8.005061986479461e-05,0.9780989617151964,0.5037542647771457
8.018061986479459e-05,0.9777601998856155,0.5030761262895262
8.031061986479461e-05,0.9784377235447773,0.5023979878019068
8.044061986479459e-05,0.979792770863101,0.502058918558097
8.057061986479461e-05,0.9787764853743582,0.502058918558097
8.070061986479459e-05,0.9770826762264536,0.5010417108266679
8.083061986479461e-05,0.9764051525672917,0.5013807800704776
8.09606198647946e-05,0.9743725815898061,0.5007026415828582
8.109061986479461e-05,0.9733562961010633,0.4983291568761901
8.12206198647946e-05,0.9740338197602252,0.4979900876323804
8.135061986479461e-05,0.9736950579306443,0.4979900876323804
8.14806198647946e-05,0.9716624869531586,0.4976510183885707
8.161061986479461e-05,0.9730175342714824,0.4976510183885707
8.17406198647946e-05,0.9720012487827395,0.4962947414133318
8.187061986479461e-05,0.9706462014644158,0.494938464438093
8.20006198647946e-05,0.9716624869531586,0.4952775336819027
8.213061986479459e-05,0.9692911541460921,0.494938464438093
8.22606198647946e-05,0.9686136304869302,0.4935821874628541
8.239061986479459e-05,0.9672585831686065,0.4929040489752347
8.25206198647946e-05,0.9659035358502828,0.4922259104876152
8.265061986479459e-05,0.9652260121911209,0.4898524257809472
8.27806198647946e-05,0.9638709648727971,0.4884961488057083
8.291061986479459e-05,0.9618383938953116,0.4878180103180889
8.30406198647946e-05,0.9618383938953116,0.4884961488057083
8.317061986479459e-05,0.9608221084065687,0.4874789410742791
8.33006198647946e-05,0.959467061088245,0.4857835948552306
8.343061986479459e-05,0.9601445847474068,0.4844273178799917
8.35606198647946e-05,0.9608221084065687,0.4837491793923723
8.369061986479459e-05,0.9608221084065687,0.4844273178799917
8.382061986479461e-05,0.9587895374290831,0.484088248636182
8.395061986479459e-05,0.9581120137699213,0.4830710409047528
8.408061986479461e-05,0.9567569664515975,0.4820538331733237
8.421061986479459e-05,0.9554019191332738,0.4810366254418945
8.434061986479461e-05,0.9537081099853691,0.4800194177104654
8.447061986479459e-05,0.9537081099853691,0.4793412792228459
8.460061986479461e-05,0.9537081099853691,0.4790022099790362
8.473061986479459e-05,0.9523530626670453,0.4790022099790362
8.486061986479461e-05,0.9506592535191407,0.4786631407352265
8.49906198647946e-05,0.9513367771783026,0.4779850022476071
8.512061986479461e-05,0.9482879207120741,0.4759505867847488
8.52506198647946e-05,0.9472716352233314,0.4759505867847488
8.538061986479461e-05,0.9476103970529123,0.4749333790533196
8.55106198647946e-05,0.9459165879050077,0.4739161713218905
8.564061986479461e-05,0.9455778260754267,0.4728989635904613
8.57706198647946e-05,0.9455778260754267,0.4728989635904613
8.590061986479461e-05,0.9455778260754267,0.4728989635904613
8.60306198647946e-05,0.9442227787571029,0.4718817558590321
8.616061986479459e-05,0.943884016927522,0.4712036173714127
8.62906198647946e-05,0.9432064932683601,0.4705254788837933
8.642061986479459e-05,0.9428677314387792,0.4698473403961739
8.65506198647946e-05,0.9415126841204555,0.4691692019085544
8.668061986479459e-05,0.9394801131429699,0.4657785094704572
8.68106198647946e-05,0.9384638276542271,0.4651003709828378
8.694061986479459e-05,0.9371087803359033,0.4637440940075989
8.70706198647946e-05,0.9357537330175796,0.4627268862761698
8.720061986479459e-05,0.9343986856992559,0.4630659555199795
8.73306198647946e-05,0.933721162040094,0.4620487477885503
8.746061986479459e-05,0.9323661147217702,0.4603534015695018
8.75906198647946e-05,0.9320273528921893,0.4589971245942629
8.772061986479459e-05,0.9299947819147037,0.4573017783752143
8.785061986479461e-05,0.9289784964259609,0.4579799168628337
8.798061986479459e-05,0.9276234491076372,0.4573017783752143
8.811061986479461e-05,0.9262684017893135,0.4559455013999754
8.824061986479459e-05,0.9255908781301515,0.4549282936685463
8.837061986479461e-05,0.9249133544709897,0.4545892244247365
8.850061986479459e-05,0.923558307152666,0.4535720166933074
8.863061986479461e-05,0.9222032598343423,0.4515376012304491
8.87606198647946e-05,0.9208482125160184,0.4498422550114005
8.889061986479461e-05,0.9201706888568566,0.4484859780361616
8.90206198647946e-05,0.9198319270272757,0.4481469087923519
8.915061986479461e-05,0.9194931651976948,0.4481469087923519
8.92806198647946e-05,0.9191544033681138,0.4484859780361616
8.941061986479461e-05,0.9167830705610472,0.4471297010609228
8.95406198647946e-05,0.9157667850723045,0.4461124933294936
8.967061986479461e-05,0.9147504995835617,0.4450952855980644
8.98006198647946e-05,0.9123791667764951,0.4417045931599673
8.993061986479461e-05,0.9120404049469142,0.4406873854285381
9.00606198647946e-05,0.9100078339694285,0.4400092469409187
9.019061986479459e-05,0.9100078339694285,0.439670177697109
9.03206198647946e-05,0.9106853576285905,0.4400092469409187
9.045061986479459e-05,0.9089915484806858,0.4383139007218701
9.05806198647946e-05,0.9072977393327811,0.4372966929904409
9.071061986479459e-05,0.9059426920144573,0.4362794852590118
9.08406198647946e-05,0.9056039301848764,0.4359404160152021
9.097061986479459e-05,0.9025550737186481,0.4328887928209146
9.11006198647946e-05,0.9005225027411624,0.4315325158456758
9.123061986479459e-05,0.8995062172524196,0.4298371696266272
9.13606198647946e-05,0.8995062172524196,0.4294981003828174
9.149061986479459e-05,0.8951023134678675,0.4271246156761495
9.16206198647946e-05,0.8964573607861912,0.42644647718853
9.175061986479459e-05,0.8964573607861912,0.4267855464323397
9.188061986479461e-05,0.8947635516382866,0.4267855464323397
9.201061986479459e-05,0.8920534570016391,0.4244120617256717
9.214061986479461e-05,0.8903596478537343,0.4237339232380523
9.227061986479459e-05,0.8890046005354106,0.4213604385313842
9.240061986479461e-05,0.8876495532170869,0.4196650923123356
9.253061986479459e-05,0.887310791387506,0.4169525383618579
9.266061986479461e-05,0.8839231730916967,0.415596261386619
9.27906198647946e-05,0.8829068876029538,0.4145790536551899
9.292061986479461e-05,0.8825681257733728,0.4142399844113802
9.30506198647946e-05,0.8815518402846301,0.4152571921428093
9.318061986479461e-05,0.8808743166254682,0.4152571921428093
9.33106198647946e-05,0.8785029838184016,0.4122055689485218
9.344061986479461e-05,0.8754541273521733,0.4091539457542344
9.35706198647946e-05,0.8744378418634304,0.4067804610475664
9.370061986479461e-05,0.8737603182042686,0.4077976687789955
9.38306198647946e-05,0.872066509056364,0.4054241840723275
9.396061986479459e-05,0.872066509056364,0.4054241840723275
9.40906198647946e-05,0.8700339380788783,0.4030506993656595
9.422061986479459e-05,0.8693564144197165,0.4013553531466109
9.43506198647946e-05,0.8686788907605546,0.4010162839028012
9.448061986479459e-05,0.8680013671013928,0.3996600069275623
9.46106198647946e-05,0.8656300342943262,0.3983037299523234
9.474061986479459e-05,0.8646137488055834,0.3979646607085137
9.48706198647946e-05,0.8625811778280977,0.3969474529770846
9.500061986479459e-05,0.8619036541689359,0.3955911760018457
9.51306198647946e-05,0.861226130509774,0.3942348990266068
9.526061986479459e-05,0.8602098450210313,0.3938958297827971
9.53906198647946e-05,0.8554671794068981,0.3915223450761291
9.552061986479459e-05,0.8537733702589935,0.3894879296132708
9.565061986479461e-05,0.8527570847702507,0.3894879296132708
9.578061986479459e-05,0.8514020374519269,0.3891488603694611
9.591061986479461e-05,0.8480144191561176,0.3871144449066027
9.604061986479459e-05,0.8490307046448604,0.3850800294437445
9.617061986479461e-05,0.8476756573265366,0.384401890956125
9.630061986479459e-05,0.845981848178632,0.3827065447370764
9.643061986479461e-05,0.8432717535419845,0.3806721292742181
9.656061986479459e-05,0.8415779443940798,0.379654921542789
9.669061986479461e-05,0.8402228970757561,0.3782986445675501
9.68206198647946e-05,0.8375128024391086,0.3759251598608821
9.695061986479461e-05,0.8364965169503659,0.3745688828856432
9.70806198647946e-05,0.8348027078024611,0.3742298136418335
9.721061986479461e-05,0.8341251841432993,0.3718563289351655
9.73406198647946e-05,0.8331088986545565,0.3708391212037363
9.747061986479461e-05,0.8320926131658136,0.3691437749846877
9.76006198647946e-05,0.8297212803587471,0.3671093595218294
9.773061986479461e-05,0.8256561384037759,0.3650749440589711
9.78606198647946e-05,0.825317376574195,0.3643968055713517
9.799061986479459e-05,0.8229460437671284,0.3630405285961128
9.81206198647946e-05,0.8222685201079666,0.3623623901084934
9.825061986479459e-05,0.8212522346192238,0.360327974645635
9.83806198647946e-05,0.8188809018121572,0.3579544899389671
9.851061986479459e-05,0.8182033781529954,0.3569372822075379
9.86406198647946e-05,0.8171870926642526,0.3559200744761087
9.877061986479459e-05,0.8131219507092814,0.3535465897694407
9.89006198647946e-05,0.8110893797317957,0.3511731050627727
9.903061986479459e-05,0.8107506179022148,0.3501558973313436
9.91606198647946e-05,0.809734332413472,0.3498168280875338
9.929061986479459e-05,0.8080405232655673,0.3491386895999144
9.94206198647946e-05,0.8060079522880818,0.3471042741370561
9.955061986479459e-05,0.8046529049697579,0.3464261356494366
9.968061986479461e-05,0.8019428103331105,0.3443917201865783
9.981061986479459e-05,0.8016040485035296,0.3426963739675298
9.994061986479461e-05,0.7985551920373012,0.3410010277484812
0.0001000706198647946,0.7982164302077203,0.3410010277484812
0.0001002006198647946,0.7972001447189775,0.3396447507732423
0.0001003306198647946,0.7948288119119109,0.337610335310384
0.0001004606198647946,0.7927962409344252,0.3359149890913354
0.0001005906198647946,0.789408622638616,0.3338805736284771
0.0001007206198647946,0.7873760516611303,0.3315070889218091
0.0001008506198647946,0.7866985280019685,0.3304898811903799
0.0001009806198647946,0.7856822425132257,0.3294726734589508
0.0001011106198647946,0.7843271951949019,0.3294726734589508
0.0001012406198647946,0.7819558623878354,0.3274382579960924
0.0001013706198647946,0.7785682440920261,0.324386634801805
0.0001015006198647946,0.7772131967737023,0.3216740808513273
0.0001016306198647946,0.7761969112849595,0.3193005961446592
0.0001017606198647946,0.773825578477893,0.3179443191694203
0.0001018906198647946,0.7728092929891501,0.3165880421941815
0.0001020206198647946,0.7711154838412455,0.3162489729503718
0.0001021506198647946,0.768405389204598,0.3148926959751329
0.0001022806198647946,0.7667115800566934,0.311162934293226
0.0001024106198647946,0.7653565327383696,0.3108238650494163
0.0001025406198647946,0.7619689144425602,0.3091285188303677
0.0001026706198647946,0.7595975816354937,0.3077722418551289
0.0001028006198647946,0.757903772487589,0.3060768956360803
0.0001029306198647946,0.7568874869988462,0.3043815494170317
0.0001030606198647946,0.7545161541917798,0.3030252724417928
0.0001031906198647946,0.752822345043875,0.3003127184913151
0.0001033206198647946,0.7521448213847132,0.2989564415160762
0.0001034506198647946,0.7518060595551322,0.2986173722722665
0.0001035806198647946,0.7497734885776466,0.2969220260532179
0.0001037106198647946,0.748079679429742,0.2962438875655984
0.0001038406198647946,0.7450308229635135,0.2935313336151207
0.0001039706198647946,0.7433370138156089,0.2911578489084527
0.0001041006198647946,0.7413044428381232,0.2894625026894041
0.0001042306198647946,0.7385943482014757,0.2887843642017847
0.0001043606198647946,0.7365617772239902,0.2874280872265458
0.0001044906198647946,0.7345292062465045,0.2864108794951166
0.0001046206198647946,0.7331741589281808,0.2836983255446389
0.0001047506198647946,0.7311415879506953,0.2823420485694
0.0001048806198647946,0.7277539696548859,0.2796294946189223
0.0001050106198647946,0.7260601605069812,0.277595079156064
0.0001051406198647946,0.7253826368478193,0.2755606636932056
0.0001052706198647946,0.7243663513590766,0.2745434559617765
0.0001054006198647946,0.7230113040407528,0.2728481097427279
0.0001055306198647946,0.7213174948928481,0.2725090404989182
0.0001056606198647946,0.7182686384266197,0.2711527635236793
0.0001057906198647946,0.7152197819603913,0.2681011403293919
0.0001059206198647946,0.711832163664582,0.2664057941103433
0.0001060506198647946,0.7084445453687727,0.2647104478912947
0.0001061806198647946,0.7074282598800298,0.2626760324284364
0.0001063106198647946,0.7060732125617061,0.2609806862093878
0.0001064406198647946,0.7047181652433824,0.2596244092341489
0.0001065706198647946,0.701330546947573,0.2572509245274809
0.0001067006198647946,0.6982816904813446,0.2552165090646226
0.0001068306198647946,0.69658788133344,0.2538602320893837
0.0001069606198647946,0.6959103576742781,0.2528430243579546
0.0001070906198647946,0.6952328340151162,0.2518258166265254
0.0001072206198647946,0.6938777866967925,0.2501304704074769
0.0001073506198647946,0.6921839775488878,0.248774193432238
0.0001074806198647946,0.6898126447418212,0.2467397779693797
0.0001076106198647946,0.6881188355939166,0.2447053625065214
0.0001077406198647946,0.6867637882755928,0.2436881547750922
0.0001078706198647946,0.6830374081502025,0.2409756008246145
0.0001080006198647946,0.6796497898543932,0.2392802546055659
0.0001081306198647946,0.6766009333881648,0.2375849083865173
0.0001082606198647946,0.6749071242402601,0.2348723544360396
0.0001083906198647946,0.675245886069841,0.2341942159484201
0.0001085206198647946,0.6721970296036126,0.2328379389731813
0.0001086506198647946,0.6691481731373843,0.2301253850227035
0.0001087806198647946,0.6671156021598986,0.2280909695598452
0.0001089106198647946,0.6647442693528322,0.227073761828416
0.0001090406198647946,0.6637279838640893,0.2257174848531772
0.0001091706198647946,0.6606791273978608,0.2233440001465092
0.0001093006198647946,0.6589853182499562,0.2216486539274606
0.0001094306198647946,0.6572915091020516,0.2209705154398411
0.0001095606198647946,0.6552589381245659,0.2189360999769828
0.0001096906198647946,0.6525488434879184,0.2162235460265051
0.0001098206198647946,0.6491612251921092,0.2135109920760274
0.0001099506198647946,0.6478061778737854,0.2131719228322176
0.0001100806198647946,0.644418559577976,0.2101202996379302
0.0001102106198647946,0.6420472267709095,0.2080858841750719
0.0001103406198647946,0.6396758939638429,0.2057123994684038
0.0001104706198647946,0.6369657993271954,0.2026607762741164
0.0001106006198647946,0.6356107520088717,0.2009654300550678
0.0001107306198647946,0.634594466520129,0.2002872915674484
0.0001108606198647946,0.6318843718834815,0.1982528761045901
0.0001109906198647946,0.6284967535876721,0.1975747376169706
0.0001111206198647946,0.6271417062693484,0.1962184606417318
0.0001112506198647946,0.6247703734622818,0.193505906691254
0.0001113806198647946,0.6230765643143772,0.1921496297160152
0.0001115106198647946,0.6196889460185678,0.1890980065217277
0.0001116406198647946,0.6166400895523394,0.1877417295464888
0.0001117706198647946,0.6149462804044348,0.1863854525712499
0.0001119006198647946,0.6139299949156919,0.1840119678645819
0.0001120306198647946,0.6122361857677873,0.1826556908893431
0.0001121606198647946,0.6108811384494636,0.180282206182675
0.0001122906198647946,0.6088485674719779,0.1789259292074362
0.0001124206198647946,0.6057997110057495,0.177908721476007
0.0001125506198647946,0.603428378198683,0.1768915137445778
0.0001126806198647946,0.6024120927099402,0.1751961675255293
0.0001128106198647946,0.6000407599028736,0.1724836135750515
0.0001129406198647946,0.5976694270958071,0.1711273365998127
0.0001130706198647946,0.5946205706295787,0.1680757134055252
0.0001132006198647946,0.5925879996520931,0.1673975749179058
0.0001133306198647946,0.5892003813562837,0.1650240902112377
0.0001134606198647946,0.5864902867196362,0.1619724670169503
0.0001135906198647946,0.5841189539125697,0.1595989823102822
0.0001137206198647946,0.582425144764665,0.1589208438226628
0.0001138506198647946,0.5800538119575985,0.1579036360912337
0.0001139806198647946,0.5786987646392747,0.1565473591159948
0.0001141106198647946,0.5753111463434655,0.1551910821407559
0.0001142406198647946,0.572262289877237,0.1531566666778976
0.0001143706198647946,0.5698909570701705,0.1518003897026587
0.0001145006198647946,0.5678583860926849,0.1497659742398005
0.0001146306198647946,0.5658258151151992,0.1480706280207519
0.0001147606198647946,0.5631157204785517,0.1470534202893227
0.0001148906198647946,0.5600668640123234,0.1440017970950352
0.0001150206198647946,0.5587118166939996,0.1416283123883672
0.0001151506198647946,0.557018007546095,0.1395938969255089
0.0001152806198647946,0.5536303892502856,0.1378985507064603
0.0001154106198647946,0.551259056443219,0.1372204122188409
0.0001155406198647946,0.5492264854657335,0.1355250659997923
0.0001156706198647946,0.5475326763178288,0.1324734428055049
0.0001158006198647946,0.5458388671699241,0.1304390273426465
0.0001159306198647946,0.541434963385372,0.1294218196112174
0.0001160606198647946,0.5383861069191436,0.1290827503674077
0.0001161906198647946,0.5356760122824961,0.1280655426359785
0.0001163206198647946,0.5349984886233342,0.1263701964169299
0.0001164506198647946,0.5326271558162677,0.1239967117102619
0.0001165806198647946,0.5312721084979439,0.1209450885159744
0.0001167106198647946,0.5282232520317155,0.1199278807845453
0.0001168406198647946,0.5241581100767443,0.117893465321687
0.0001169706198647946,0.5221255390992587,0.1168762575902578
0.0001171006198647946,0.5187379208034494,0.1148418421273995
0.0001172306198647946,0.5167053498259638,0.1121292881769218
0.0001173606198647946,0.5146727788484782,0.1100948727140635
0.0001174906198647946,0.5126402078709926,0.1087385957388246
0.0001176206198647946,0.5116239223822497,0.1073823187635857
0.0001177506198647946,0.5092525895751833,0.1053479033007274
0.0001178806198647946,0.5065424949385358,0.1039916263254886
0.0001180106198647946,0.5038324003018883,0.10229628010644
0.0001181406198647946,0.4997672583469171,0.1002618646435817
0.0001182706198647946,0.4963796400511078,0.0989055876683428
0.0001184006198647946,0.4919757362665556,0.09721024144929422
0.0001185306198647946,0.4882493561411653,0.09551489523024563
0.0001186606198647946,0.4885881179707463,0.09381954901119705
0.0001187906198647946,0.4862167851636797,0.09178513354833874
0.0001189206198647946,0.4841842141861941,0.08975071808548044
0.0001190506198647946,0.4828291668678704,0.08873351035405128
0.0001191806198647946,0.4804578340608038,0.08737723337881241
0.0001193106198647946,0.4777477394241564,0.08500374867214439
0.0001194406198647946,0.4760539302762517,0.08432561018452495
0.0001195706198647946,0.4733438356396042,0.08195212547785692
0.0001197006198647946,0.4706337410029567,0.08093491774642778
0.0001198306198647946,0.4679236463663093,0.07957864077118891
0.0001199606198647946,0.4645360280704999,0.07788329455214031
0.0001200906198647946,0.4621646952634334,0.07652701757690145
0.0001202206198647946,0.458777076967624,0.07584887908928201
0.0001203506198647946,0.4564057441605575,0.07449260211404314
0.0001204806198647946,0.4543731731830719,0.07279725589499456
0.0001206106198647946,0.4523406022055863,0.0717800481635654
0.0001207406198647946,0.4479366984210342,0.07042377118832653
0.0001208706198647946,0.4472591747618723,0.06737214799403907
0.0001210006198647946,0.4459041274435486,0.0660158710188002
0.0001211306198647946,0.4425165091477392,0.06465959404356134
0.0001212606198647946,0.4391288908519299,0.06296424782451274
0.0001213906198647946,0.4357412725561206,0.06194704009308359
0.0001215206198647946,0.433031177919473,0.06025169387403501
0.0001216506198647946,0.4309986069419874,0.05855634765498642
0.0001217806198647946,0.4272722268165972,0.05686100143593784
0.0001219106198647946,0.4249008940095306,0.05482658597307952
0.0001220406198647946,0.4238846085207878,0.05482658597307952
0.0001221706198647946,0.4218520375433022,0.05279217051022121
0.0001223006198647946,0.4188031810770738,0.05143589353498235
0.0001224306198647946,0.4154155627812645,0.05007961655974348
0.0001225606198647946,0.4113504208262933,0.04974054731593376
0.0001226906198647946,0.407624040700903,0.0487233395845046
0.0001228206198647946,0.4066077552121602,0.04736706260926574
0.0001229506198647946,0.4028813750867699,0.04601078563402687
0.0001230806198647946,0.4005100422797033,0.04465450865878799
0.0001232106198647946,0.3988162331317987,0.04363730092735885
0.0001233406198647946,0.397122423983894,0.04262009319592969
0.0001234706198647946,0.3944123293472465,0.0409247469768811
0.0001236006198647946,0.3913634728810181,0.03990753924545196
0.0001237306198647946,0.3889921400739516,0.03922940075783252
0.0001238606198647946,0.3845882362893994,0.03787312378259364
0.0001239906198647946,0.3825556653119138,0.03685591605116449
0.0001241206198647946,0.3808618561640091,0.03549963907592563
0.0001242506198647946,0.3781517615273617,0.03583870831973533
0.0001243806198647946,0.3751029050611333,0.03753405453878393
0.0001245106198647946,0.3723928104244858,0.03278708512544788
0.0001246406198647946,0.3690051921286764,0.03007453117497014
0.0001247706198647946,0.3669726211511908,0.02837918495592155
0.0001249006198647946,0.3639237646849625,0.0273619772244924
0.0001250306198647946,0.3625687173666387,0.02566663100544381
0.0001251606198647946,0.3588423372412484,0.02600570024925353
0.0001252906198647946,0.3554547189454391,0.02634476949306325
0.0001254206198647946,0.3520671006496298,0.02498849251782437
0.0001255506198647946,0.3486794823538204,0.02397128478639522
0.0001256806198647946,0.3463081495467539,0.02329314629877579
0.0001258106198647946,0.3442755785692683,0.0215978000797272
0.0001259406198647946,0.3429205312509445,0.02058059234829805
0.0001260706198647946,0.3402104366142971,0.02058059234829805
0.0001262006198647946,0.3378391038072305,0.02024152310448833
0.0001263306198647946,0.335467771000164,0.01888524612924946
0.0001264606198647946,0.3330964381930974,0.01820710764163002
0.0001265906198647946,0.330047581726869,0.01820710764163002
0.0001267206198647946,0.3283537725789643,0.01718989991020087
0.0001268506198647946,0.3242886306239931,0.01651176142258143
0.0001269806198647946,0.3222560596465075,0.01515548444734257
0.0001271106198647946,0.3185296795211172,0.01413827671591341
0.0001272406198647946,0.3154808230548888,0.01210386125305511
0.0001273706198647946,0.3120932047590795,0.01278199974067454
0.0001275006198647946,0.3120932047590795,0.01244293049686482
0.0001276306198647946,0.3083668246336892,0.01142572276543567
0.0001277606198647946,0.3056567299970417,0.01074758427781624
0.0001278906198647946,0.3026078735308133,0.01074758427781624
0.0001280206198647946,0.2998977788941659,0.01040851503400652
0.0001281506198647946,0.2971876842575183,0.01074758427781624
0.0001282806198647946,0.2934613041321281,0.01074758427781624
0.0001284106198647946,0.2914287331546425,0.0100694457901968
0.0001285406198647946,0.2877023530292522,0.009391307302577366
0.0001286706198647946,0.2843147347334429,0.009052238058767649
0.0001288006198647946,0.2809271164376335,0.008713168814957931
0.0001289306198647946,0.2795720691193098,0.008713168814957931
0.0001290606198647946,0.2782170218009861,0.007017822595909344
0.0001291906198647946,0.2748294035051767,0.006339684108289908
0.0001293206198647946,0.2724580706981102,0.005661545620670473
0.0001294506198647946,0.2707642615502055,0.00600061486448019
0.0001295806198647946,0.268392928743139,0.006339684108289908
0.0001297106198647946,0.2646665486177487,0.006339684108289908
0.0001298406198647946,0.2616176921515203,0.005322476376860756
0.0001299706198647946,0.2599238830036156,0.005322476376860756
0.0001301006198647946,0.2565362647078063,0.004983407133051038
0.0001302306198647946,0.252809884582416,0.00464433788924132
0.0001303606198647946,0.2500997899457685,0.003627130157812168
0.0001304906198647946,0.247389695309121,0.00328806091400245
0.0001306206198647946,0.2450183625020545,0.002948991670192732
0.0001307506198647946,0.2429857915245689,0.00328806091400245
0.0001308806198647946,0.2389206495695977,0.002270853182573297
0.0001310106198647946,0.2348555076146265,0.001592714694953862
0.0001311406198647946,0.2311291274892362,0.002609922426383015
0.0001312706198647946,0.2294353183413315,0.00193178393876358
0.0001314006198647946,0.226725223704684,0.002270853182573297
0.0001315306198647946,0.2240151290680366,0.001253645451144144
0.0001316606198647946,0.221982558090551,0.0009145762073344267
0.0001317906198647946,0.2185949397947416,0.001592714694953862
0.0001319206198647946,0.2155460833285132,0.00193178393876358
0.0001320506198647946,0.211480941373542,0.001253645451144144
0.0001321806198647946,0.2077545612481517,0.001592714694953862
0.0001323106198647946,0.206060752100247,0.001592714694953862
0.0001324406198647946,0.206060752100247,0.002270853182573297
0.0001325706198647946,0.2019956101452758,0.002270853182573297
0.0001327006198647946,0.2003018009973711,0.001253645451144144
0.0001328306198647946,0.1986079918494665,-0.0001026315240947261
0.0001329606198647946,0.1935265644057525,-0.001458908499333596
0.0001330906198647946,0.1901389461099431,-0.003493323962191902
0.0001332206198647946,0.1867513278141338,-0.002815185474572467
0.0001333506198647946,0.1837024713479053,-0.001458908499333596
0.0001334806198647946,0.1813311385408388,-0.001458908499333596
0.0001336106198647946,0.1772659965858676,-0.0004417007679044436
0.0001337406198647946,0.1755721874379629,-0.0004417007679044436
0.0001338706198647946,0.1725233309717345,-0.0004417007679044436
0.0001340006198647946,0.1694744745055061,-0.0004417007679044436
0.0001341306198647946,0.1671031416984396,-0.0007807700117141612
0.0001342606198647946,0.1657480943801158,-0.0001026315240947261
0.0001343906198647946,0.1626992379138874,-0.0001026315240947261
0.0001345206198647946,0.1610054287659828,-0.0004417007679044436
0.0001346506198647946,0.1566015249814306,-0.0007807700117141612
0.0001347806198647946,0.1555852394926878,-0.0004417007679044436
0.0001349106198647946,0.1511813357081357,-0.001119839255523879
0.0001350406198647946,0.1474549555827454,-0.0004417007679044436
0.0001351706198647946,0.1471161937531645,-0.0004417007679044436
0.0001353006198647946,0.1433898136277742,-0.0007807700117141612
0.0001354306198647946,0.1396634335023839,-0.0007807700117141612
0.0001355606198647946,0.1359370533769936,-0.001119839255523879
0.0001356906198647946,0.1328881969107652,-0.001119839255523879
0.0001358206198647946,0.1291618167853749,-0.001119839255523879
0.0001359506198647946,0.1264517221487275,-0.001458908499333596
0.0001360806198647946,0.1244191511712418,-0.0007807700117141612
0.0001362106198647946,0.1220478183641753,-0.0004417007679044436
0.0001363406198647946,0.118321438238785,-0.0004417007679044436
0.0001364706198647946,0.1149338199429757,-0.001797977743143314
0.0001366006198647946,0.1135787726246519,-0.002137046986953032
0.0001367306198647946,0.1112074398175854,-0.001119839255523879
0.0001368606198647946,0.108158583351357,-0.001458908499333596
0.0001369906198647946,0.1054484887147095,-0.001797977743143314
0.0001371206198647946,0.1017221085893193,-0.002476116230762749
0.0001372506198647946,0.09901201395267177,-0.001797977743143314
0.0001373806198647946,0.09765696663434803,-0.001458908499333596
0.0001375106198647946,0.09528563382728149,-0.001458908499333596
0.0001376406198647946,0.09257553919063402,-0.002137046986953032
0.0001377706198647946,0.08817163540608187,-0.0007807700117141612
0.0001379006198647946,0.08580030259901533,-0.0001026315240947261
0.0001380306198647946,0.08309020796236785,-0.001458908499333596
0.0001381606198647946,0.08038011332572038,-0.002137046986953032
0.0001382906198647946,0.07800878051865384,-0.001797977743143314
0.0001384206198647946,0.0746211622228445,-0.001797977743143314
0.0001385506198647946,0.07258859124535889,-0.0007807700117141612
0.0001386806198647946,0.06852344929038767,0.0002364377197149915
0.0001388106198647946,0.06581335465374021,-0.001119839255523879
0.0001389406198647946,0.06242573635793086,-0.001458908499333596
0.0001390706198647946,0.06005440355086432,-0.001797977743143314
0.0001392006198647946,0.0559892615958931,-0.0004417007679044436
0.0001393306198647946,0.05361792878882657,-0.0004417007679044436
0.0001394606198647946,0.05090783415217909,-0.0004417007679044436
0.0001395906198647946,0.04582640670846508,-0.0007807700117141612
0.0001397206198647946,0.0431163120718176,-0.001119839255523879
0.0001398506198647946,0.04040621743517012,-0.001119839255523879
0.0001399806198647946,0.03667983730977985,-0.001119839255523879
0.0001401106198647946,0.03396974267313237,-0.001458908499333596
0.0001402406198647946,0.0312596480364849,-0.001119839255523879
0.0001403706198647946,0.02922707705899929,-0.001458908499333596
0.0001405006198647946,0.02787202974067555,-0.0004417007679044436
0.0001406306198647946,0.02448441144486621,0.0002364377197149915
0.0001407606198647946,0.0224518404673806,-0.0004417007679044436
0.0001408906198647946,0.01838669851240939,-0.001458908499333596
0.0001410206198647946,0.01466031838701911,-0.001119839255523879
0.0001411506198647946,0.01127270009120977,-0.001458908499333596
0.0001412806198647946,0.009578890943305097,-0.0007807700117141612
0.0001414106198647946,0.00754631996581949,-0.001119839255523879
0.0001415406198647946,0.004497463499591081,0.001253645451144144
0.0001416706198647946,0.001109845203781738,0.00328806091400245
0.0001418006198647946,-0.001939011262446672,0.0005755069635247092
0.0001419306198647946,-0.00566539138783695,0.0005755069635247092
0.0001420606198647946,-0.007020438706160688,0.0002364377197149915
0.0001421906198647946,-0.01040805700197003,-0.0007807700117141612
0.0001423206198647946,-0.01311815163861751,-0.001119839255523879
0.0001424506198647946,-0.01515072261610311,-0.001119839255523879
0.0001425806198647946,-0.01853834091191246,-0.001119839255523879
0.0001427106198647946,-0.02124843554855993,-0.001119839255523879
0.0001428406198647946,-0.0239585301852074,-0.001458908499333596
0.0001429706198647946,-0.02700738665143581,-0.002815185474572467
0.0001431006198647946,-0.02971748128808329,-0.001797977743143314
0.0001432306198647946,-0.03141129043598796,-0.001119839255523879
0.0001433606198647946,-0.03446014690221637,-0.001797977743143314
0.0001434906198647946,-0.03615395605012105,-0.001458908499333596
0.0001436206198647946,-0.04089662166425412,-0.0004417007679044436
0.0001437506198647946,-0.04394547813048254,-0.001119839255523879
0.0001438806198647946,-0.04767185825587281,-0.001797977743143314
0.0001440106198647946,-0.05004319106293935,-0.001458908499333596
0.0001441406198647946,-0.05376957118832963,-0.002815185474572467
0.0001442706198647946,-0.05681842765455804,-0.002815185474572467
0.0001444006198647946,-0.05952852229120552,-0.002137046986953032
0.0001445306198647946,-0.06189985509827205,-0.001797977743143314
0.0001446606198647946,-0.06494871156450047,-0.001119839255523879
0.0001447906198647946,-0.0683363298603098,-0.001119839255523879
0.0001449206198647946,-0.07070766266737634,-0.0007807700117141612
0.0001450506198647946,-0.07375651913360476,-0.001458908499333596
0.0001451806198647946,-0.0771441374294141,-0.001797977743143314
0.0001453106198647946,-0.08087051755480437,-0.001458908499333596
0.0001454406198647946,-0.08256432670270905,-0.001797977743143314
0.0001455706198647946,-0.08493565950977559,-0.002476116230762749
0.0001457006198647946,-0.087984515976004,-0.002476116230762749
0.0001458306198647946,-0.09137213427181334,-0.0007807700117141612
0.0001459606198647946,-0.09442099073804175,-0.001119839255523879
0.0001460906198647946,-0.09713108537468923,-0.001458908499333596
0.0001462206198647946,-0.0988248945225939,-0.0004417007679044436
0.0001463506198647946,-0.1015349891592414,0.0002364377197149915
0.0001464806198647946,-0.1045838456254698,-0.0004417007679044436
0.0001466106198647946,-0.1096652730691838,-0.001119839255523879
0.0001467406198647946,-0.113730415024155,-0.001458908499333596
0.0001468706198647946,-0.1157629860016406,-0.002476116230762749
0.0001470006198647946,-0.1177955569791262,-0.002815185474572467
0.0001471306198647946,-0.1215219371045165,-0.001797977743143314
0.0001472606198647946,-0.123893269911583,-0.001797977743143314
0.0001473906198647946,-0.1262646027186496,-0.0007807700117141612
0.0001475206198647946,-0.128974697355297,-0.001119839255523879
0.0001476506198647946,-0.1310072683327827,-0.0007807700117141612
0.0001477806198647946,-0.1337173629694301,-0.0007807700117141612
0.0001479106198647946,-0.1357499339469157,-0.0004417007679044436
0.0001480406198647946,-0.1401538377314679,-0.002137046986953032
0.0001481706198647946,-0.1432026941976963,-0.002137046986953032
0.0001483006198647946,-0.1459127888343438,-0.002137046986953032
0.0001484306198647946,-0.1496391689597341,-0.0007807700117141612
0.0001485606198647946,-0.149977930789315,-0.0007807700117141612
0.0001486906198647946,-0.1523492635963815,0.0005755069635247092
0.0001488206198647946,-0.1564144055513527,-0.0004417007679044436
0.0001489506198647946,-0.160140785676743,-0.0007807700117141612
0.0001490806198647946,-0.1625121184838096,-0.001797977743143314
0.0001492106198647946,-0.1648834512908761,-0.003832393206001619
0.0001493406198647946,-0.170303640564171,-0.003493323962191902
0.0001494706198647946,-0.1716586878824948,-0.001458908499333596
0.0001496006198647946,-0.1740300206895613,-0.001458908499333596
0.0001497306198647946,-0.1753850680078851,-0.001119839255523879
0.0001498606198647946,-0.1794502099628563,-0.001119839255523879
0.0001499906198647946,-0.1818215427699228,-0.0004417007679044436
0.0001501206198647946,-0.1852091610657322,-0.0004417007679044436
0.0001502506198647946,-0.1879192557023796,-0.002137046986953032
0.0001503806198647946,-0.1906293503390271,-0.001797977743143314
0.0001505106198647946,-0.1940169686348364,-0.001458908499333596
0.0001506406198647946,-0.1967270632714839,-0.001119839255523879
0.0001507706198647946,-0.2004534433968742,-0.0007807700117141612
0.0001509006198647946,-0.2041798235222645,-0.0007807700117141612
0.0001510306198647946,-0.2072286799884929,-0.0001026315240947261
0.0001511606198647946,-0.2106162982843022,-0.0007807700117141612
0.0001512906198647946,-0.2123101074322069,-0.001797977743143314
0.0001514206198647946,-0.2146814402392734,-0.002137046986953032
0.0001515506198647946,-0.2177302967055019,-0.002815185474572467
0.0001516806198647946,-0.2190853440238256,-0.002815185474572467
0.0001518106198647946,-0.2217954386604731,-0.002815185474572467
0.0001519406198647946,-0.2248442951267015,-0.003154254718382184
0.0001520706198647946,-0.2285706752520918,-0.001797977743143314
0.0001522006198647946,-0.2309420080591583,-0.002476116230762749
0.0001523306198647946,-0.2319582935479011,-0.002476116230762749
0.0001524606198647946,-0.2353459118437105,-0.001797977743143314
0.0001525906198647946,-0.237717244650777,-0.001119839255523879
0.0001527206198647946,-0.2404273392874245,-0.001797977743143314
0.0001528506198647946,-0.2441537194128147,-0.001458908499333596
0.0001529806198647946,-0.2461862903903003,-0.0007807700117141612
0.0001531106198647946,-0.2485576231973669,-0.001797977743143314
0.0001532406198647946,-0.2519452414931762,-0.001797977743143314
0.0001533706198647946,-0.2556716216185665,-0.001458908499333596
0.0001535006198647946,-0.258042954425633,-0.0007807700117141612
0.0001536306198647946,-0.2617693345510233,-0.001119839255523879
0.0001537606198647946,-0.2648181910172517,-0.0004417007679044436
0.0001538906198647946,-0.268544571142642,0.0005755069635247092
0.0001540206198647946,-0.2698996184609658,0.001592714694953862
0.0001541506198647946,-0.2709159039497085,0.0002364377197149915
0.0001542806198647946,-0.2743035222455179,0.0005755069635247092
0.0001544106198647946,-0.2780299023709082,-0.0004417007679044436
0.0001545406198647946,-0.2797237115188129,0.0002364377197149915
0.0001546706198647946,-0.2827725679850412,-0.0007807700117141612
0.0001548006198647946,-0.2848051389625268,-0.001119839255523879
0.0001549306198647946,-0.2868377099400125,-0.0001026315240947261
0.0001550606198647946,-0.2909028518949837,-0.0004417007679044436
0.0001551906198647946,-0.2922578992133074,-0.0001026315240947261
0.0001553206198647946,-0.2932741847020502,-0.001797977743143314
0.0001554506198647946,-0.2970005648274405,-0.001458908499333596
0.0001555806198647946,-0.3014044686119927,-0.001119839255523879
0.0001557106198647946,-0.3051308487373829,-0.0007807700117141612
0.0001558406198647946,-0.3088572288627732,-0.002476116230762749
0.0001559706198647946,-0.3102122761810969,-0.002815185474572467
0.0001561006198647946,-0.3122448471585825,-0.001797977743143314
0.0001562306198647946,-0.3163099891135537,-0.001458908499333596
0.0001563606198647946,-0.320036369238944,-0.001119839255523879
0.0001564906198647946,-0.3227464638755915,-0.0007807700117141612
0.0001566206198647946,-0.3261340821714008,-0.0004417007679044436
0.0001567506198647946,-0.3271503676601437,-0.001458908499333596
0.0001568806198647946,-0.330199224126372,-0.001119839255523879
0.0001570106198647946,-0.3318930332742767,-0.0007807700117141612
0.0001571406198647946,-0.3349418897405051,-0.001797977743143314
0.0001572706198647946,-0.3366356988884098,-0.002815185474572467
0.0001574006198647946,-0.341039602672962,-0.002815185474572467
0.0001575306198647946,-0.3440884591391904,-0.003154254718382184
0.0001576606198647946,-0.3464597919462569,-0.002815185474572467
0.0001577906198647946,-0.3498474102420663,-0.002815185474572467
0.0001579206198647946,-0.35120245756039,-0.001458908499333596
0.0001580506198647946,-0.3522187430491328,-0.001119839255523879
0.0001581806198647946,-0.3569614086632659,-0.0004417007679044436
0.0001583106198647946,-0.3610265506182371,-0.0001026315240947261
0.0001584406198647946,-0.3630591215957227,-0.001119839255523879
0.0001585706198647946,-0.3657692162323702,-0.001458908499333596
0.0001587006198647946,-0.3684793108690176,-0.0007807700117141612
0.0001588306198647946,-0.3701731200169223,0.0009145762073344267
0.0001589606198647946,-0.3732219764831508,0.0005755069635247092
0.0001590906198647946,-0.3745770238014745,-0.0001026315240947261
0.0001592206198647946,-0.377287118438122,0.0002364377197149915
0.0001593506198647946,-0.3786421657564457,-0.001119839255523879
0.0001594806198647946,-0.382029784052255,-0.001458908499333596
0.0001596106198647946,-0.3854174023480644,-0.001458908499333596
0.0001597406198647946,-0.3884662588142928,-0.001119839255523879
0.0001598706198647946,-0.3918538771101021,-0.002137046986953032
0.0001600006198647946,-0.3942252099171686,-0.001797977743143314
0.0001601306198647946,-0.3965965427242352,-0.0007807700117141612
0.0001602606198647946,-0.3996453991904636,-0.001119839255523879
0.0001603906198647946,-0.4023554938271111,-0.0007807700117141612
0.0001605206198647946,-0.4057431121229204,-0.0007807700117141612
0.0001606506198647946,-0.4081144449299869,-0.001458908499333596
0.0001607806198647946,-0.4104857777370535,-0.001458908499333596
0.0001609106198647946,-0.4135346342032819,-0.001119839255523879
0.0001610406198647946,-0.4159059670103484,-0.001119839255523879
0.0001611706198647946,-0.418277299817415,-0.0007807700117141612
0.0001613006198647946,-0.4209873944540625,-0.0007807700117141612
0.0001614306198647946,-0.423358727261129,-0.0004417007679044436
0.0001615606198647946,-0.4270851073865193,-0.001458908499333596
0.0001616906198647946,-0.4311502493414905,-0.002137046986953032
0.0001618206198647946,-0.4325052966598142,-0.002137046986953032
0.0001619506198647946,-0.4345378676372998,-0.001458908499333596
0.0001620806198647946,-0.4362316767852045,-0.001797977743143314
0.0001622106198647946,-0.4379254859331092,-0.001119839255523879
0.0001623406198647946,-0.4406355805697567,-0.0004417007679044436
0.0001624706198647946,-0.4423293897176613,-0.001458908499333596
0.0001626006198647946,-0.4453782461838898,-0.001797977743143314
0.0001627306198647946,-0.44910462630928,-0.001797977743143314
0.0001628606198647946,-0.4514759591163466,-0.001119839255523879
0.0001629906198647946,-0.4562186247304796,-0.0007807700117141612
0.0001631206198647946,-0.4599450048558699,-0.0007807700117141612
0.0001632506198647946,-0.4619775758333555,-0.0001026315240947261
0.0001633806198647946,-0.4629938613220984,0.0002364377197149915
0.0001635106198647946,-0.4643489086404221,-0.0001026315240947261
0.0001636406198647946,-0.4663814796179077,-0.0004417007679044436
0.0001637706198647946,-0.4684140505953933,0.0002364377197149915
0.0001639006198647946,-0.4711241452320408,0.00328806091400245
0.0001640306198647946,-0.4755280490165929,0.0002364377197149915
0.0001641606198647946,-0.4782381436532404,-0.0001026315240947261
0.0001642906198647946,-0.4809482382898879,-0.0007807700117141612
0.0001644206198647946,-0.4843358565856972,-0.0007807700117141612
0.0001645506198647946,-0.4863684275631828,-0.001119839255523879
0.0001646806198647946,-0.4890785221998303,-0.0007807700117141612
0.0001648106198647946,-0.4897560458589921,-0.0007807700117141612
0.0001649406198647946,-0.4914498550068968,0.0005755069635247092
0.0001650706198647946,-0.4941599496435443,-0.0004417007679044436
0.0001652006198647946,-0.4961925206210299,-0.0007807700117141612
0.0001653306198647946,-0.4985638534280964,-0.0007807700117141612
0.0001654606198647946,-0.5009351862351631,-0.001119839255523879
0.0001655906198647946,-0.5029677572126486,-0.0007807700117141612
0.0001657206198647946,-0.5060166136788771,-0.001119839255523879
0.0001658506198647946,-0.5094042319746864,-0.002476116230762749
0.0001659806198647946,-0.511436802952172,-0.001119839255523879
0.0001661106198647946,-0.5127918502704958,-0.0007807700117141612
0.0001662406198647946,-0.516856992225467,-0.0001026315240947261
0.0001663706198647946,-0.5188895632029525,-0.0001026315240947261
0.0001665006198647946,-0.5229547051579237,-0.001119839255523879
0.0001666306198647946,-0.5253260379649903,-0.001458908499333596
0.0001667606198647946,-0.5276973707720568,-0.0007807700117141612
0.0001668906198647946,-0.5293911799199615,-0.0007807700117141612
0.0001670206198647946,-0.531762512727028,-0.001458908499333596
0.0001671506198647946,-0.5341338455340946,-0.001119839255523879
0.0001672806198647946,-0.5368439401707421,-0.0007807700117141612
0.0001674106198647946,-0.5405703202961324,-0.001458908499333596
0.0001675406198647946,-0.5426028912736179,-0.001458908499333596
0.0001676706198647946,-0.5446354622511036,-0.001458908499333596
0.0001678006198647946,-0.5483618423764939,-0.0004417007679044436
0.0001679306198647946,-0.5507331751835604,-0.0004417007679044436
0.0001680606198647946,-0.5524269843314651,-0.0001026315240947261
0.0001681906198647946,-0.5534432698202079,-0.0007807700117141612
0.0001683206198647946,-0.5558146026272744,-0.001119839255523879
0.0001684506198647946,-0.5595409827526647,-0.001458908499333596
0.0001685806198647946,-0.5646224101963787,-0.001458908499333596
0.0001687106198647946,-0.5659774575147024,-0.0007807700117141612
0.0001688406198647946,-0.568348790321769,-0.001119839255523879
0.0001689706198647946,-0.5686875521513499,-0.001458908499333596
0.0001691006198647946,-0.5707201231288355,-0.001119839255523879
0.0001692306198647946,-0.5724139322767402,-0.001119839255523879
0.0001693606198647946,-0.5751240269133877,-0.0007807700117141612
0.0001694906198647946,-0.5778341215500351,-0.0001026315240947261
0.0001696206198647946,-0.5798666925275208,-0.0007807700117141612
0.0001697506198647946,-0.5825767871641682,-0.001119839255523879
0.0001698806198647946,-0.5842705963120729,-0.001119839255523879
0.0001700106198647946,-0.5873194527783013,-0.001797977743143314
0.0001701406198647946,-0.5893520237557869,-0.002476116230762749
0.0001702706198647946,-0.5907070710741107,-0.002476116230762749
0.0001704006198647946,-0.5930784038811772,-0.0007807700117141612
0.0001705306198647946,-0.5971435458361484,-0.001458908499333596
0.0001706606198647946,-0.6012086877911196,-0.001119839255523879
0.0001707906198647946,-0.6032412587686052,-0.002137046986953032
0.0001709206198647946,-0.6039187824277671,-0.001119839255523879
0.0001710506198647946,-0.6059513534052526,-0.001797977743143314
0.0001711806198647946,-0.6062901152348337,-0.001119839255523879
0.0001713106198647946,-0.6076451625531574,-0.001119839255523879
0.0001714406198647946,-0.6110327808489667,-0.001119839255523879
0.0001715706198647946,-0.6140816373151952,-0.0004417007679044436
0.0001717006198647946,-0.6157754464630998,0.0002364377197149915
0.0001718306198647946,-0.6191630647589091,-0.0001026315240947261
0.0001719606198647946,-0.6205181120772328,0.0002364377197149915
0.0001720906198647946,-0.6225506830547185,0.0002364377197149915
0.0001722206198647946,-0.6239057303730422,-0.0007807700117141612
0.0001723506198647946,-0.6276321104984325,-0.0007807700117141612
0.0001724806198647946,-0.6300034433054991,-0.001797977743143314
0.0001726106198647946,-0.6313584906238228,-0.002476116230762749
0.0001727406198647946,-0.6344073470900512,-0.002137046986953032
0.0001728706198647946,-0.6374562035562796,-0.0007807700117141612
0.0001730006198647946,-0.640166298192927,-0.0004417007679044436
0.0001731306198647946,-0.6428763928295745,0.0002364377197149915
0.0001732606198647946,-0.6438926783183173,-0.0001026315240947261
0.0001733906198647946,-0.6452477256366411,0.0002364377197149915
0.0001735206198647946,-0.6493128675916123,-0.0001026315240947261
0.0001736506198647946,-0.650667914909936,-0.001458908499333596
0.0001737806198647946,-0.6527004858874216,-0.002137046986953032
0.0001739106198647946,-0.6540555332057454,-0.002137046986953032
0.0001740406198647946,-0.6564268660128119,-0.002137046986953032
0.0001741706198647946,-0.6594757224790403,-0.001458908499333596
0.0001743006198647946,-0.6618470552861069,-0.001458908499333596
0.0001744306198647946,-0.6642183880931734,-0.001119839255523879
0.0001745606198647946,-0.666250959070659,-0.001797977743143314
0.0001746906198647946,-0.6682835300481446,-0.002137046986953032
0.0001748206198647946,-0.6696385773664684,-0.001458908499333596
0.0001749506198647946,-0.6706548628552111,-0.002137046986953032
0.0001750806198647946,-0.6730261956622777,-0.002137046986953032
0.0001752106198647946,-0.6774300994468299,-0.001797977743143314
0.0001753406198647946,-0.6784463849355726,-0.0007807700117141612
0.0001754706198647946,-0.681834003231382,-0.0007807700117141612
0.0001756006198647946,-0.6838665742088675,-0.001119839255523879
0.0001757306198647946,-0.6858991451863532,-0.001797977743143314
0.0001758606198647946,-0.6889480016525816,-0.002137046986953032
0.0001759906198647946,-0.6899642871413244,-0.001797977743143314
0.0001761206198647946,-0.6919968581188101,-0.001119839255523879
0.0001762506198647946,-0.6936906672667147,-0.0007807700117141612
0.0001763806198647946,-0.6967395237329431,-0.0007807700117141612
0.0001765106198647946,-0.6980945710512668,-0.0004417007679044436
0.0001766406198647946,-0.7008046656879143,-0.0001026315240947261
0.0001767706198647946,-0.702159713006238,0.0005755069635247092
0.0001769006198647946,-0.7038535221541428,0.0009145762073344267
0.0001770306198647946,-0.7069023786203711,0.0002364377197149915
0.0001771606198647946,-0.707918664109114,0.0002364377197149915
0.0001772906198647946,-0.7113062824049233,-0.001119839255523879
0.0001774206198647946,-0.7136776152119898,-0.001797977743143314
0.0001775506198647946,-0.7146939007007326,-0.001458908499333596
0.0001776806198647946,-0.7174039953373801,-0.001458908499333596
0.0001778106198647946,-0.7201140899740276,-0.0007807700117141612
0.0001779406198647946,-0.7224854227810941,0.0002364377197149915
0.0001780706198647946,-0.723501708269837,-0.0004417007679044436
0.0001782006198647946,-0.7241792319289988,-0.002137046986953032
0.0001783306198647946,-0.7255342792473225,-0.001797977743143314
0.0001784606198647946,-0.7262118029064843,-0.001797977743143314
0.0001785906198647946,-0.7292606593727128,-0.001797977743143314
0.0001787206198647946,-0.7319707540093603,-0.001119839255523879
0.0001788506198647946,-0.7343420868164268,-0.0004417007679044436
0.0001789806198647946,-0.7367134196234933,-0.001797977743143314
0.0001791106198647946,-0.7370521814530743,-0.002137046986953032
0.0001792406198647946,-0.7390847524305599,-0.002137046986953032
0.0001793706198647946,-0.7424723707263693,-0.001119839255523879
0.0001795006198647946,-0.7431498943855311,-0.0001026315240947261
0.0001796306198647946,-0.7455212271925976,-0.0004417007679044436
0.0001797606198647946,-0.7478925599996642,-0.0004417007679044436
0.0001798906198647946,-0.7495863691475688,-0.001119839255523879
0.0001800206198647946,-0.7516189401250545,-0.001119839255523879
0.0001801506198647946,-0.753990272932121,-0.0004417007679044436
0.0001802806198647946,-0.753990272932121,-0.0001026315240947261
0.0001804106198647946,-0.7563616057391875,-0.0001026315240947261
0.0001805406198647946,-0.7583941767166732,-0.0004417007679044436
0.0001806706198647946,-0.7597492240349969,-0.0007807700117141612
0.0001808006198647946,-0.7627980805012253,-0.0004417007679044436
0.0001809306198647946,-0.7648306514787109,0.001253645451144144
0.0001810606198647946,-0.764153127819549,0.00193178393876358
0.0001811906198647946,-0.7648306514787109,0.001592714694953862
0.0001813206198647946,-0.7668632224561965,0.0005755069635247092
0.0001814506198647946,-0.7702508407520059,0.0002364377197149915
0.0001815806198647946,-0.7736384590478153,-0.0001026315240947261
0.0001817106198647946,-0.7756710300253008,-0.001458908499333596
0.0001818406198647946,-0.7783811246619483,-0.001797977743143314
0.0001819706198647946,-0.7780423628323674,-0.001458908499333596
0.0001821006198647946,-0.7783811246619483,-0.001119839255523879
0.0001822306198647946,-0.7807524574690148,-0.001797977743143314
0.0001823606198647946,-0.7841400757648241,-0.001797977743143314
0.0001824906198647946,-0.7868501704014716,-0.001797977743143314
0.0001826206198647946,-0.7875276940606335,-0.002137046986953032
0.0001827506198647946,-0.7868501704014716,-0.002137046986953032
0.0001828806198647946,-0.7888827413789572,-0.0007807700117141612
0.0001830106198647946,-0.7919315978451856,-0.001458908499333596
0.0001831406198647946,-0.7946416924818331,-0.0004417007679044436
0.0001832706198647946,-0.7976905489480616,-0.0001026315240947261
0.0001834006198647946,-0.800061881755128,-0.001119839255523879
0.0001835306198647946,-0.800400643584709,-0.001119839255523879
0.0001836606198647946,-0.8031107382213565,-0.001797977743143314
0.0001837906198647946,-0.8051433091988421,-0.001458908499333596
0.0001839206198647946,-0.8068371183467468,-0.001797977743143314
0.0001840506198647946,-0.8078534038354895,-0.001797977743143314
0.0001841806198647946,-0.8095472129833943,-0.001797977743143314
0.0001843106198647946,-0.8112410221312989,-0.001458908499333596
0.0001844406198647946,-0.8119185457904607,-0.001119839255523879
0.0001845706198647946,-0.8129348312792036,-0.0007807700117141612
0.0001847006198647946,-0.8149674022566892,-0.0007807700117141612
0.0001848306198647946,-0.8183550205524985,-0.001119839255523879
0.0001849606198647946,-0.8197100678708222,-0.0001026315240947261
0.0001850906198647946,-0.8203875915299842,-0.0007807700117141612
0.0001852206198647946,-0.821403877018727,-0.001119839255523879
0.0001853506198647946,-0.8220814006778888,-0.001119839255523879
0.0001854806198647946,-0.8247914953145363,-0.0004417007679044436
0.0001856106198647946,-0.8258077808032791,-0.0001026315240947261
0.0001857406198647946,-0.8275015899511837,-0.001458908499333596
0.0001858706198647946,-0.8288566372695075,-0.001458908499333596
0.0001860006198647946,-0.8291953990990885,-0.001119839255523879
0.0001861306198647946,-0.8315667319061549,-0.001797977743143314
0.0001862606198647946,-0.8342768265428024,-0.001119839255523879
0.0001863906198647946,-0.8369869211794499,-0.0001026315240947261
0.0001865206198647946,-0.8376644448386118,0.0002364377197149915
0.0001866506198647946,-0.8396970158160973,0.0002364377197149915
0.0001867806198647946,-0.8403745394752593,-0.0001026315240947261
0.0001869106198647946,-0.8424071104527449,-0.001119839255523879
0.0001870406198647946,-0.8451172050893924,-0.001797977743143314
0.0001871706198647946,-0.8464722524077161,-0.0001026315240947261
0.0001873006198647946,-0.846811014237297,0.0009145762073344267
0.0001874306198647946,-0.8495211088739445,0.0002364377197149915
0.0001875606198647946,-0.8518924416810111,-0.0007807700117141612
0.0001876906198647946,-0.8535862508289157,-0.001119839255523879
0.0001878206198647946,-0.8542637744880776,-0.001119839255523879
0.0001879506198647946,-0.8562963454655632,-0.001119839255523879
0.0001880806198647946,-0.8566351072951441,-0.0004417007679044436
0.0001882106198647946,-0.8576513927838869,0.001253645451144144
0.0001883406198647946,-0.8579901546134678,0.0005755069635247092
0.0001884706198647946,-0.8607002492501153,-0.0004417007679044436
0.0001886006198647946,-0.8630715820571818,-0.001458908499333596
0.0001887306198647946,-0.8647653912050866,-0.003154254718382184
0.0001888606198647946,-0.8674754858417341,-0.002815185474572467
0.0001889906198647946,-0.8701855804783815,-0.002476116230762749
0.0001891206198647946,-0.8718793896262862,-0.0007807700117141612
0.0001892506198647946,-0.8715406277967053,-0.0004417007679044436
0.0001893806198647946,-0.8735731987741908,0.0002364377197149915
0.0001895106198647946,-0.8749282460925145,-0.0004417007679044436
0.0001896406198647946,-0.8772995788995811,-0.0004417007679044436
0.0001897706198647946,-0.8769608170700002,0.0002364377197149915
0.0001899006198647946,-0.877977102558743,-0.0001026315240947261
0.0001900306198647946,-0.8786546262179048,-0.0004417007679044436
0.0001901606198647946,-0.8796709117066477,-0.0004417007679044436
0.0001902906198647946,-0.8813647208545523,-0.0007807700117141612
0.0001904206198647946,-0.8817034826841332,-0.001458908499333596
0.0001905506198647946,-0.883397291832038,-0.002137046986953032
0.0001906806198647946,-0.8861073864686854,-0.001797977743143314
0.0001908106198647946,-0.8871236719574283,-0.001119839255523879
0.0001909406198647946,-0.8888174811053329,-0.0004417007679044436
0.0001910706198647946,-0.8898337665940756,-0.0001026315240947261
0.0001912006198647946,-0.8905112902532375,0.0002364377197149915
0.0001913306198647946,-0.8928826230603041,-0.0004417007679044436
0.0001914606198647946,-0.8945764322082088,-0.001797977743143314
0.0001915906198647946,-0.8959314795265325,-0.001797977743143314
0.0001917206198647946,-0.89864157416318,-0.0007807700117141612
0.0001918506198647946,-0.8972865268448562,-0.001458908499333596
0.0001919806198647946,-0.8976252886744371,-0.001458908499333596
0.0001921106198647946,-0.8999966214815037,-0.001797977743143314
0.0001922406198647946,-0.9010129069702465,-0.001458908499333596
0.0001923706198647946,-0.9016904306294083,-0.0007807700117141612
0.0001925006198647946,-0.9023679542885703,-0.001119839255523879
0.0001926306198647946,-0.903723001606894,-0.001458908499333596
0.0001927606198647946,-0.9033842397773131,-0.001119839255523879
0.0001928906198647946,-0.9047392870956368,-0.0007807700117141612
0.0001930206198647946,-0.9081269053914461,-0.001119839255523879
0.0001931506198647946,-0.9084656672210271,-0.0007807700117141612
0.0001932806198647946,-0.9101594763689318,-0.0004417007679044436
0.0001934106198647946,-0.9111757618576746,0.0002364377197149915
0.0001935406198647946,-0.9128695710055792,-0.0001026315240947261
0.0001936706198647946,-0.9155796656422267,0.0009145762073344267
0.0001938006198647946,-0.9169347129605504,0.0009145762073344267
0.0001939306198647946,-0.9189672839380361,0.0009145762073344267
0.0001940606198647946,-0.9182897602788742,0.001592714694953862
0.0001941906198647946,-0.9189672839380361,0.0009145762073344267
0.0001943206198647946,-0.9182897602788742,0.0002364377197149915
0.0001944506198647946,-0.9213386167451025,0.0002364377197149915
0.0001945806198647946,-0.9226936640634263,0.0009145762073344267
0.0001947106198647946,-0.9237099495521691,0.0002364377197149915
0.0001948406198647946,-0.9233711877225882,0.0009145762073344267
0.0001949706198647946,-0.9233711877225882,0.0002364377197149915
0.0001951006198647946,-0.9237099495521691,0.0002364377197149915
0.0001952306198647946,-0.924387473211331,0.0005755069635247092
0.0001953606198647946,-0.9260812823592357,0.0002364377197149915
0.0001954906198647946,-0.9281138533367213,0.001592714694953862
0.0001956206198647946,-0.9308239479733688,0.0005755069635247092
0.0001957506198647946,-0.9321789952916925,0.0009145762073344267
0.0001958806198647946,-0.9325177571212734,0.0009145762073344267
0.0001960106198647946,-0.9328565189508543,-0.0004417007679044436
0.0001961406198647946,-0.93488908992834,-0.0001026315240947261
0.0001962706198647946,-0.9359053754170827,-0.0004417007679044436
0.0001964006198647946,-0.9365828990762446,-0.0007807700117141612
0.0001965306198647946,-0.9372604227354064,-0.002137046986953032
0.0001966606198647946,-0.9392929937128921,-0.002137046986953032
0.0001967906198647946,-0.939631755542473,-0.002137046986953032
0.0001969206198647946,-0.9416643265199587,-0.002137046986953032
0.0001970506198647946,-0.9443744211566061,-0.001119839255523879
0.0001971806198647946,-0.944713182986187,0.0005755069635247092
0.0001973106198647946,-0.9443744211566061,0.0005755069635247092
0.0001974406198647946,-0.945390706645349,-0.0004417007679044436
0.0001975706198647946,-0.9470845157932536,-0.001119839255523879
0.0001977006198647946,-0.9467457539636727,-0.0004417007679044436
0.0001978306198647946,-0.9477620394524154,-0.0007807700117141612
0.0001979606198647946,-0.9514884195778057,-0.0004417007679044436
0.0001980906198647946,-0.9514884195778057,0.0002364377197149915
0.0001982206198647946,-0.9514884195778057,-0.0004417007679044436
0.0001983506198647946,-0.9521659432369676,-0.001119839255523879
0.0001984806198647946,-0.9525047050665485,-0.0007807700117141612
0.0001986106198647946,-0.9521659432369676,-0.001119839255523879
0.0001987406198647946,-0.9531822287257105,-0.001797977743143314
0.0001988706198647946,-0.9538597523848723,-0.001119839255523879
0.0001990006198647946,-0.955214799703196,-0.002137046986953032
0.0001991306198647946,-0.9555535615327769,-0.001458908499333596
0.0001992606198647946,-0.9555535615327769,-0.001119839255523879
0.0001993906198647946,-0.9579248943398435,-0.0004417007679044436
0.0001995206198647946,-0.9575861325102626,0.0002364377197149915
0.0001996506198647946,-0.9582636561694244,-0.001119839255523879
0.0001997806198647946,-0.9599574653173291,-0.0007807700117141612
0.0001999106198647946,-0.9606349889764909,-0.0001026315240947261
0.0002000406198647946,-0.9619900362948147,0.0002364377197149915
0.0002001706198647946,-0.9619900362948147,0.0002364377197149915
0.0002003006198647946,-0.9633450836131384,-0.001119839255523879
0.0002004306198647946,-0.9647001309314622,-0.001458908499333596
0.0002005606198647946,-0.965716416420205,-0.001458908499333596
0.0002006906198647946,-0.9663939400793669,-0.001119839255523879
0.0002008206198647946,-0.9677489873976906,-0.0001026315240947261
0.0002009506198647946,-0.9677489873976906,-0.0004417007679044436
0.0002010806198647946,-0.9684265110568524,-0.0001026315240947261
0.0002012106198647946,-0.9691040347160144,0.0002364377197149915
0.0002013406198647946,-0.9677489873976906,0.0005755069635247092
0.0002014706198647946,-0.970797843863919,-0.0007807700117141612
0.0002016006198647946,-0.9718141293526618,-0.0004417007679044436
0.0002017306198647946,-0.9724916530118237,-0.0004417007679044436
0.0002018606198647946,-0.9748629858188902,-0.0004417007679044436
0.0002019906198647946,-0.9752017476484711,0.0002364377197149915
0.0002021206198647946,-0.9752017476484711,0.0009145762073344267
0.0002022506198647946,-0.9748629858188902,0.001253645451144144
0.0002023806198647946,-0.9738467003301474,0.0002364377197149915
0.0002025106198647946,-0.9748629858188902,-0.0007807700117141612
0.0002026406198647946,-0.9775730804555377,-0.001797977743143314
0.0002027706198647946,-0.9772343186259568,-0.001797977743143314
0.0002029006198647946,-0.9775730804555377,-0.0007807700117141612
0.0002030306198647946,-0.9799444132626042,0.0002364377197149915
0.0002031606198647946,-0.9806219369217661,-0.0001026315240947261
0.0002032906198647946,-0.9816382224105089,-0.0004417007679044436
0.0002034206198647946,-0.981299460580928,0.0005755069635247092
0.0002035506198647946,-0.9816382224105089,0.004305268645431602
0.0002036806198647946,-0.9816382224105089,0.002270853182573297
0.0002038106198647946,-0.9806219369217661,0.001253645451144144
0.0002039406198647946,-0.9809606987513471,0.0005755069635247092
0.0002040706198647946,-0.981299460580928,0.0005755069635247092
0.0002042006198647946,-0.9826545078992517,0.0009145762073344267
0.0002043306198647946,-0.9846870788767373,0.0005755069635247092
0.0002044606198647946,-0.9867196498542229,0.0002364377197149915
0.0002045906198647946,-0.9884134590021276,-0.0004417007679044436
0.0002047206198647946,-0.9890909826612895,-0.001119839255523879
0.0002048506198647946,-0.9884134590021276,-0.001119839255523879
0.0002049806198647946,-0.9873971735133847,-0.001797977743143314
0.0002051106198647946,-0.9873971735133847,-0.003154254718382184
0.0002052406198647946,-0.9870584116838038,-0.002137046986953032
0.0002053706198647946,-0.9884134590021276,-0.001458908499333596
0.0002055006198647946,-0.9890909826612895,-0.001119839255523879
0.0002056306198647946,-0.9890909826612895,-0.001119839255523879
0.0002057606198647946,-0.9894297444908704,-0.0007807700117141612
0.0002058906198647946,-0.9894297444908704,-0.0004417007679044436
0.0002060206198647946,-0.9907847918091941,-0.0007807700117141612
0.0002061506198647946,-0.991123553638775,-0.0004417007679044436
0.0002062806198647946,-0.9924786009570988,-0.001458908499333596
0.0002064106198647946,-0.991123553638775,-0.001797977743143314
0.0002065406198647946,-0.9918010772979369,-0.002815185474572467
0.0002066706198647946,-0.9924786009570988,-0.001119839255523879
0.0002068006198647946,-0.9918010772979369,-0.0001026315240947261
0.0002069306198647946,-0.9907847918091941,-0.0004417007679044436
0.0002070606198647946,-0.9928173627866798,-0.001119839255523879
0.0002071906198647946,-0.9934948864458416,-0.0004417007679044436
0.0002073206198647946,-0.9945111719345844,-0.0001026315240947261
0.0002074506198647946,-0.9945111719345844,-0.001119839255523879
0.0002075806198647946,-0.9951886955937462,-0.0001026315240947261
0.0002077106198647946,-0.9951886955937462,-0.0004417007679044436
0.0002078406198647946,-0.9945111719345844,0.0002364377197149915
0.0002079706198647946,-0.9948499337641653,-0.0001026315240947261
0.0002081006198647946,-0.9955274574233272,-0.001119839255523879
0.0002082306198647946,-0.9951886955937462,-0.0001026315240947261
0.0002083606198647946,-0.9958662192529082,-0.0004417007679044436
0.0002084906198647946,-0.996882504741651,-0.0007807700117141612
0.0002086206198647946,-0.9972212665712319,0.0002364377197149915
0.0002087506198647946,-0.9978987902303937,-0.0001026315240947261
0.0002088806198647946,-0.9975600284008128,-0.001119839255523879
0.0002090106198647946,-0.9978987902303937,-0.001797977743143314
0.0002091406198647946,-0.9995925993782984,-0.0007807700117141612
0.0002092706198647946,-0.9995925993782984,-0.001458908499333596
0.0002094006198647946,-0.9989150757191365,-0.0007807700117141612
0.0002095306198647946,-0.9992538375487174,0.0002364377197149915
0.0002096606198647946,-0.9992538375487174,-0.0001026315240947261
0.0002097906198647946,-0.9992538375487174,0.0002364377197149915
0.0002099206198647946,-1.00027012303746,0.0009145762073344267
0.0002100506198647946,-0.9989150757191365,-0.0001026315240947261
0.0002101806198647946,-1.000608884867041,-0.0004417007679044436
0.0002103106198647946,-1.001286408526203,0.0005755069635247092
0.0002104406198647946,-1.001286408526203,0.001592714694953862
0.0002105706198647946,-1.002302694014946,0.0002364377197149915
0.0002107006198647946,-1.001963932185365,-0.0004417007679044436
0.0002108306198647946,-1.001286408526203,0.0002364377197149915
0.0002109606198647946,-1.002302694014946,0.0002364377197149915
0.0002110906198647946,-1.002641455844527,0.0002364377197149915
0.0002112206198647946,-1.003318979503689,0.0009145762073344267
0.0002113506198647946,-1.001625170355784,0.0005755069635247092
0.0002114806198647946,-1.001963932185365,0.0009145762073344267
0.0002116106198647946,-1.001286408526203,0.0009145762073344267
0.0002117406198647946,-1.001963932185365,0.001592714694953862
0.0002118706198647946,-1.002302694014946,0.0005755069635247092
0.0002120006198647946,-1.00365774133327,-0.001797977743143314
0.0002121306198647946,-1.001625170355784,-0.002815185474572467
0.0002122606198647946,-1.001286408526203,-0.003493323962191902
0.0002123906198647946,-1.002302694014946,-0.001797977743143314
0.0002125206198647946,-1.001625170355784,-0.001119839255523879
0.0002126506198647946,-1.002302694014946,-0.001458908499333596
0.0002127806198647946,-1.001625170355784,-0.0007807700117141612
0.0002129106198647946,-1.003318979503689,-0.0007807700117141612
0.0002130406198647946,-1.004335264992432,-0.0007807700117141612
0.0002131706198647946,-1.002302694014946,-0.001458908499333596
0.0002133006198647946,-1.002641455844527,-0.002137046986953032
0.0002134306198647946,-1.001286408526203,-0.001458908499333596
0.0002135606198647946,-1.002641455844527,-0.001458908499333596
0.0002136906198647946,-1.002641455844527,-0.001458908499333596
0.0002138206198647946,-1.001625170355784,-0.0004417007679044436
0.0002139506198647946,-0.9995925993782984,0.0002364377197149915
0.0002140806198647946,-0.9989150757191365,0.0002364377197149915
0.0002142106198647946,-0.9989150757191365,-0.0007807700117141612
0.0002143406198647946,-0.9995925993782984,-0.001458908499333596
0.0002144706198647946,-1.000608884867041,-0.002137046986953032
0.0002146006198647946,-1.00027012303746,-0.002137046986953032
0.0002147306198647946,-0.9995925993782984,-0.001458908499333596
0.0002148606198647946,-0.9999313612078793,-0.001119839255523879
0.0002149906198647946,-1.00027012303746,-0.0004417007679044436
0.0002151206198647946,-1.00027012303746,-0.0001026315240947261
0.0002152506198647946,-1.001286408526203,0.0002364377197149915
0.0002153806198647946,-1.000947646696622,-0.0001026315240947261
0.0002155106198647946,-0.9999313612078793,-0.0001026315240947261
0.0002156406198647946,-0.9999313612078793,-0.0001026315240947261
0.0002157706198647946,-1.00027012303746,-0.0004417007679044436
0.0002159006198647946,-0.9985763138895556,-0.0001026315240947261
0.0002160306198647946,-0.9972212665712319,-0.0001026315240947261
0.0002161606198647946,-0.9962049810824891,-0.001458908499333596
0.0002162906198647946,-0.9962049810824891,-0.0004417007679044436
0.0002164206198647946,-0.9962049810824891,-0.0001026315240947261
0.0002165506198647946,-0.9972212665712319,-0.0001026315240947261
0.0002166806198647946,-0.9972212665712319,0.0005755069635247092
0.0002168106198647946,-0.9972212665712319,0.0002364377197149915
0.0002169406198647946,-0.9985763138895556,0.0005755069635247092
0.0002170706198647946,-0.9978987902303937,0.0005755069635247092
0.0002172006198647946,-0.99654374291207,0.0002364377197149915
0.0002173306198647946,-0.9958662192529082,-0.001119839255523879
0.0002174606198647946,-0.99654374291207,-0.0007807700117141612
0.0002175906198647946,-0.9951886955937462,-0.0004417007679044436
0.0002177206198647946,-0.9951886955937462,0.0005755069635247092
0.0002178506198647946,-0.9955274574233272,0.0002364377197149915
0.0002179806198647946,-0.9955274574233272,0.0009145762073344267
0.0002181106198647946,-0.9938336482754225,0.0009145762073344267
0.0002182406198647946,-0.9924786009570988,0.0005755069635247092
0.0002183706198647946,-0.9907847918091941,-0.0004417007679044436
0.0002185006198647946,-0.9907847918091941,-0.0001026315240947261
0.0002186306198647946,-0.991123553638775,-0.0001026315240947261
0.0002187606198647946,-0.991123553638775,-0.0001026315240947261
0.0002188906198647946,-0.9914623154683559,0.0002364377197149915
0.0002190206198647946,-0.9928173627866798,-0.001119839255523879
0.0002191506198647946,-0.9934948864458416,-0.0004417007679044436
0.0002192806198647946,-0.9934948864458416,-0.0007807700117141612
0.0002194106198647946,-0.9928173627866798,-0.002137046986953032
0.0002195406198647946,-0.991123553638775,-0.001458908499333596
0.0002196706198647946,-0.9904460299796132,0.0002364377197149915
0.0002198006198647946,-0.9887522208317086,0.0005755069635247092
0.0002199306198647946,-0.986380888024642,-0.0004417007679044436
0.0002200606198647946,-0.9867196498542229,-0.001119839255523879
0.0002201906198647946,-0.986380888024642,-0.0004417007679044436
0.0002203206198647946,-0.986042126195061,0.0005755069635247092
0.0002204506198647946,-0.9853646025358992,0.0009145762073344267
0.0002205806198647946,-0.9857033643654801,0.001592714694953862
0.0002207106198647946,-0.986042126195061,0.003627130157812168
0.0002208406198647946,-0.9843483170471564,0.002948991670192732
0.0002209706198647946,-0.9836707933879945,0.0005755069635247092
0.0002211006198647946,-0.9829932697288326,-0.0007807700117141612
0.0002212306198647946,-0.9846870788767373,-0.0004417007679044436
0.0002213606198647946,-0.9836707933879945,-0.0004417007679044436
0.0002214906198647946,-0.9829932697288326,-0.0001026315240947261
0.0002216206198647946,-0.981299460580928,0.0002364377197149915
0.0002217506198647946,-0.9796056514330233,-0.0004417007679044436
0.0002218806198647946,-0.9792668896034423,-0.0004417007679044436
0.0002220106198647946,-0.9802831750921852,-0.0001026315240947261
0.0002221406198647946,-0.9806219369217661,-0.0001026315240947261
0.0002222706198647946,-0.9782506041146996,-0.0001026315240947261
0.0002224006198647946,-0.9765567949667949,0.0009145762073344267
0.0002225306198647946,-0.9779118422851186,-0.0007807700117141612
0.0002226606198647946,-0.9785893659442805,-0.0007807700117141612
0.0002227906198647946,-0.9768955567963759,0.0005755069635247092
0.0002229206198647946,-0.9752017476484711,-0.0004417007679044436
0.0002230506198647946,-0.9745242239893093,-0.001458908499333596
0.0002231806198647946,-0.9735079385005665,-0.0004417007679044436
0.0002233106198647946,-0.9745242239893093,-0.0007807700117141612
0.0002234406198647946,-0.9741854621597283,-0.0004417007679044436
0.0002235706198647946,-0.9728304148414046,0.0009145762073344267
0.0002237006198647946,-0.9711366056934999,0.0009145762073344267
0.0002238306198647946,-0.9701203202047571,-0.0001026315240947261
0.0002239606198647946,-0.9694427965455953,-0.0007807700117141612
0.0002240906198647946,-0.9694427965455953,-0.001458908499333596
0.0002242206198647946,-0.9680877492272715,-0.001458908499333596
0.0002243506198647946,-0.9684265110568524,-0.0007807700117141612
0.0002244806198647946,-0.9677489873976906,-0.0007807700117141612
0.0002246106198647946,-0.9674102255681096,0.0002364377197149915
0.0002247406198647946,-0.9663939400793669,0.0009145762073344267
0.0002248706198647946,-0.9647001309314622,-0.0001026315240947261
0.0002250006198647946,-0.9633450836131384,-0.0001026315240947261
0.0002251306198647946,-0.9643613691018812,0.0009145762073344267
0.0002252606198647946,-0.9630063217835575,0.0009145762073344267
0.0002253906198647946,-0.9626675599539766,0.0009145762073344267
0.0002255206198647946,-0.9626675599539766,0.0002364377197149915
0.0002256506198647946,-0.9613125126356529,0.0005755069635247092
0.0002257806198647946,-0.9609737508060719,0.0009145762073344267
0.0002259106198647946,-0.9582636561694244,0.0005755069635247092
0.0002260406198647946,-0.9565698470215197,0.0005755069635247092
0.0002261706198647946,-0.9555535615327769,0.001592714694953862
0.0002263006198647946,-0.9538597523848723,0.001253645451144144
0.0002264306198647946,-0.9541985142144532,0.0009145762073344267
0.0002265606198647946,-0.9531822287257105,0.001253645451144144
0.0002266906198647946,-0.9521659432369676,0.001592714694953862
0.0002268206198647946,-0.9525047050665485,0.0009145762073344267
0.0002269506198647946,-0.9531822287257105,0.0009145762073344267
0.0002270806198647946,-0.9518271814073866,0.0002364377197149915
0.0002272106198647946,-0.9508108959186439,-0.001119839255523879
0.0002273406198647946,-0.9494558486003202,-0.0004417007679044436
0.0002274706198647946,-0.9484395631115773,-0.0001026315240947261
0.0002276006198647946,-0.9474232776228345,-0.0004417007679044436
0.0002277306198647946,-0.9464069921340917,-0.001119839255523879
0.0002278606198647946,-0.944713182986187,-0.0001026315240947261
0.0002279906198647946,-0.944713182986187,-0.0007807700117141612
0.0002281206198647946,-0.9436968974974442,-0.0007807700117141612
0.0002282506198647946,-0.9409868028607967,-0.001797977743143314
0.0002283806198647946,-0.9406480410312158,-0.003832393206001619
0.0002285106198647946,-0.9403092792016349,-0.001797977743143314
0.0002286406198647946,-0.9406480410312158,-0.001119839255523879
0.0002287706198647946,-0.9403092792016349,-0.0001026315240947261
0.0002289006198647946,-0.9372604227354064,0.0005755069635247092
0.0002290306198647946,-0.9355666135875018,-0.0004417007679044436
0.0002291606198647946,-0.93488908992834,0.0002364377197149915
0.0002292906198647946,-0.9328565189508543,-0.0004417007679044436
0.0002294206198647946,-0.9328565189508543,-0.0004417007679044436
0.0002295506198647946,-0.9325177571212734,-0.0001026315240947261
0.0002296806198647946,-0.9318402334621115,0.0002364377197149915
0.0002298106198647946,-0.9294689006550449,0.0002364377197149915
0.0002299406198647946,-0.9294689006550449,-0.0001026315240947261
0.0002300706198647946,-0.929130138825464,0.0002364377197149915
0.0002302006198647946,-0.9270975678479785,-0.0004417007679044436
0.0002303306198647946,-0.9257425205296548,0.0002364377197149915
0.0002304606198647946,-0.92404871138175,-0.0001026315240947261
0.0002305906198647946,-0.92404871138175,-0.0001026315240947261
0.0002307206198647946,-0.9209998549155216,0.0002364377197149915
0.0002308506198647946,-0.9199835694267788,-0.001119839255523879
0.0002309806198647946,-0.9196448075971979,-0.001458908499333596
0.0002311106198647946,-0.9189672839380361,-0.001119839255523879
0.0002312406198647946,-0.9176122366197123,0.0002364377197149915
0.0002313706198647946,-0.9162571893013886,0.0009145762073344267
0.0002315006198647946,-0.9159184274718076,0.0002364377197149915
0.0002316306198647946,-0.9149021419830649,-0.0001026315240947261
0.0002317606198647946,-0.9132083328351601,-0.0007807700117141612
0.0002318906198647946,-0.9121920473464173,-0.0007807700117141612
0.0002320206198647946,-0.9101594763689318,-0.0007807700117141612
0.0002321506198647946,-0.9098207145393508,-0.001119839255523879
0.0002322806198647946,-0.9098207145393508,-0.001119839255523879
0.0002324106198647946,-0.9098207145393508,-0.002137046986953032
0.0002325406198647946,-0.9071106199027034,-0.0007807700117141612
0.0002326706198647946,-0.9060943344139605,0.0002364377197149915
0.0002328006198647946,-0.9040617634364749,-0.0001026315240947261
0.0002329306198647946,-0.9027067161181512,0.0005755069635247092
0.0002330606198647946,-0.9023679542885703,0.002270853182573297
0.0002331906198647946,-0.9020291924589893,0.002609922426383015
0.0002333206198647946,-0.8993190978223419,0.002270853182573297
0.0002334506198647946,-0.8989803359927609,0.0009145762073344267
0.0002335806198647946,-0.8976252886744371,0.001253645451144144
0.0002337106198647946,-0.8952539558673707,0.0009145762073344267
0.0002338406198647946,-0.893221384889885,0.0005755069635247092
0.0002339706198647946,-0.8922050994011422,0.0005755069635247092
0.0002341006198647946,-0.8922050994011422,0.0002364377197149915
0.0002342306198647946,-0.8901725284236566,-0.0007807700117141612
0.0002343606198647946,-0.8884787192757519,-0.0007807700117141612
0.0002344906198647946,-0.8854298628095235,-0.0004417007679044436
0.0002346206198647946,-0.8844135773207807,-0.0001026315240947261
0.0002347506198647946,-0.882719768172876,-0.0004417007679044436
0.0002348806198647946,-0.882719768172876,-0.0004417007679044436
0.0002350106198647946,-0.8803484353658095,-0.0007807700117141612
0.0002351406198647946,-0.8803484353658095,-0.0004417007679044436
0.0002352706198647946,-0.8796709117066477,0.0002364377197149915
0.0002354006198647946,-0.877977102558743,0.0005755069635247092
0.0002355306198647946,-0.8762832934108383,0.001253645451144144
0.0002356606198647946,-0.8742507224333527,0.0005755069635247092
0.0002357906198647946,-0.8742507224333527,-0.0001026315240947261
0.0002359206198647946,-0.8718793896262862,0.0005755069635247092
0.0002360506198647946,-0.8708631041375433,0.0005755069635247092
0.0002361806198647946,-0.8681530095008959,0.0005755069635247092
0.0002363106198647946,-0.8667979621825721,-0.001119839255523879
0.0002364406198647946,-0.8651041530346675,-0.002476116230762749
0.0002365706198647946,-0.8634103438867629,-0.002815185474572467
0.0002367006198647946,-0.8627328202276009,-0.002476116230762749
0.0002368306198647946,-0.862055296568439,-0.001797977743143314
0.0002369606198647946,-0.86239405839802,-0.0004417007679044436
0.0002370906198647946,-0.8603614874205344,-0.0004417007679044436
0.0002372206198647946,-0.8579901546134678,-0.0004417007679044436
0.0002373506198647946,-0.857312630954306,-0.0007807700117141612
0.0002374806198647946,-0.8559575836359823,0.0005755069635247092
0.0002376106198647946,-0.8542637744880776,0.0005755069635247092
0.0002377406198647946,-0.8515536798514302,-0.0001026315240947261
0.0002378706198647946,-0.8488435852147826,0.001592714694953862
0.0002380006198647946,-0.8464722524077161,0.0005755069635247092
0.0002381306198647946,-0.8457947287485542,0.0002364377197149915
0.0002382606198647946,-0.8441009196006496,0.0002364377197149915
0.0002383906198647946,-0.8420683486231639,0.0005755069635247092
0.0002385206198647946,-0.841729586793583,0.0005755069635247092
0.0002386506198647946,-0.8400357776456784,-0.0001026315240947261
0.0002387806198647946,-0.8380032066681927,0.0005755069635247092
0.0002389106198647946,-0.8346155883723834,-0.0001026315240947261
0.0002390406198647946,-0.8346155883723834,0.0002364377197149915
0.0002391706198647946,-0.8332605410540597,0.0002364377197149915
0.0002393006198647946,-0.8325830173948978,-0.0001026315240947261
0.0002394306198647946,-0.831227970076574,-0.0004417007679044436
0.0002395606198647946,-0.8298729227582503,-0.001119839255523879
0.0002396906198647946,-0.8278403517807646,-0.001119839255523879
0.0002398206198647946,-0.8278403517807646,-0.001458908499333596
0.0002399506198647946,-0.826485304462441,0.0002364377197149915
0.0002400806198647946,-0.8244527334849554,0.0009145762073344267
0.0002402106198647946,-0.8220814006778888,0.0009145762073344267
0.0002403406198647946,-0.8207263533595651,0.001253645451144144
0.0002404706198647946,-0.8190325442116604,0.001253645451144144
0.0002406006198647946,-0.8153061640862701,0.0002364377197149915
0.0002407306198647946,-0.8136123549383655,-0.0004417007679044436
0.0002408606198647946,-0.8125960694496227,-0.0001026315240947261
0.0002409906198647946,-0.810563498472137,0.0002364377197149915
0.0002411206198647946,-0.8088696893242324,0.0009145762073344267
0.0002412506198647946,-0.8075146420059086,0.0009145762073344267
0.0002413806198647946,-0.8078534038354895,-0.0007807700117141612
0.0002415106198647946,-0.8048045473692612,-0.0004417007679044436
0.0002416406198647946,-0.8024332145621946,-0.0007807700117141612
0.0002417706198647946,-0.8014169290734519,-0.0004417007679044436
0.0002419006198647946,-0.800061881755128,0.0002364377197149915
0.0002420306198647946,-0.7987068344368043,0.0002364377197149915
0.0002421606198647946,-0.7970130252888997,0.0002364377197149915
0.0002422906198647946,-0.7943029306522522,0.0002364377197149915
0.0002424206198647946,-0.7929478833339284,0.0009145762073344267
0.0002425506198647946,-0.790237788697281,0.0005755069635247092
0.0002426806198647946,-0.7878664558902144,-0.0007807700117141612
0.0002428106198647946,-0.7871889322310526,-0.0004417007679044436
0.0002429406198647946,-0.7861726467423098,0.0002364377197149915
0.0002430706198647946,-0.7841400757648241,0.00328806091400245
0.0002432006198647946,-0.7807524574690148,0.0009145762073344267
0.0002433306198647946,-0.779736171980272,-0.0001026315240947261
0.0002434606198647946,-0.7780423628323674,0.0002364377197149915
0.0002435906198647946,-0.7766873155140436,0.0002364377197149915
0.0002437206198647946,-0.7760097918548817,-0.0004417007679044436
0.0002438506198647946,-0.7719446498999105,-0.0007807700117141612
0.0002439806198647946,-0.7695733170928439,-0.001797977743143314
0.0002441106198647946,-0.7685570316041012,-0.001119839255523879
0.0002442406198647946,-0.7668632224561965,-0.0001026315240947261
0.0002443706198647946,-0.7658469369674538,0.0002364377197149915
0.0002445006198647946,-0.764153127819549,0.0005755069635247092
0.0002446306198647946,-0.7624593186716444,0.0009145762073344267
0.0002447606198647946,-0.7614430331829015,0.0009145762073344267
0.0002448906198647946,-0.7583941767166732,0.0005755069635247092
0.0002450206198647946,-0.7560228439096066,0.0009145762073344267
0.0002451506198647946,-0.754329034761702,0.001253645451144144
0.0002452806198647946,-0.7522964637842163,0.0005755069635247092
0.0002454106198647946,-0.7502638928067308,0.001253645451144144
0.0002455406198647946,-0.7472150363405023,-0.0001026315240947261
0.0002456706198647946,-0.7455212271925976,0.0002364377197149915
0.0002458006198647946,-0.7445049417038548,-0.0007807700117141612
0.0002459306198647946,-0.7407785615784646,-0.0001026315240947261
0.0002460606198647946,-0.7404397997488836,0.0002364377197149915
0.0002461906198647946,-0.7370521814530743,0.0005755069635247092
0.0002463206198647946,-0.7353583723051696,0.0002364377197149915
0.0002464506198647946,-0.7336645631572649,-0.0001026315240947261
0.0002465806198647946,-0.7323095158389412,-0.0001026315240947261
0.0002467106198647946,-0.7306157066910365,0.0005755069635247092
0.0002468406198647946,-0.7302769448614556,0.0005755069635247092
0.0002469706198647946,-0.7275668502248082,0.0005755069635247092
0.0002471006198647946,-0.7251955174177416,0.001253645451144144
0.0002472306198647946,-0.7224854227810941,0.001253645451144144
0.0002473606198647946,-0.7218078991219322,-0.0007807700117141612
0.0002474906198647946,-0.7207916136331894,-0.001119839255523879
0.0002476206198647946,-0.7184202808261229,-0.0001026315240947261
0.0002477506198647946,-0.7157101861894755,-0.0004417007679044436
0.0002478806198647946,-0.713000091552828,-0.0007807700117141612
0.0002480106198647946,-0.7102899969161804,0.001253645451144144
0.0002481406198647946,-0.7065636167907902,0.0005755069635247092
0.0002482706198647946,-0.7055473313020474,-0.0004417007679044436
0.0002484006198647946,-0.7031759984949808,0.0002364377197149915
0.0002485306198647946,-0.7028372366653999,-0.0001026315240947261
0.0002486606198647946,-0.702498474835819,-0.0001026315240947261
0.0002487906198647946,-0.6987720947104287,0.0002364377197149915
0.0002489206198647946,-0.6960620000737813,0.0009145762073344267
0.0002490506198647946,-0.6930131436075528,-0.0004417007679044436
0.0002491806198647946,-0.692335619948391,0.0002364377197149915
0.0002493106198647946,-0.6896255253117435,0.001253645451144144
0.0002494406198647946,-0.686915430675096,0.0009145762073344267
0.0002495706198647946,-0.686576668845515,0.0009145762073344267
0.0002497006198647946,-0.6855603833567723,0.0002364377197149915
0.0002498306198647946,-0.6825115268905438,0.0002364377197149915
0.0002499606198647946,-0.6794626704243154,0.0009145762073344267
0.0002500906198647946,-0.6781076231059917,0.001592714694953862
0.0002502206198647946,-0.6743812429806014,0.0009145762073344267
0.0002503506198647946,-0.6726874338326968,0.0005755069635247092
0.0002504806198647946,-0.6706548628552111,0.0002364377197149915
0.0002506106198647946,-0.6679447682185636,0.0002364377197149915
0.0002507406198647946,-0.6669284827298209,-0.0004417007679044436
0.0002508706198647946,-0.6652346735819162,-0.0001026315240947261
0.0002510006198647946,-0.6648959117523353,-0.001458908499333596
0.0002511306198647946,-0.6621858171156878,0.0002364377197149915
0.0002512606198647946,-0.6598144843086212,0.001592714694953862
0.0002513906198647946,-0.6560881041832309,0.001592714694953862
0.0002515206198647946,-0.6537167713761645,-0.0004417007679044436
0.0002516506198647946,-0.651006676739517,-0.003493323962191902
0.0002517806198647946,-0.6489741057620314,-0.001797977743143314
0.0002519106198647946,-0.645586487466222,-0.0007807700117141612
0.0002520406198647946,-0.6445702019774792,0.0005755069635247092
0.0002521706198647946,-0.6425376309999936,0.0009145762073344267
0.0002523006198647946,-0.6398275363633461,0.0005755069635247092
0.0002524306198647946,-0.6381337272154415,0.0009145762073344267
0.0002525606198647946,-0.6361011562379558,0.001592714694953862
0.0002526906198647946,-0.6344073470900512,0.0009145762073344267
0.0002528206198647946,-0.6323747761125655,0.0002364377197149915
0.0002529506198647946,-0.6306809669646609,-0.0001026315240947261
0.0002530806198647946,-0.6283096341575943,0.0002364377197149915
0.0002532106198647946,-0.6262770631801088,0.001253645451144144
0.0002533406198647946,-0.6228894448842994,0.001592714694953862
0.0002534706198647946,-0.6201793502476519,-0.0001026315240947261
0.0002536006198647946,-0.6164529701222616,-0.0004417007679044436
0.0002537306198647946,-0.6144203991447761,0.0005755069635247092
0.0002538606198647946,-0.6130653518264523,0.0005755069635247092
0.0002539906198647946,-0.6123878281672904,0.0005755069635247092
0.0002541206198647946,-0.6083226862123192,0.0002364377197149915
0.0002542506198647946,-0.6052738297460908,0.0005755069635247092
0.0002543806198647946,-0.6035800205981862,-0.0007807700117141612
0.0002545106198647946,-0.6039187824277671,-0.001119839255523879
0.0002546406198647946,-0.6025637351094434,-0.0007807700117141612
0.0002547706198647946,-0.5981598313248911,-0.0007807700117141612
0.0002549006198647946,-0.5957884985178247,-0.0004417007679044436
0.0002550306198647946,-0.5940946893699199,-0.0001026315240947261
0.0002551606198647946,-0.5907070710741107,-0.0004417007679044436
0.0002552906198647946,-0.5893520237557869,-0.0001026315240947261
0.0002554206198647946,-0.5859644054599775,0.0002364377197149915
0.0002555506198647946,-0.5822380253345872,0.0005755069635247092
0.0002556806198647946,-0.5808829780162635,0.0009145762073344267
0.0002558106198647946,-0.5795279306979398,0.0002364377197149915
0.0002559406198647946,-0.578850407038778,0.0002364377197149915
0.0002560706198647946,-0.5754627887429686,-0.0007807700117141612
0.0002562006198647946,-0.5727526941063211,-0.0004417007679044436
0.0002563306198647946,-0.5700425994696736,-0.0004417007679044436
0.0002564606198647946,-0.5676712666626071,-0.0007807700117141612
0.0002565906198647946,-0.5659774575147024,0.0002364377197149915
0.0002567206198647946,-0.5636061247076359,0.0005755069635247092
0.0002568506198647946,-0.5595409827526647,-0.0007807700117141612
0.0002569806198647946,-0.5561533644568554,-0.0001026315240947261
0.0002571106198647946,-0.5551370789681125,0.0009145762073344267
0.0002572406198647946,-0.5520882225018842,0.0009145762073344267
0.0002573706198647946,-0.5500556515243985,0.0002364377197149915
0.0002575006198647946,-0.547345556887751,-0.0001026315240947261
0.0002576306198647946,-0.547345556887751,-0.0001026315240947261
0.0002577606198647946,-0.5436191767623607,-0.0004417007679044436
0.0002578906198647946,-0.5409090821257133,-0.0004417007679044436
0.0002580206198647946,-0.5385377493186467,-0.001458908499333596
0.0002581506198647946,-0.537182702000323,-0.001797977743143314
0.0002582806198647946,-0.5358276546819992,-0.001458908499333596
0.0002584106198647946,-0.5334563218749327,-0.0001026315240947261
0.0002585406198647946,-0.5287136562607997,0.0002364377197149915
0.0002586706198647946,-0.5260035616241522,-0.0001026315240947261
0.0002588006198647946,-0.5249872761354094,-0.0007807700117141612
0.0002589306198647946,-0.5232934669875047,0.0002364377197149915
0.0002590606198647946,-0.5192283250325335,0.0002364377197149915
0.0002591906198647946,-0.516179468566305,-0.0004417007679044436
0.0002593206198647946,-0.5131306121000767,0.0002364377197149915
0.0002594506198647946,-0.511436802952172,0.0002364377197149915
0.0002595806198647946,-0.5080491846563626,0.0005755069635247092
0.0002597106198647946,-0.5046615663605534,0.0005755069635247092
0.0002598406198647946,-0.5009351862351631,0.0009145762073344267
0.0002599706198647946,-0.4999189007464201,0.0009145762073344267
0.0002601006198647946,-0.4965312824506108,0.0005755069635247092
0.0002602306198647946,-0.4934824259843824,0.003627130157812168
0.0002603606198647946,-0.490433569518154,0.003966199401621885
0.0002604906198647946,-0.490772331347735,0.0009145762073344267
0.0002606206198647946,-0.4884009985406684,0.0009145762073344267
0.0002607506198647946,-0.4870459512223447,0.0002364377197149915
0.0002608806198647946,-0.4839970947561162,0.0005755069635247092
0.0002610106198647946,-0.4809482382898879,0.0009145762073344267
0.0002611406198647946,-0.4775606199940785,0.0002364377197149915
0.0002612706198647946,-0.4768830963349167,0.0002364377197149915
0.0002614006198647946,-0.4755280490165929,0.0002364377197149915
0.0002615306198647946,-0.4711241452320408,-0.0001026315240947261
0.0002616606198647946,-0.4684140505953933,0.0002364377197149915
0.0002617906198647946,-0.4643489086404221,0.0009145762073344267
0.0002619206198647946,-0.4623163376629364,0.0002364377197149915
0.0002620506198647946,-0.4602837666854508,0.0005755069635247092
0.0002621806198647946,-0.4575736720488034,0.001592714694953862
0.0002623106198647946,-0.454524815582575,0.002609922426383015
0.0002624406198647946,-0.4531697682642513,0.00193178393876358
0.0002625706198647946,-0.4524922446050894,0.002270853182573297
0.0002627006198647946,-0.449443388138861,0.002270853182573297
0.0002628306198647946,-0.4460557698430516,0.001592714694953862
0.0002629606198647946,-0.4436844370359851,0.0002364377197149915
0.0002630906198647946,-0.4386030095922711,0.0009145762073344267
0.0002632206198647946,-0.4362316767852045,0.0002364377197149915
0.0002633506198647946,-0.4345378676372998,0.0002364377197149915
0.0002634806198647946,-0.4311502493414905,0.0009145762073344267
0.0002636106198647946,-0.4274238692161002,0.001253645451144144
0.0002637406198647946,-0.4264075837273574,0.0009145762073344267
0.0002638706198647946,-0.4260688218977765,0.001253645451144144
0.0002640006198647946,-0.4226812036019671,0.001592714694953862
0.0002641306198647946,-0.4186160616469959,0.00193178393876358
0.0002642606198647946,-0.4172610143286722,0.001592714694953862
0.0002643906198647946,-0.4148896815216057,0.001592714694953862
0.0002645206198647946,-0.4121795868849582,0.0009145762073344267
0.0002646506198647946,-0.4091307304187298,0.001253645451144144
0.0002647806198647946,-0.4067593976116632,0.0005755069635247092
0.0002649106198647946,-0.4043880648045967,-0.001458908499333596
0.0002650406198647946,-0.4003229228496255,-0.001797977743143314
0.0002651706198647946,-0.3972740663833971,-0.0007807700117141612
0.0002653006198647946,-0.3945639717467496,-0.0001026315240947261
0.0002654306198647946,-0.3911763534509403,0.0005755069635247092
0.0002655606198647946,-0.3894825443030356,0.0002364377197149915
0.0002656906198647946,-0.3860949260072262,0.0005755069635247092
0.0002658206198647946,-0.3830460695409978,0.0002364377197149915
0.0002659506198647946,-0.3803359749043503,0.0005755069635247092
0.0002660806198647946,-0.3786421657564457,0.0005755069635247092
0.0002662106198647946,-0.3779646420972838,0.0005755069635247092
0.0002663406198647946,-0.3752545474606364,-0.0001026315240947261
0.0002664706198647946,-0.3728832146535698,-0.0001026315240947261
0.0002666006198647946,-0.3698343581873414,-0.0001026315240947261
0.0002667306198647946,-0.366446739891532,-0.0001026315240947261
0.0002668606198647946,-0.3654304544027893,-0.0004417007679044436
0.0002669906198647946,-0.361365312447818,-0.0001026315240947261
0.0002671206198647946,-0.3596715032999134,0.0002364377197149915
0.0002672506198647946,-0.3573001704928468,0.0002364377197149915
0.0002673806198647946,-0.3552675995153612,0.0005755069635247092
0.0002675106198647946,-0.3515412193899709,0.0005755069635247092
0.0002676406198647946,-0.3478148392645807,-0.003154254718382184
0.0002677706198647946,-0.3451047446279332,-0.002815185474572467
0.0002679006198647946,-0.3430721736504476,0.0009145762073344267
0.0002680306198647946,-0.3396845553546382,0.0005755069635247092
0.0002681606198647946,-0.3376519843771526,0.001592714694953862
0.0002682906198647946,-0.3349418897405051,0.00193178393876358
0.0002684206198647946,-0.3318930332742767,0.00193178393876358
0.0002685506198647946,-0.3274891294897246,0.002270853182573297
0.0002686806198647946,-0.3257953203418199,0.00193178393876358
0.0002688106198647946,-0.3241015111939152,-0.0001026315240947261
0.0002689406198647946,-0.3210526547276868,-0.0001026315240947261
0.0002690706198647946,-0.3186813219206203,0.0005755069635247092
0.0002692006198647946,-0.3159712272839728,0.0009145762073344267
0.0002693306198647946,-0.3132611326473254,0.0005755069635247092
0.0002694606198647946,-0.3102122761810969,0.0009145762073344267
0.0002695906198647946,-0.3068246578852876,-0.0004417007679044436
0.0002697206198647946,-0.304453325078221,-0.0001026315240947261
0.0002698506198647946,-0.3034370395894783,0.0002364377197149915
0.0002699806198647946,-0.299710659464088,0.0002364377197149915
0.0002701106198647946,-0.2963230411682786,-0.0001026315240947261
0.0002702406198647946,-0.2932741847020502,-0.001119839255523879
0.0002703706198647946,-0.2915803755541456,-0.0007807700117141612
0.0002705006198647946,-0.2878539954287553,-0.001119839255523879
0.0002706306198647946,-0.2844663771329459,-0.0004417007679044436
0.0002707606198647946,-0.2807399970075556,0.0002364377197149915
0.0002708906198647946,-0.2780299023709082,0.001253645451144144
0.0002710206198647946,-0.2753198077342607,0.0005755069635247092
0.0002711506198647946,-0.2719321894384514,0.001253645451144144
0.0002712806198647946,-0.2709159039497085,0.0002364377197149915
0.0002714106198647946,-0.268544571142642,0.0005755069635247092
0.0002715406198647946,-0.2654957146764136,0.0005755069635247092
0.0002716706198647946,-0.2610918108918615,0.0009145762073344267
0.0002718006198647946,-0.2600755254031187,0.001253645451144144
0.0002719306198647946,-0.2573654307664712,0.0009145762073344267
0.0002720606198647946,-0.2560103834481474,0.001253645451144144
0.0002721906198647946,-0.2536390506410809,0.0005755069635247092
0.0002723206198647946,-0.2488963850269478,0.001592714694953862
0.0002724506198647946,-0.2458475285607194,0.0009145762073344267
0.0002725806198647946,-0.242798672094491,0.0009145762073344267
0.0002727106198647946,-0.2394110537986817,0.0005755069635247092
0.0002728406198647946,-0.2367009591620342,0.0002364377197149915
0.0002729706198647946,-0.2346683881845486,-0.0007807700117141612
0.0002731006198647946,-0.2319582935479011,-0.0004417007679044436
0.0002732306198647946,-0.2302644843999964,0.0009145762073344267
0.0002733606198647946,-0.2261993424450252,0.001253645451144144
0.0002734906198647946,-0.2234892478083777,-0.0001026315240947261
0.0002736206198647946,-0.2204403913421493,0.0002364377197149915
0.0002737506198647946,-0.2177302967055019,0.001592714694953862
0.0002738806198647946,-0.2136651547505306,0.00193178393876358
0.0002740106198647946,-0.2106162982843022,0.0005755069635247092
0.0002741406198647946,-0.2068899181589119,0.0005755069635247092
0.0002742706198647946,-0.2035022998631026,0.0002364377197149915
0.0002744006198647946,-0.2021472525447789,0.0005755069635247092
0.0002745306198647946,-0.2004534433968742,0.0009145762073344267
0.0002746606198647946,-0.1984208724193886,0.0009145762073344267
0.0002747906198647946,-0.1946944922939983,0.0009145762073344267
0.0002749206198647946,-0.1933394449756746,0.0002364377197149915
0.0002750506198647946,-0.190968112168608,0.0002364377197149915
0.0002751806198647946,-0.1869029702136368,-0.0007807700117141612
0.0002753106198647946,-0.1838541137474084,-0.0007807700117141612
0.0002754406198647946,-0.1821603045995037,-0.0004417007679044436
0.0002755706198647946,-0.1787726863036944,-0.001458908499333596
0.0002757006198647946,-0.1750463061783041,-0.002476116230762749
0.0002758306198647946,-0.1723362115416567,-0.002476116230762749
0.0002759606198647946,-0.170642402393752,-0.001458908499333596
0.0002760906198647946,-0.1679323077571045,0.0002364377197149915
0.0002762206198647946,-0.1648834512908761,0.001592714694953862
0.0002763506198647946,-0.1618345948246477,0.0005755069635247092
0.0002764806198647946,-0.1587857383584193,-0.0001026315240947261
0.0002766106198647946,-0.1553981200626099,0.001253645451144144
0.0002767406198647946,-0.1520105017668006,0.0005755069635247092
0.0002768706198647946,-0.1496391689597341,0.0009145762073344267
0.0002770006198647946,-0.1455740270047628,0.0009145762073344267
0.0002771306198647946,-0.1421864087089535,0.001253645451144144
0.0002772606198647946,-0.139815075901887,0.0005755069635247092
0.0002773906198647946,-0.1387987904131442,0.0005755069635247092
0.0002775206198647946,-0.1354111721173348,0.002270853182573297
0.0002776506198647946,-0.1310072683327827,0.00193178393876358
0.0002777806198647946,-0.1286359355257161,0.001592714694953862
0.0002779106198647946,-0.1255870790594877,0.001253645451144144
0.0002780406198647946,-0.1211831752749356,0.001253645451144144
0.0002781706198647946,-0.1194893661270309,0.0005755069635247092
0.0002783006198647946,-0.1181343188087072,0.0005755069635247092
0.0002784306198647946,-0.1157629860016406,0.001592714694953862
0.0002785606198647946,-0.1127141295354122,0.0005755069635247092
0.0002786906198647946,-0.1093265112396029,0.0009145762073344267
0.0002788206198647946,-0.1066164166029554,0.0002364377197149915
0.0002789506198647946,-0.103567560136727,-0.0004417007679044436
0.0002790806198647946,-0.09916365635217483,-0.0007807700117141612
0.0002792106198647946,-0.09645356171552735,-0.0004417007679044436
0.0002793406198647946,-0.09374346707887989,-0.0007807700117141612
0.0002794706198647946,-0.09272718159013708,-0.002137046986953032
0.0002796006198647946,-0.08967832512390866,-0.0001026315240947261
0.0002797306198647946,-0.08662946865768026,0.0005755069635247092
0.0002798606198647946,-0.08358061219145185,0.0005755069635247092
0.0002799906198647946,-0.08019299389564251,0.0005755069635247092
0.0002801206198647946,-0.0781604229181569,-0.0001026315240947261
0.0002802506198647946,-0.07578909011109036,-0.0007807700117141612
0.0002803806198647946,-0.07443404279276662,0.0002364377197149915
0.0002805106198647946,-0.07070766266737634,0.001253645451144144
0.0002806406198647946,-0.06596499705324327,0.001592714694953862
0.0002807706198647946,-0.06291614058701485,0.001253645451144144
0.0002809006198647946,-0.05918976046162458,0.001253645451144144
0.0002810306198647946,-0.05783471314330084,0.001253645451144144
0.0002811606198647946,-0.0564796658249771,0.0009145762073344267
0.0002812906198647946,-0.05410833301791056,0.0005755069635247092
0.0002814206198647946,-0.05072071472210123,0.001253645451144144
0.0002815506198647946,-0.04767185825587281,0.0009145762073344267
0.0002816806198647946,-0.04326795447132066,0.001253645451144144
0.0002818106198647946,-0.03988033617551132,0.001253645451144144
0.0002819406198647946,-0.03649271787970197,0.003627130157812168
0.0002820706198647946,-0.03547643239095917,0.003627130157812168
0.0002822006198647946,-0.0317500522655689,0.0002364377197149915
0.0002823306198647946,-0.02768491031059768,-0.0001026315240947261
0.0002824606198647946,-0.02632986299227395,0.0002364377197149915
0.0002825906198647946,-0.02463605384436927,0.0009145762073344267
0.0002827206198647946,-0.02226472103730274,-0.0001026315240947261
0.0002828506198647946,-0.01786081725275059,0.0005755069635247092
0.0002829806198647946,-0.01481196078652218,0.002270853182573297
0.0002831106198647946,-0.0121018661498747,0.00193178393876358
0.0002832406198647946,-0.006342915046998818,0.001253645451144144
0.0002833706198647946,-0.004310344069513213,0.0009145762073344267
0.0002835006198647946,-0.002616534921608541,0.0005755069635247092
0.0002836306198647946,0.000771083374200803,0.0002364377197149915
0.0002837606198647946,0.0004323215446198687,0.0002364377197149915
0.0002838906198647946,0.004158701670010147,-0.0004417007679044436
0.0002840206198647946,0.006868796306657621,-0.0001026315240947261
0.0002841506198647946,0.0116114619207907,-0.0001026315240947261
0.0002842806198647946,0.01432155655743818,0.0005755069635247092
0.0002844106198647946,0.01737041302366659,0.0009145762073344267
0.0002845406198647946,0.02075803131947593,0.0005755069635247092
0.0002846706198647946,0.02414564961528527,0.001253645451144144
0.0002848006198647946,0.02617822059277088,0.0009145762073344267
0.0002849306198647946,0.02787202974067555,0.0005755069635247092
0.0002850606198647946,0.0322759335252277,0.001592714694953862
0.0002851906198647946,0.03532478999145611,0.001592714694953862
0.0002853206198647946,0.03871240828726545,0.001592714694953862
0.0002854506198647946,0.04040621743517012,0.0009145762073344267
0.0002855806198647946,0.04345507390139854,0.0005755069635247092
0.0002857106198647946,0.04481012121972228,0.0002364377197149915
0.0002858406198647946,0.04853650134511255,0.001253645451144144
0.0002859706198647946,0.05226288147050283,0.001253645451144144
0.0002861006198647946,0.0549729761071503,0.001592714694953862
0.0002862306198647946,0.05802183257337871,0.002270853182573297
0.0002863606198647946,0.06174821269876898,0.00193178393876358
0.0002864906198647946,0.06411954550583553,0.0009145762073344267
0.0002866206198647946,0.06547459282415927,0.0005755069635247092
0.0002867506198647946,0.06818468746080675,0.001253645451144144
0.0002868806198647946,0.07089478209745421,0.0009145762073344267
0.0002870106198647946,0.0746211622228445,0.0009145762073344267
0.0002871406198647946,0.07733125685949198,0.0009145762073344267
0.0002872706198647946,0.08004135149613945,0.0005755069635247092
0.0002874006198647946,0.08376773162152973,0.0005755069635247092
0.0002875306198647946,0.0864778262581772,-0.0001026315240947261
0.0002876606198647946,0.09054296821314842,-0.0001026315240947261
0.0002877906198647946,0.09257553919063402,-0.0004417007679044436
0.0002879206198647946,0.09426934833853869,0.0005755069635247092
0.0002880506198647946,0.09697944297518617,0.0005755069635247092
0.0002881806198647946,0.1000282994414146,0.0002364377197149915
0.0002883106198647946,0.1034159177372239,0.0005755069635247092
0.0002884406198647946,0.1064647742034523,0.001592714694953862
0.0002885706198647946,0.1091748688400998,0.001592714694953862
0.0002887006198647946,0.1129012489654901,-0.0001026315240947261
0.0002888306198647946,0.1159501054317185,0.0009145762073344267
0.0002889606198647946,0.1189989618979469,0.0009145762073344267
0.0002890906198647946,0.1213702947050134,0.0009145762073344267
0.0002892206198647946,0.1247579130008228,-0.0004417007679044436
0.0002893506198647946,0.1271292458078893,-0.0001026315240947261
0.0002894806198647946,0.1295005786149559,0.0005755069635247092
0.0002896106198647946,0.1328881969107652,0.001253645451144144
0.0002897406198647946,0.1332269587403462,0.001592714694953862
0.0002898706198647946,0.1355982915474127,0.001592714694953862
0.0002900006198647946,0.1406797189911267,0.00193178393876358
0.0002901306198647946,0.144067337286936,0.002270853182573297
0.0002902606198647946,0.1460999082644217,0.001592714694953862
0.0002903906198647946,0.1484712410714882,0.001592714694953862
0.0002905206198647946,0.1521976211968785,0.0002364377197149915
0.0002906506198647946,0.1549077158335259,-0.001458908499333596
0.0002907806198647946,0.1576178104701734,-0.001119839255523879
0.0002909106198647946,0.15998914327724,0.0002364377197149915
0.0002910406198647946,0.1626992379138874,0.0002364377197149915
0.0002911706198647946,0.1664256180392777,0.001253645451144144
0.0002913006198647946,0.169813236335087,0.001592714694953862
0.0002914306198647946,0.1735396164604773,0.001592714694953862
0.0002915606198647946,0.1769272347562867,0.001592714694953862
0.0002916906198647946,0.1799760912225151,0.001253645451144144
0.0002918206198647946,0.1806536148816769,0.0009145762073344267
0.0002919506198647946,0.1826861858591625,0.00193178393876358
0.0002920806198647946,0.1867513278141338,0.00328806091400245
0.0002922106198647946,0.1894614224507812,0.00328806091400245
0.0002923406198647946,0.1931878025761715,0.00193178393876358
0.0002924706198647946,0.1942040880649143,0.001592714694953862
0.0002926006198647946,0.1972529445311427,0.00193178393876358
0.0002927306198647946,0.200979324656533,0.00328806091400245
0.0002928606198647946,0.2040281811227614,0.00328806091400245
0.0002929906198647946,0.2053832284410852,0.002270853182573297
0.0002931206198647946,0.2087708467368945,0.002609922426383015
0.0002932506198647946,0.2118197032031229,0.003627130157812168
0.0002933806198647946,0.2148685596693513,0.00328806091400245
0.0002935106198647946,0.2189337016243225,0.002270853182573297
0.0002936406198647946,0.22164379626097,0.001592714694953862
0.0002937706198647946,0.2223213199201319,0.00193178393876358
0.0002939006198647946,0.2260477000455222,0.001253645451144144
0.0002940306198647946,0.2284190328525887,0.001592714694953862
0.0002941606198647946,0.2297740801709124,0.00193178393876358
0.0002942906198647946,0.232145412977979,0.002948991670192732
0.0002944206198647946,0.2362105549329502,0.004305268645431602
0.0002945506198647946,0.2395981732287595,0.002948991670192732
0.0002946806198647946,0.2409532205470833,0.002609922426383015
0.0002948106198647946,0.242308267865407,0.002948991670192732
0.0002949406198647946,0.2460346479907973,0.003966199401621885
0.0002950706198647946,0.2494222662866066,0.004305268645431602
0.0002952006198647946,0.252809884582416,0.003966199401621885
0.0002953306198647946,0.2568750265373872,0.004983407133051038
0.0002954606198647946,0.2606014066627775,0.005322476376860756
0.0002955906198647946,0.2622952158106822,0.00600061486448019
0.0002957206198647946,0.2646665486177487,0.004983407133051038
0.0002958506198647946,0.2677154050839771,0.005322476376860756
0.0002959806198647946,0.2704254997206246,0.006678753352099625
0.0002961106198647946,0.273135594357272,0.008035030327338495
0.0002962406198647946,0.2772007363122432,0.008035030327338495
0.0002963706198647946,0.2788945454601479,0.007695961083528779
0.0002965006198647946,0.2816046400967954,0.007017822595909344
0.0002966306198647946,0.2846534965630238,0.008374099571148213
0.0002967606198647946,0.2883798766884141,0.007695961083528779
0.0002968906198647946,0.2900736858363188,0.007695961083528779
0.0002970206198647946,0.2914287331546425,0.008713168814957931
0.0002971506198647946,0.2948163514504518,0.009391307302577366
0.0002972806198647946,0.2978652079166803,0.009730376546387084
0.0002974106198647946,0.3009140643829086,0.01040851503400652
0.0002975406198647946,0.3039629208491371,0.01074758427781624
0.0002976706198647946,0.3066730154857845,0.01176479200924539
0.0002978006198647946,0.3083668246336892,0.01108665352162595
0.0002979306198647946,0.3114156810999176,0.01176479200924539
0.0002980606198647946,0.3148032993957269,0.01176479200924539
0.0002981906198647946,0.3178521558619554,0.01278199974067454
0.0002983206198647946,0.3205622504986028,0.0137992074721037
0.0002984506198647946,0.3222560596465075,0.01413827671591341
0.0002985806198647946,0.3253049161127359,0.01447734595972313
0.0002987106198647946,0.3290312962381262,0.01617269217877172
0.0002988406198647946,0.3314026290451927,0.01786803839782031
0.0002989706198647946,0.3327576763635165,0.01786803839782031
0.0002991006198647946,0.3358065328297449,0.01922431537305918
0.0002992306198647946,0.3395329129551352,0.02193686932353692
0.0002993606198647946,0.3446143403988492,0.02091966159210776
0.0002994906198647946,0.3466469113763348,0.01956338461686889
0.0002996206198647946,0.3486794823538204,0.01990245386067861
0.0002997506198647946,0.350712053331306,0.02024152310448833
0.0002998806198647946,0.3524058624792107,0.02091966159210776
0.0003000106198647946,0.3544384334566963,0.02363221554258551
0.0003001406198647946,0.3585035754116675,0.02464942327401466
0.0003002706198647946,0.360874908218734,0.02532756176163409
0.0003004006198647946,0.3639237646849625,0.02634476949306325
0.0003005306198647946,0.3649400501737052,0.0273619772244924
0.0003006606198647946,0.3683276684695146,0.02837918495592155
0.0003007906198647946,0.371376524935743,0.02837918495592155
0.0003009206198647946,0.3727315722540667,0.02973546193116042
0.0003010506198647946,0.3754416668907142,0.03075266966258957
0.0003011806198647946,0.3774742378681998,0.03109173890639929
0.0003013106198647946,0.3808618561640091,0.03244801588163816
0.0003014406198647946,0.3835719508006566,0.03346522361306732
0.0003015706198647946,0.3856045217781423,0.03482150058830619
0.0003017006198647946,0.3883146164147897,0.03617777756354505
0.0003018306198647946,0.3917022347105991,0.03787312378259364
0.0003019606198647946,0.3950898530064084,0.03956847000164224
0.0003020906198647946,0.3991549949613796,0.04024660848926166
0.0003022206198647946,0.4018650895980271,0.04126381622069082
0.0003023506198647946,0.4059302315529983,0.04126381622069082
0.0003024806198647946,0.4079628025304839,0.04126381622069082
0.0003026106198647946,0.4089790880192267,0.04329823168354913
0.0003027406198647946,0.4106728971671314,0.04431543941497827
0.0003028706198647946,0.412705468144617,0.04533264714640743
0.0003030006198647946,0.4150768009516835,0.04736706260926574
0.0003031306198647946,0.4188031810770738,0.04940147807212404
0.0003032606198647946,0.4218520375433022,0.05211403202260179
0.0003033906198647946,0.4252396558391116,0.05380937824165037
0.0003035206198647946,0.4279497504757591,0.05516565521688924
0.0003036506198647946,0.4296435596236637,0.05686100143593784
0.0003037806198647946,0.433369939749054,0.05753913992355726
0.0003039106198647946,0.4350637488969586,0.05753913992355726
0.0003040406198647946,0.438451367192768,0.06025169387403501
0.0003041706198647946,0.4408226999998345,0.06126890160546415
0.0003043006198647946,0.443532794636482,0.06228610933689331
0.0003044306198647946,0.4459041274435486,0.0639814555559419
0.0003045606198647946,0.4479366984210342,0.06703307875022935
0.0003046906198647946,0.4492917457393579,0.06771121723784879
0.0003048206198647946,0.4506467930576816,0.06872842496927795
0.0003049506198647946,0.454034411353491,0.07042377118832653
0.0003050806198647946,0.4574220296493003,0.07144097891975568
0.0003052106198647946,0.4608096479451096,0.07347539438261398
0.0003053406198647946,0.4638585044113381,0.07517074060166258
0.0003054706198647946,0.4658910753888237,0.07720515606452089
0.0003056006198647946,0.4669073608775665,0.07822236379595003
0.0003057306198647946,0.4679236463663093,0.07822236379595003
0.0003058606198647946,0.4726663119804423,0.08161305623404722
0.0003059906198647946,0.4757151684466708,0.08398654094071523
0.0003061206198647946,0.4787640249128992,0.08568188715976383
0.0003062506198647946,0.4811353577199657,0.08636002564738325
0.0003063806198647946,0.4831679286974513,0.08839444111024156
0.0003065106198647946,0.4875718324820035,0.08771630262262213
0.0003066406198647946,0.4885881179707463,0.08975071808548044
0.0003067706198647946,0.4916369744369747,0.09551489523024563
0.0003069006198647946,0.4943470690736222,0.09619303371786507
0.0003070306198647946,0.4970571637102696,0.09788837993691366
0.0003071606198647946,0.4984122110285934,0.0989055876683428
0.0003072906198647946,0.500106020176498,0.1002618646435817
0.0003074206198647946,0.5028161148131455,0.1002618646435817
0.0003075506198647946,0.5062037331089548,0.10229628010644
0.0003076806198647946,0.5078975422568595,0.1039916263254886
0.0003078106198647946,0.5095913514047642,0.1053479033007274
0.0003079406198647946,0.5112851605526688,0.1067041802759663
0.0003080706198647946,0.5143340170188972,0.1077213880073955
0.0003082006198647946,0.5180603971442875,0.1100948727140635
0.0003083306198647946,0.5204317299513541,0.1114511496893024
0.0003084606198647946,0.5228030627584206,0.1128074266645412
0.0003085906198647946,0.5261906810542299,0.1158590498588287
0.0003087206198647946,0.5289007756908775,0.1172153268340676
0.0003088506198647946,0.5312721084979439,0.1199278807845453
0.0003089806198647946,0.5343209649641724,0.1236576424664522
0.0003091106198647946,0.5370310596008199,0.1260311271731202
0.0003092406198647946,0.5390636305783054,0.1267092656607396
0.0003093706198647946,0.5404186778966292,0.1277264733921688
0.0003095006198647946,0.5431287725332766,0.1284046118797882
0.0003096306198647946,0.5448225816811814,0.128743681123598
0.0003097606198647946,0.5468551526586669,0.131117165830266
0.0003098906198647946,0.5485489618065716,0.1328125120493146
0.0003100206198647946,0.5515978182728,0.1345078582683631
0.0003101506198647946,0.5543079129094475,0.1368813429750312
0.0003102806198647946,0.5566792457165141,0.1389157584378895
0.0003104106198647946,0.5597281021827425,0.1416283123883672
0.0003105406198647946,0.5627769586489708,0.1436627278512255
0.0003106706198647946,0.5658258151151992,0.1453580740702741
0.0003108006198647946,0.567519624263104,0.146714351045513
0.0003109306198647946,0.5705684807293323,0.1470534202893227
0.0003110606198647946,0.5736173371955607,0.1501050434836102
0.0003111906198647946,0.5756499081730464,0.1528175974340879
0.0003113206198647946,0.5786987646392747,0.1551910821407559
0.0003114506198647946,0.5800538119575985,0.157564566847424
0.0003115806198647946,0.582425144764665,0.1592599130664725
0.0003117106198647946,0.583102668423827,0.1606161900417114
0.0003118406198647946,0.5864902867196362,0.1616333977731406
0.0003119706198647946,0.58784533403796,0.1629896747483794
0.0003121006198647946,0.5892003813562837,0.164685020967428
0.0003122306198647946,0.5912329523337694,0.1660412979426669
0.0003123606198647946,0.5942818087999977,0.1677366441617155
0.0003124906198647946,0.5959756179479024,0.1697710596245738
0.0003126206198647946,0.6000407599028736,0.1711273365998127
0.0003127506198647946,0.6027508545395212,0.173161752062671
0.0003128806198647946,0.6044446636874258,0.1748570982817196
0.0003130106198647946,0.6051221873465876,0.1768915137445778
0.0003131406198647946,0.6078322819832351,0.1785868599636264
0.0003132706198647946,0.6108811384494636,0.1812994139141042
0.0003134006198647946,0.6122361857677873,0.1826556908893431
0.0003135306198647946,0.6146075185748539,0.1850291755960111
0.0003136606198647946,0.6159625658931775,0.1867245218150597
0.0003137906198647946,0.6196889460185678,0.1877417295464888
0.0003139206198647946,0.6217215169960534,0.1894370757655374
0.0003140506198647946,0.623754087973539,0.1918105604722054
0.0003141806198647946,0.6271417062693484,0.1931668374474443
0.0003143106198647946,0.6298518009059959,0.1945231144226832
0.0003144406198647946,0.6322231337130624,0.1972356683731609
0.0003145706198647946,0.6335781810313862,0.1985919453483998
0.0003147006198647946,0.6339169428609671,0.2002872915674484
0.0003148306198647946,0.6352719901792908,0.2026607762741164
0.0003149606198647946,0.6389983703046811,0.2033389147617358
0.0003150906198647946,0.6427247504300714,0.2060514687122136
0.0003152206198647946,0.6457736068962998,0.2084249534188816
0.0003153506198647946,0.6467898923850426,0.2107984381255496
0.0003154806198647946,0.6494999870216901,0.2128328535884079
0.0003156106198647946,0.6508550343400138,0.2135109920760274
0.0003157406198647946,0.6528876053174993,0.2152063382950759
0.0003158706198647946,0.6542426526358232,0.2165626152703148
0.0003160006198647946,0.6572915091020516,0.2179188922455537
0.0003161306198647946,0.6603403655682799,0.219953307708412
0.0003162606198647946,0.6616954128866037,0.22232679241508
0.0003163906198647946,0.6630504602049274,0.2226658616588897
0.0003165206198647946,0.6664380785007368,0.2250393463655578
0.0003166506198647946,0.6677931258190605,0.2277519003160355
0.0003167806198647946,0.6711807441148698,0.2294472465350841
0.0003169106198647946,0.6708419822852889,0.2311425927541327
0.0003170406198647946,0.6728745532627746,0.2311425927541327
0.0003171706198647946,0.6745683624106792,0.2328379389731813
0.0003173006198647946,0.6779559807064885,0.2352114236798493
0.0003174306198647946,0.6789722661952313,0.2382630468741367
0.0003175606198647946,0.6816823608318788,0.2406365315808048
0.0003176906198647946,0.6847312172981073,0.2419928085560436
0.0003178206198647946,0.6877800737643356,0.2447053625065214
0.0003179506198647946,0.690828930230564,0.2474179164569991
0.0003180806198647946,0.6918452157193068,0.248774193432238
0.0003182106198647946,0.6935390248672115,0.2497914011636671
0.0003183406198647946,0.6959103576742781,0.2508086088950963
0.0003184706198647946,0.6989592141405064,0.2528430243579546
0.0003186006198647946,0.7006530232884112,0.2552165090646226
0.0003187306198647946,0.7020080706067349,0.2569118552836712
0.0003188606198647946,0.7047181652433824,0.2579290630151004
0.0003189906198647946,0.7050569270729633,0.2589462707465295
0.0003191206198647946,0.706411974391287,0.2606416169655781
0.0003192506198647946,0.7104771163462582,0.2636932401598656
0.0003193806198647946,0.711832163664582,0.2647104478912947
0.0003195106198647946,0.7142034964716485,0.266744863354153
0.0003196406198647946,0.7158973056195532,0.2681011403293919
0.0003197706198647946,0.7196236857449435,0.2711527635236793
0.0003199006198647946,0.7209787330632672,0.2745434559617765
0.0003200306198647946,0.7223337803815909,0.2755606636932056
0.0003201606198647946,0.7230113040407528,0.2758997329370154
0.0003202906198647946,0.7243663513590766,0.2758997329370154
0.0003204206198647946,0.726737684166143,0.2765778714246348
0.0003205506198647946,0.7287702551436287,0.2789513561313028
0.0003206806198647946,0.7301253024619524,0.2803076331065417
0.0003208106198647946,0.7328353970985999,0.2823420485694
0.0003209406198647946,0.7362230153944093,0.2860718102513069
0.0003210706198647946,0.7379168245423139,0.2874280872265458
0.0003212006198647946,0.7409656810085423,0.2884452949579749
0.0003213306198647946,0.7416432046677042,0.2901406411770235
0.0003214606198647946,0.7436757756451898,0.2911578489084527
0.0003215906198647946,0.7453695847930945,0.2935313336151207
0.0003217206198647946,0.748079679429742,0.2945485413465498
0.0003218506198647946,0.7504510122368085,0.2972610952970276
0.0003219806198647946,0.7504510122368085,0.2986173722722665
0.0003221106198647946,0.7524835832142941,0.3003127184913151
0.0003222406198647946,0.7558712015101035,0.3023471339541733
0.0003223706198647946,0.758581296146751,0.3047206186608414
0.0003225006198647946,0.7606138671242365,0.3067550341236997
0.0003226306198647946,0.7612913907833984,0.3084503803427483
0.0003227606198647946,0.7626464381017222,0.3094675880741774
0.0003228906198647946,0.7640014854200459,0.3108238650494163
0.0003230206198647946,0.7663728182271125,0.3121801420246552
0.0003231506198647946,0.7677278655454362,0.3128582805122746
0.0003232806198647946,0.768405389204598,0.3131973497560843
0.0003234106198647946,0.7704379601820837,0.3159099037065621
0.0003235406198647946,0.7721317693299883,0.3169271114379912
0.0003236706198647946,0.7748418639666358,0.3182833884132301
0.0003238006198647946,0.7755193876257976,0.3196396653884689
0.0003239306198647946,0.7782294822624451,0.3213350116075175
0.0003240606198647946,0.7795845295807688,0.3233694270703759
0.0003241906198647946,0.7819558623878354,0.3257429117770439
0.0003243206198647946,0.7833109097061591,0.3277773272399022
0.0003244506198647946,0.7853434806836447,0.329133604215141
0.0003245806198647946,0.7883923371498731,0.3315070889218091
0.0003247106198647946,0.7904249081273588,0.3332024351408577
0.0003248406198647946,0.7917799554456825,0.3348977813599062
0.0003249706198647946,0.7931350027640062,0.3362540583351451
0.0003251006198647946,0.7955063355710728,0.3379494045541937
0.0003252306198647946,0.7978776683781393,0.3410010277484812
0.0003253606198647946,0.7978776683781393,0.3413400969922909
0.0003254906198647946,0.7988939538668821,0.3413400969922909
0.0003256206198647946,0.8002490011852058,0.3430354432113395
0.0003257506198647946,0.804991666799339,0.344730789430388
0.0003258806198647946,0.8063467141176627,0.3457479971618172
0.0003260106198647946,0.8073629996064055,0.3471042741370561
0.0003261406198647946,0.8080405232655673,0.3477824126246755
0.0003262706198647946,0.8090568087543102,0.3494777588437241
0.0003264006198647946,0.8117669033909576,0.3525293820380115
0.0003265306198647946,0.8137994743684432,0.3542247282570601
0.0003266606198647946,0.8151545216867669,0.3559200744761087
0.0003267906198647946,0.8178646163234145,0.3565982129637282
0.0003269206198647946,0.8185421399825763,0.3562591437199185
0.0003270506198647946,0.8212522346192238,0.3589716976703962
0.0003271806198647946,0.8222685201079666,0.360327974645635
0.0003273106198647946,0.8232848055967094,0.3620233208646836
0.0003274406198647946,0.825317376574195,0.364057736327542
0.0003275706198647946,0.8273499475516806,0.3657530825465906
0.0003277006198647946,0.8287049948700044,0.36643122103421
0.0003278306198647946,0.8307375658474899,0.3684656364970683
0.0003279606198647946,0.8317538513362327,0.371178190447546
0.0003280906198647946,0.8334476604841374,0.3705000519599266
0.0003282206198647946,0.8364965169503659,0.3715172596913557
0.0003283506198647946,0.8361577551207849,0.3718563289351655
0.0003284806198647946,0.8378515642686896,0.3735516751542141
0.0003286106198647946,0.8398841352461751,0.3749079521294529
0.0003287406198647946,0.8415779443940798,0.3769423675923113
0.0003288706198647946,0.8422554680532417,0.379654921542789
0.0003290006198647946,0.8436105153715654,0.3810111985180278
0.0003291306198647946,0.8446268008603083,0.3813502677618376
0.0003292606198647946,0.8466593718377938,0.3816893370056473
0.0003293906198647946,0.8476756573265366,0.3837237524685056
0.0003295206198647946,0.8486919428152795,0.3833846832246959
0.0003296506198647946,0.8514020374519269,0.3864363064189833
0.0003297806198647946,0.8527570847702507,0.3884707218818416
0.0003299106198647946,0.8554671794068981,0.3901660681008902
0.0003300406198647946,0.856483464895641,0.3905051373446999
0.0003301706198647946,0.8585160358731265,0.3932176912951777
0.0003303006198647946,0.8595323213618694,0.395252106758036
0.0003304306198647946,0.8608873686801931,0.395252106758036
0.0003305606198647946,0.8646137488055834,0.397625591464704
0.0003306906198647946,0.8646137488055834,0.3993209376837526
0.0003308206198647946,0.8673238434422308,0.4006772146589915
0.0003309506198647946,0.8686788907605546,0.4016944223904206
0.0003310806198647946,0.8686788907605546,0.4020334916342304
0.0003312106198647946,0.8700339380788783,0.4040679070970886
0.0003313406198647946,0.8710502235676211,0.4047460455847081
0.0003314706198647946,0.8730827945451067,0.4054241840723275
0.0003316006198647946,0.8744378418634304,0.4057632533161372
0.0003317306198647946,0.8764704128409161,0.4088148765104247
0.0003318606198647946,0.8781642219888207,0.4101711534856636
0.0003319906198647946,0.8798580311367254,0.4118664997047121
0.0003321206198647946,0.8801967929663064,0.4125446381923316
0.0003322506198647946,0.8815518402846301,0.4135618459237607
0.0003323806198647946,0.8832456494325348,0.4152571921428093
0.0003325106198647946,0.8849394585804394,0.4162743998742385
0.0003326406198647946,0.8866332677283441,0.4183088153370968
0.0003327706198647946,0.8869720295579251,0.4189869538247162
0.0003329006198647946,0.8876495532170869,0.4196650923123356
0.0003330306198647946,0.8886658387058297,0.4200041615561453
0.0003331606198647946,0.8903596478537343,0.4223776462628134
0.0003332906198647946,0.8913759333424772,0.424072992481862
0.0003334206198647946,0.8937472661495437,0.4261074079447203
0.0003335506198647946,0.8947635516382866,0.42644647718853
0.0003336806198647946,0.8954410752974484,0.4274636849199592
0.0003338106198647946,0.8957798371270294,0.4284808926513883
0.0003339406198647946,0.8978124081045149,0.4305153081142466
0.0003340706198647946,0.8978124081045149,0.4298371696266272
0.0003342006198647946,0.9005225027411624,0.431193446601866
0.0003343306198647946,0.9008612645707433,0.4315325158456758
0.0003344606198647946,0.902893835548229,0.4322106543332952
0.0003345906198647946,0.9039101210369718,0.4332278620647244
0.0003347206198647946,0.9059426920144573,0.4352622775275827
0.0003348506198647946,0.907975262991943,0.4366185545028215
0.0003349806198647946,0.9086527866511048,0.4379748314780604
0.0003351106198647946,0.9086527866511048,0.4389920392094895
0.0003352406198647946,0.9093303103102667,0.4393311084532993
0.0003353706198647946,0.9106853576285905,0.4400092469409187
0.0003355006198647946,0.913056690435657,0.4423827316475867
0.0003356306198647946,0.9140729759243997,0.4433999393790159
0.0003357606198647946,0.9161055469018854,0.4444171471104451
0.0003358906198647946,0.9164443087314663,0.4454343548418742
0.0003360206198647946,0.9154280232427235,0.4447562163542548
0.0003361506198647946,0.9167830705610472,0.4454343548418742
0.0003362806198647946,0.9191544033681138,0.4471297010609228
0.0003364106198647946,0.9191544033681138,0.4478078395485422
0.0003365406198647946,0.9198319270272757,0.4491641165237811
0.0003366706198647946,0.9215257361751803,0.4501813242552102
0.0003368006198647946,0.923558307152666,0.4518766704742588
0.0003369306198647946,0.9242358308118278,0.4535720166933074
0.0003370606198647946,0.9249133544709897,0.4539110859371171
0.0003371906198647946,0.9259296399597325,0.455267362912356
0.0003373206198647946,0.9276234491076372,0.4556064321561657
0.0003374506198647946,0.9286397345963799,0.457640847619024
0.0003375806198647946,0.9299947819147037,0.4579799168628337
0.0003377106198647946,0.9313498292330274,0.4589971245942629
0.0003378406198647946,0.933382400210513,0.4596752630818823
0.0003379706198647946,0.9350762093584177,0.4617096785447407
0.0003381006198647946,0.933721162040094,0.4613706093009309
0.0003382306198647946,0.934059923869675,0.4620487477885503
0.0003383606198647946,0.9347374475288368,0.4617096785447407
0.0003384906198647946,0.9371087803359033,0.4651003709828378
0.0003386206198647946,0.9381250658246462,0.4664566479580767
0.0003387506198647946,0.9381250658246462,0.4671347864456961
0.0003388806198647946,0.9391413513133889,0.4667957172018864
0.0003390106198647946,0.9398188749725508,0.4667957172018864
0.0003391406198647946,0.9421902077796174,0.468491063420935
0.0003392706198647946,0.943884016927522,0.4705254788837933
0.0003394006198647946,0.9442227787571029,0.4715426866152224
0.0003395306198647946,0.9445615405866838,0.4722208251028419
0.0003396606198647946,0.9465941115641695,0.4745943098095099
0.0003397906198647946,0.9465941115641695,0.4752724482971293
0.0003399206198647946,0.9465941115641695,0.4749333790533196
0.0003400506198647946,0.9482879207120741,0.4752724482971293
0.0003401806198647946,0.9499817298599789,0.4756115175409391
0.0003403106198647946,0.9509980153487216,0.4773068637599877
0.0003404406198647946,0.9513367771783026,0.4783240714914168
0.0003405706198647946,0.9526918244966263,0.4790022099790362
0.0003407006198647946,0.9537081099853691,0.4790022099790362
0.0003408306198647946,0.9540468718149501,0.4800194177104654
0.0003409606198647946,0.9537081099853691,0.4800194177104654
0.0003410906198647946,0.9550631573036928,0.4810366254418945
0.0003412206198647946,0.9564182046220165,0.4823929024171334
0.0003413506198647946,0.9574344901107594,0.4830710409047528
0.0003414806198647946,0.9577732519403404,0.4834101101485626
0.0003416106198647946,0.9584507755995022,0.4834101101485626
0.0003417406198647946,0.9611608702361497,0.4861226640990403
0.0003418706198647946,0.9621771557248925,0.4874789410742791
0.0003420006198647946,0.9625159175544734,0.4881570795618986
0.0003421306198647946,0.9638709648727971,0.4891742872933277
0.0003422606198647946,0.9635322030432162,0.4891742872933277
0.0003423906198647946,0.9628546793840543,0.4891742872933277
0.0003425206198647946,0.96488725036154,0.4891742872933277
0.0003426506198647946,0.9652260121911209,0.4901914950247569
0.0003427806198647946,0.9652260121911209,0.4901914950247569
0.0003429106198647946,0.9665810595094446,0.4901914950247569
0.0003430406198647946,0.9675973449981874,0.4912087027561861
0.0003431706198647946,0.9682748686573492,0.4918868412438055
0.0003433006198647946,0.9696299159756731,0.4935821874628541
0.0003434306198647946,0.9716624869531586,0.4952775336819027
0.0003435606198647946,0.9723400106123204,0.4962947414133318
0.0003436906198647946,0.9716624869531586,0.4959556721695221
0.0003438206198647946,0.9730175342714824,0.4969728799009512
0.0003439506198647946,0.9726787724419015,0.4969728799009512
0.0003440806198647946,0.9736950579306443,0.497311949144761
0.0003442106198647946,0.9740338197602252,0.4976510183885707
0.0003443406198647946,0.9730175342714824,0.4969728799009512
0.0003444706198647946,0.974711343419387,0.4979900876323804
0.0003446006198647946,0.9770826762264536,0.4993463646076193
0.0003447306198647946,0.9794540090335201,0.5003635723390485
0.0003448606198647946,0.9787764853743582,0.5013807800704776
0.0003449906198647946,0.9784377235447773,0.5013807800704776
0.0003451206198647946,0.9770826762264536,0.502058918558097
0.0003452506198647946,0.9753888670785489,0.502058918558097
0.0003453806198647946,0.9760663907377107,0.5010417108266679
0.0003455106198647946,0.9774214380560345,0.5017198493142874
0.0003456406198647946,0.9784377235447773,0.5037542647771457
0.0003457706198647946,0.9794540090335201,0.5040933340209554
0.0003459006198647946,0.9821641036701676,0.5061277494838137
0.0003460306198647946,0.9838579128180722,0.5074840264590526
0.0003461606198647946,0.9841966746476531,0.5085012341904817
0.0003462906198647946,0.9841966746476531,0.5078230957028623
0.0003464206198647946,0.9838579128180722,0.5078230957028623
0.0003465506198647946,0.9845354364772342,0.508162164946672
0.0003466806198647946,0.985551721965977,0.5088403034342914
0.0003468106198647946,0.9845354364772342,0.5078230957028623
0.0003469406198647946,0.985212960136396,0.5088403034342914
0.0003470706198647946,0.985212960136396,0.5085012341904817
0.0003472006198647946,0.9862292456251388,0.5095184419219109
0.0003473306198647946,0.9865680074547197,0.5101965804095303
0.0003474606198647946,0.985551721965977,0.5101965804095303
0.0003475906198647946,0.9845354364772342,0.5095184419219109
0.0003477206198647946,0.9862292456251388,0.51053564965334
0.0003478506198647946,0.9882618166026245,0.5112137881409594
0.0003479806198647946,0.9899556257505291,0.5115528573847692
0.0003481106198647946,0.9916494348984337,0.5125700651161983
0.0003482406198647946,0.99029438758011,0.5132482036038177
0.0003483706198647946,0.9875842929434625,0.5122309958723886
0.0003485006198647946,0.9875842929434625,0.5115528573847692
0.0003486306198647946,0.9892781020913672,0.5118919266285789
0.0003487606198647946,0.99029438758011,0.5125700651161983
0.0003488906198647946,0.9923269585575957,0.5129091343600081
0.0003490206198647946,0.9930044822167575,0.5135872728476275
0.0003491506198647946,0.9940207677055003,0.5156216883104858
0.0003492806198647946,0.9940207677055003,0.5159607575542955
0.0003494106198647946,0.9936820058759194,0.5166388960419149
0.0003495406198647946,0.9930044822167575,0.5162998267981053
0.0003496706198647946,0.9936820058759194,0.5166388960419149
0.0003498006198647946,0.9936820058759194,0.5169779652857246
0.0003499306198647946,0.9940207677055003,0.5173170345295344
0.0003500606198647946,0.9940207677055003,0.5169779652857246
0.0003501906198647946,0.9943595295350812,0.5169779652857246
0.0003503206198647946,0.9946982913646621,0.517656103773344
0.0003504506198647946,0.9943595295350812,0.5183342422609635
0.0003505806198647946,0.9940207677055003,0.5183342422609635
0.0003507106198647946,0.9950370531942431,0.5190123807485829
0.0003508406198647946,0.9977471478308906,0.5193514499923927
0.0003509706198647946,0.9984246714900524,0.5193514499923927
0.0003511006198647946,0.9977471478308906,0.5186733115047732
0.0003512306198647946,0.9980859096604715,0.5190123807485829
0.0003513606198647946,0.9980859096604715,0.5190123807485829
0.0003514906198647946,0.9974083860013097,0.5186733115047732
0.0003516206198647946,0.9980859096604715,0.5193514499923927
0.0003517506198647946,0.9994409569787952,0.5200295884800121
0.0003518806198647946,0.9984246714900524,0.5203686577238218
0.0003520106198647946,0.9980859096604715,0.5200295884800121
0.0003521406198647946,0.9987634333196334,0.5200295884800121
0.0003522706198647946,1.000118480637957,0.5210467962114412
0.0003524006198647946,1.000118480637957,0.521385865455251
0.0003525306198647946,0.9997797188083761,0.521385865455251
0.0003526606198647946,0.9991021951492143,0.5203686577238218
0.0003527906198647946,0.9987634333196334,0.5200295884800121
0.0003529206198647946,0.9997797188083761,0.521385865455251
0.0003530506198647946,0.9984246714900524,0.5217249346990607
0.0003531806198647946,0.9987634333196334,0.5217249346990607
0.0003533106198647946,0.9987634333196334,0.5224030731866801
0.0003534406198647946,0.9997797188083761,0.5220640039428704
0.0003535706198647946,0.9991021951492143,0.5217249346990607
0.0003537006198647946,0.9984246714900524,0.5217249346990607
0.0003538306198647946,0.9984246714900524,0.5207077269676316
0.0003539606198647946,0.9994409569787952,0.5203686577238218
0.0003540906198647946,0.9997797188083761,0.5210467962114412
0.0003542206198647946,1.000118480637957,0.5207077269676316
0.0003543506198647946,1.000796004297119,0.521385865455251
0.0003544806198647946,0.9994409569787952,0.5220640039428704
0.0003546106198647946,0.9991021951492143,0.5217249346990607
0.0003547406198647946,0.9991021951492143,0.5217249346990607
0.0003548706198647946,0.9997797188083761,0.5210467962114412
0.0003550006198647946,0.9997797188083761,0.5210467962114412
0.0003551306198647946,1.000118480637957,0.5217249346990607
0.0003552606198647946,1.0011347661267,0.5240984194057288
0.0003553906198647946,1.001473527956281,0.5247765578933482
0.0003555206198647946,1.000118480637957,0.5234202809181093
0.0003556506198647946,1.000457242467538,0.5227421424304899
0.0003557806198647946,1.001473527956281,0.5224030731866801
0.0003559106198647946,1.000457242467538,0.5220640039428704
0.0003560406198647946,1.000118480637957,0.5220640039428704
0.0003561706198647946,0.9991021951492143,0.5210467962114412
0.0003563006198647946,0.9994409569787952,0.521385865455251
0.0003564306198647946,0.9997797188083761,0.5220640039428704
0.0003565606198647946,0.9991021951492143,0.5217249346990607
0.0003566906198647946,0.9994409569787952,0.5224030731866801
0.0003568206198647946,0.9987634333196334,0.5207077269676316
0.0003569506198647946,0.9977471478308906,0.5196905192362024
0.0003570806198647946,0.9977471478308906,0.5186733115047732
0.0003572106198647946,0.9970696241717287,0.5190123807485829
0.0003573406198647946,0.9974083860013097,0.5190123807485829
0.0003574706198647946,0.9967308623421478,0.5190123807485829
0.0003576006198647946,0.9963921005125669,0.5193514499923927
0.0003577306198647946,0.9963921005125669,0.5196905192362024
0.0003578606198647946,0.9963921005125669,0.5200295884800121
0.0003579906198647946,0.9963921005125669,0.5203686577238218
0.0003581206198647946,0.9957145768534049,0.5190123807485829
0.0003582506198647946,0.996053338682986,0.5186733115047732
0.0003583806198647946,0.9963921005125669,0.5179951730171538
0.0003585106198647946,0.9970696241717287,0.5186733115047732
0.0003586406198647946,0.9957145768534049,0.517656103773344
0.0003587706198647946,0.9943595295350812,0.5162998267981053
0.0003589006198647946,0.9940207677055003,0.5162998267981053
0.0003590306198647946,0.996053338682986,0.5179951730171538
0.0003591606198647946,0.996053338682986,0.5169779652857246
0.0003592906198647946,0.9977471478308906,0.517656103773344
0.0003594206198647946,0.996053338682986,0.5179951730171538
0.0003595506198647946,0.995375815023824,0.5169779652857246
0.0003596806198647946,0.9946982913646621,0.5173170345295344
0.0003598106198647946,0.9943595295350812,0.5166388960419149
0.0003599406198647946,0.9930044822167575,0.5149435498228664
0.0003600706198647946,0.9926657203871766,0.5146044805790566
0.0003602006198647946,0.9926657203871766,0.5146044805790566
0.0003603306198647946,0.9926657203871766,0.5146044805790566
0.0003604606198647946,0.9913106730688528,0.5146044805790566
0.0003605906198647946,0.99029438758011,0.5129091343600081
0.0003607206198647946,0.9896168639209482,0.5129091343600081
0.0003608506198647946,0.9889393402617863,0.5115528573847692
0.0003609806198647946,0.9889393402617863,0.5108747188971497
0.0003611106198647946,0.9889393402617863,0.5122309958723886
0.0003612406198647946,0.9892781020913672,0.5125700651161983
0.0003613706198647946,0.9875842929434625,0.51053564965334
0.0003615006198647946,0.9886005784322054,0.51053564965334
0.0003616306198647946,0.9892781020913672,0.5108747188971497
0.0003617606198647946,0.9879230547730434,0.5101965804095303
0.0003618906198647946,0.9858904837955579,0.5088403034342914
0.0003620206198647946,0.985551721965977,0.5088403034342914
0.0003621506198647946,0.9848741983068151,0.508162164946672
0.0003622806198647946,0.9845354364772342,0.5074840264590526
0.0003624106198647946,0.9848741983068151,0.5078230957028623
0.0003625406198647946,0.9845354364772342,0.5074840264590526
0.0003626706198647946,0.9831803891589104,0.5068058879714331
0.0003628006198647946,0.9835191509884913,0.5061277494838137
0.0003629306198647946,0.9818253418405867,0.505788680240004
0.0003630606198647946,0.9831803891589104,0.5061277494838137
0.0003631906198647946,0.9825028654997485,0.505788680240004
0.0003633206198647946,0.9811478181814248,0.5044324032647651
0.0003634506198647946,0.9801315326926819,0.5034151955333359
0.0003635806198647946,0.9794540090335201,0.5034151955333359
0.0003637106198647946,0.9777601998856155,0.5027370570457165
0.0003638406198647946,0.9767439143968727,0.502058918558097
0.0003639706198647946,0.9774214380560345,0.5023979878019068
0.0003641006198647946,0.9764051525672917,0.5007026415828582
0.0003642306198647946,0.9753888670785489,0.4993463646076193
0.0003643606198647946,0.9743725815898061,0.4983291568761901
0.0003644906198647946,0.9736950579306443,0.4986682261199998
0.0003646206198647946,0.9723400106123204,0.497311949144761
0.0003647506198647946,0.9720012487827395,0.4969728799009512
0.0003648806198647946,0.9716624869531586,0.497311949144761
0.0003650106198647946,0.9726787724419015,0.4976510183885707
0.0003651406198647946,0.9736950579306443,0.497311949144761
0.0003652706198647946,0.9730175342714824,0.4962947414133318
0.0003654006198647946,0.9716624869531586,0.4952775336819027
0.0003655306198647946,0.969968677805254,0.4935821874628541
0.0003656606198647946,0.9703074396348349,0.4929040489752347
0.0003657906198647946,0.9692911541460921,0.4932431182190444
0.0003659206198647946,0.9672585831686065,0.4915477719999958
0.0003660506198647946,0.9665810595094446,0.4908696335123763
0.0003661806198647946,0.9662422976798637,0.4908696335123763
0.0003663106198647946,0.9662422976798637,0.4908696335123763
0.0003664406198647946,0.9662422976798637,0.4901914950247569
0.0003665706198647946,0.9659035358502828,0.4895133565371375
0.0003667006198647946,0.96488725036154,0.4895133565371375
0.0003668306198647946,0.9638709648727971,0.4901914950247569
0.0003669606198647946,0.9625159175544734,0.4884961488057083
0.0003670906198647946,0.9614996320657306,0.4874789410742791
0.0003672206198647946,0.9608221084065687,0.4871398718304695
0.0003673506198647946,0.959467061088245,0.4844273178799917
0.0003674806198647946,0.9584507755995022,0.484088248636182
0.0003676106198647946,0.9567569664515975,0.4834101101485626
0.0003677406198647946,0.9550631573036928,0.4813756946857042
0.0003678706198647946,0.9530305863262072,0.4796803484666556
0.0003680006198647946,0.9537081099853691,0.4790022099790362
0.0003681306198647946,0.9530305863262072,0.4783240714914168
0.0003682606198647946,0.9523530626670453,0.4779850022476071
0.0003683906198647946,0.9513367771783026,0.4790022099790362
0.0003685206198647946,0.9513367771783026,0.4793412792228459
0.0003686506198647946,0.9516755390078835,0.4779850022476071
0.0003687806198647946,0.9513367771783026,0.4769677945161779
0.0003689106198647946,0.9503204916895598,0.4762896560285585
0.0003690406198647946,0.9499817298599789,0.4745943098095099
0.0003691706198647946,0.9482879207120741,0.4728989635904613
0.0003693006198647946,0.9469328733937504,0.4728989635904613
0.0003694306198647946,0.9455778260754267,0.4725598943466516
0.0003695606198647946,0.9432064932683601,0.470864548127603
0.0003696906198647946,0.9421902077796174,0.4712036173714127
0.0003698206198647946,0.9428677314387792,0.4698473403961739
0.0003699506198647946,0.9398188749725508,0.4681519941771253
0.0003700806198647946,0.9391413513133889,0.4657785094704572
0.0003702106198647946,0.9401576368021317,0.4657785094704572
0.0003703406198647946,0.9391413513133889,0.4651003709828378
0.0003704706198647946,0.9381250658246462,0.4647613017390281
0.0003706006198647946,0.9377863039950652,0.4637440940075989
0.0003707306198647946,0.9357537330175796,0.4630659555199795
0.0003708606198647946,0.9364312566767414,0.4630659555199795
0.0003709906198647946,0.9350762093584177,0.4613706093009309
0.0003711206198647946,0.9323661147217702,0.4593361938380726
0.0003712506198647946,0.9323661147217702,0.4593361938380726
0.0003713806198647946,0.9320273528921893,0.4603534015695018
0.0003715106198647946,0.9306723055738656,0.4600143323256921
0.0003716406198647946,0.9286397345963799,0.4579799168628337
0.0003717706198647946,0.928300972766799,0.4566236398875949
0.0003719006198647946,0.9266071636188944,0.4545892244247365
0.0003720306198647946,0.9252521163005706,0.4535720166933074
0.0003721606198647946,0.9228807834935041,0.4522157397180686
0.0003722906198647946,0.9228807834935041,0.45052039349902
0.0003724206198647946,0.9225420216639232,0.45052039349902
0.0003725506198647946,0.9218644980047612,0.45052039349902
0.0003726806198647946,0.9215257361751803,0.4498422550114005
0.0003728106198647946,0.918476879708952,0.446790631817113
0.0003729406198647946,0.918476879708952,0.4471297010609228
0.0003730706198647946,0.9164443087314663,0.4474687703047325
0.0003732006198647946,0.9154280232427235,0.4454343548418742
0.0003733306198647946,0.9140729759243997,0.4444171471104451
0.0003734606198647946,0.9140729759243997,0.4440780778666353
0.0003735906198647946,0.9123791667764951,0.4427218008913965
0.0003737206198647946,0.9106853576285905,0.4400092469409187
0.0003738506198647946,0.9113628812877523,0.439670177697109
0.0003739806198647946,0.9100078339694285,0.4393311084532993
0.0003741106198647946,0.9083140248215239,0.4376357622342507
0.0003742406198647946,0.9059426920144573,0.4356013467713924
0.0003743706198647946,0.9045876446961336,0.4345841390399632
0.0003745006198647946,0.902216311889067,0.4325497235771049
0.0003746306198647946,0.9015387882299052,0.4318715850894855
0.0003747606198647946,0.9001837409115815,0.4318715850894855
0.0003748906198647946,0.8991674554228387,0.4318715850894855
0.0003750206198647946,0.8984899317636768,0.4308543773580563
0.0003751506198647946,0.8964573607861912,0.428819961895198
0.0003752806198647946,0.897473646274934,0.4271246156761495
0.0003754106198647946,0.8964573607861912,0.4261074079447203
0.0003755406198647946,0.8951023134678675,0.4247511309694814
0.0003756706198647946,0.8934085043199628,0.4237339232380523
0.0003758006198647946,0.8927309806608009,0.4233948539942425
0.0003759306198647946,0.8920534570016391,0.4230557847504328
0.0003760606198647946,0.8903596478537343,0.4213604385313842
0.0003761906198647946,0.8883270768762488,0.4196650923123356
0.0003763206198647946,0.8866332677283441,0.4183088153370968
0.0003764506198647946,0.8852782204100204,0.4176306768494774
0.0003765806198647946,0.8832456494325348,0.4169525383618579
0.0003767106198647946,0.8832456494325348,0.4166134691180482
0.0003768406198647946,0.8815518402846301,0.4162743998742385
0.0003769706198647946,0.8801967929663064,0.4125446381923316
0.0003771006198647946,0.8785029838184016,0.4091539457542344
0.0003772306198647946,0.8781642219888207,0.4081367380228053
0.0003773606198647946,0.8771479365000779,0.4074585995351858
0.0003774906198647946,0.8744378418634304,0.4067804610475664
0.0003776206198647946,0.871727747226783,0.4054241840723275
0.0003777506198647946,0.8700339380788783,0.4040679070970886
0.0003778806198647946,0.8683401289309737,0.4033897686094692
0.0003780106198647946,0.8669850816126499,0.4030506993656595
0.0003781406198647946,0.8666463197830689,0.4023725608780401
0.0003782706198647946,0.8642749869760025,0.4003381454151818
0.0003784006198647946,0.8625811778280977,0.3986427991961332
0.0003785306198647946,0.8602098450210313,0.3962693144894651
0.0003786606198647946,0.8581772740435456,0.3935567605389874
0.0003787906198647946,0.8591935595322884,0.3942348990266068
0.0003789206198647946,0.8578385122139647,0.392878622051368
0.0003790506198647946,0.8547896557477362,0.3908442065885097
0.0003791806198647946,0.8537733702589935,0.3881316526380319
0.0003793106198647946,0.8520795611110888,0.3874535141504125
0.0003794406198647946,0.8517407992815079,0.3864363064189833
0.0003795706198647946,0.8490307046448604,0.3857581679313639
0.0003797006198647946,0.845981848178632,0.3837237524685056
0.0003798306198647946,0.8442880390307274,0.382028406249457
0.0003799606198647946,0.8432717535419845,0.3810111985180278
0.0003800906198647946,0.8442880390307274,0.3803330600304084
0.0003802206198647946,0.8425942298828226,0.3793158522989792
0.0003803506198647946,0.8402228970757561,0.3782986445675501
0.0003804806198647946,0.8392066115870133,0.3766032983485015
0.0003806106198647946,0.8368352787799468,0.3749079521294529
0.0003807406198647946,0.8348027078024611,0.3732126059104043
0.0003808706198647946,0.8327701368249756,0.3708391212037363
0.0003810006198647946,0.8310763276770708,0.3691437749846877
0.0003811306198647946,0.8297212803587471,0.3691437749846877
0.0003812606198647946,0.8300600421883281,0.368804705740878
0.0003813906198647946,0.8293825185291662,0.3681265672532586
0.0003815206198647946,0.8280274712108424,0.3654140133027808
0.0003816506198647946,0.825317376574195,0.3633795978399225
0.0003817806198647946,0.8239623292558712,0.3623623901084934
0.0003819106198647946,0.8232848055967094,0.3620233208646836
0.0003820406198647946,0.8209134727896429,0.3610061131332545
0.0003821706198647946,0.8178646163234145,0.3582935591827768
0.0003823006198647946,0.8168483308346717,0.3569372822075379
0.0003824306198647946,0.8158320453459288,0.355581005232299
0.0003825606198647946,0.8141382361980242,0.3535465897694407
0.0003826906198647946,0.8127831888797005,0.3521903127942018
0.0003828206198647946,0.8110893797317957,0.3504949665751533
0.0003829506198647946,0.8087180469247292,0.3491386895999144
0.0003830806198647946,0.8063467141176627,0.3474433433808658
0.0003832106198647946,0.8032978576514342,0.3454089279180075
0.0003833406198647946,0.8022815721626915,0.3440526509427686
0.0003834706198647946,0.8012652866739487,0.3423573047237201
0.0003836006198647946,0.799232715696463,0.339983820017052
0.0003837306198647946,0.7972001447189775,0.3382884737980034
0.0003838606198647946,0.7958450974006537,0.337610335310384
0.0003839906198647946,0.7931350027640062,0.3359149890913354
0.0003841206198647946,0.7917799554456825,0.3352368506037159
0.0003842506198647946,0.789408622638616,0.3355759198475257
0.0003843806198647946,0.789408622638616,0.3342196428722868
0.0003845106198647946,0.789069860809035,0.3308289504341896
0.0003846406198647946,0.7870372898315494,0.3298117427027605
0.0003847706198647946,0.7856822425132257,0.329133604215141
0.0003849006198647946,0.7826333860469973,0.3260819810208536
0.0003850306198647946,0.7802620532399307,0.3250647732894245
0.0003851606198647946,0.7768744349441213,0.3230303578265661
0.0003852906198647946,0.7758581494553786,0.3213350116075175
0.0003854206198647946,0.7755193876257976,0.3213350116075175
0.0003855506198647946,0.7728092929891501,0.3193005961446592
0.0003856806198647946,0.7717930075004074,0.3179443191694203
0.0003858106198647946,0.768405389204598,0.3152317652189426
0.0003859406198647946,0.7680666273750171,0.3121801420246552
0.0003860706198647946,0.7673891037158552,0.3115020035370357
0.0003862006198647946,0.7663728182271125,0.3108238650494163
0.0003863306198647946,0.763323961760884,0.3101457265617968
0.0003864606198647946,0.7602751052946556,0.3084503803427483
0.0003865906198647946,0.7592588198059128,0.3057378263922705
0.0003867206198647946,0.7575650106580081,0.3037034109294122
0.0003868506198647946,0.7551936778509416,0.3026862031979831
0.0003869806198647946,0.7534998687030369,0.3009908569789345
0.0003871106198647946,0.7504510122368085,0.2986173722722665
0.0003872406198647946,0.7487572030889038,0.2976001645408373
0.0003873706198647946,0.7457083466226754,0.2952266798341693
0.0003875006198647946,0.7443532993043517,0.2938704028589304
0.0003876306198647946,0.7436757756451898,0.2928531951275012
0.0003877606198647946,0.7416432046677042,0.2914969181522624
0.0003878906198647946,0.7396106336902186,0.2901406411770235
0.0003880206198647946,0.737239300883152,0.2881062257141652
0.0003881506198647946,0.7355454917352474,0.2864108794951166
0.0003882806198647946,0.732496635269019,0.2833592563008292
0.0003884106198647946,0.7301253024619524,0.2809857715941612
0.0003885406198647946,0.7284314933140478,0.2782732176436834
0.0003886706198647946,0.726737684166143,0.2772560099122542
0.0003888006198647946,0.7253826368478193,0.2758997329370154
0.0003889306198647946,0.7230113040407528,0.2745434559617765
0.0003890606198647946,0.7203012094041054,0.2728481097427279
0.0003891906198647946,0.7182686384266197,0.2704746250360599
0.0003893206198647946,0.7158973056195532,0.2687792788170113
0.0003894506198647946,0.7158973056195532,0.2677620710855821
0.0003895806198647946,0.7145422583012294,0.266744863354153
0.0003897106198647946,0.7135259728124866,0.2657276556227239
0.0003898406198647946,0.711832163664582,0.2640323094036753
0.0003899706198647946,0.7091220690279345,0.261997893940817
0.0003901006198647946,0.7067507362208679,0.2606416169655781
0.0003902306198647946,0.7033631179250586,0.2589462707465295
0.0003903606198647946,0.7003142614588302,0.2562337167960518
0.0003904906198647946,0.6989592141405064,0.2552165090646226
0.0003906206198647946,0.6986204523109255,0.2548774398208129
0.0003907506198647946,0.6955715958446971,0.2528430243579546
0.0003908806198647946,0.6935390248672115,0.2497914011636671
0.0003910106198647946,0.6915064538897259,0.2477569857008088
0.0003911406198647946,0.6891351210826594,0.24640070872557
0.0003912706198647946,0.6864250264460119,0.2433490855312825
0.0003914006198647946,0.6840536936389453,0.2419928085560436
0.0003915306198647946,0.6830374081502025,0.2399583930931853
0.0003916606198647946,0.6823598844910407,0.2389411853617562
0.0003917906198647946,0.6782947425360695,0.2369067698988979
0.0003919206198647946,0.6745683624106792,0.2338551467046104
0.0003920506198647946,0.6732133150923555,0.2314816619979424
0.0003921806198647946,0.6711807441148698,0.230803523510323
0.0003923106198647946,0.6681318876486414,0.2301253850227035
0.0003924406198647946,0.6650830311824131,0.2280909695598452
0.0003925706198647946,0.6637279838640893,0.2260565540969869
0.0003927006198647946,0.6616954128866037,0.2250393463655578
0.0003928306198647946,0.660001603738699,0.2226658616588897
0.0003929606198647946,0.6583077945907944,0.2209705154398411
0.0003930906198647946,0.6562752236133087,0.2189360999769828
0.0003932206198647946,0.6528876053174993,0.217579823001744
0.0003933506198647946,0.6511937961695947,0.2148672690512662
0.0003934806198647946,0.6494999870216901,0.2138500613198371
0.0003936106198647946,0.6471286542146235,0.211476576613169
0.0003937406198647946,0.6461123687258807,0.2094421611503108
0.0003938706198647946,0.6440797977483951,0.2084249534188816
0.0003940006198647946,0.6423859886004905,0.2063905379560233
0.0003941306198647946,0.6406921794525857,0.204356122493165
0.0003942606198647946,0.6379820848159383,0.2026607762741164
0.0003943906198647946,0.6362882756680336,0.2016435685426872
0.0003945206198647946,0.6329006573722242,0.1996091530798289
0.0003946506198647946,0.6305293245651578,0.1975747376169706
0.0003947806198647946,0.628835515417253,0.1972356683731609
0.0003949106198647946,0.6257866589510247,0.1952012529103026
0.0003950406198647946,0.6247703734622818,0.1921496297160152
0.0003951706198647946,0.6207052315073106,0.1901152142531568
0.0003953006198647946,0.6200277078481488,0.1890980065217277
0.0003954306198647946,0.6179951368706632,0.1870635910588694
0.0003955606198647946,0.6159625658931775,0.1853682448398208
0.0003956906198647946,0.613591233086111,0.1846901063522013
0.0003958206198647946,0.6118974239382063,0.1833338293769625
0.0003959506198647946,0.6095260911311398,0.1816384831579139
0.0003960806198647946,0.6061384728353304,0.1789259292074362
0.0003962106198647946,0.6027508545395212,0.1768915137445778
0.0003963406198647946,0.6013958072211973,0.1745180290379098
0.0003964706198647946,0.6000407599028736,0.1721445443312418
0.0003966006198647946,0.5966531416070643,0.1701101288683835
0.0003967306198647946,0.5932655233112549,0.1684147826493349
0.0003968606198647946,0.5919104759929312,0.1680757134055252
0.0003969906198647946,0.5902166668450265,0.1660412979426669
0.0003971206198647946,0.5861515248900553,0.1640068824798086
0.0003972506198647946,0.5834414302534079,0.16231153626076
0.0003973806198647946,0.5820863829350841,0.1612943285293308
0.0003975106198647946,0.5793762882984367,0.1595989823102822
0.0003976406198647946,0.5770049554913701,0.1572254976036142
0.0003977706198647946,0.5746336226843035,0.1551910821407559
0.0003979006198647946,0.5715847662180752,0.1531566666778976
0.0003980306198647946,0.5692134334110086,0.1507831819712296
0.0003981606198647946,0.5661645769447802,0.1484096972645616
0.0003982906198647946,0.5648095296264565,0.1473924895331324
0.0003984206198647946,0.5641320059672946,0.1463752818017033
0.0003985506198647946,0.5624381968193899,0.1446799355826547
0.0003986806198647946,0.5587118166939996,0.1412892431445575
0.0003988106198647946,0.557018007546095,0.1389157584378895
0.0003989406198647946,0.5543079129094475,0.1372204122188409
0.0003990706198647946,0.5509202946136381,0.135864135243602
0.0003992006198647946,0.5488877236361526,0.1341687890245534
0.0003993306198647946,0.5461776289995051,0.1328125120493146
0.0003994606198647946,0.5451613435107623,0.1317953043178854
0.0003995906198647946,0.5410962015557911,0.1297608888550271
0.0003997206198647946,0.5400799160670483,0.1280655426359785
0.0003998506198647946,0.5377085832599817,0.1263701964169299
0.0003999806198647946,0.5353372504529151,0.1239967117102619
0.0004001106198647946,0.5329659176458487,0.122640434735023
0.0004002406198647946,0.5302558230092012,0.1212841577597842
0.0004003706198647946,0.5272069665429727,0.1199278807845453
0.0004005006198647946,0.5255131573950681,0.1185716038093064
0.0004006306198647946,0.5217867772696778,0.1172153268340676
0.0004007606198647946,0.5187379208034494,0.1151809113712093
0.0004008906198647946,0.5156890643372209,0.1141637036397801
0.0004010206198647946,0.5133177315301545,0.1117902189331121
0.0004011506198647946,0.5095913514047642,0.1087385957388246
0.0004012806198647946,0.5075587804272785,0.1080604572512052
0.0004014106198647946,0.5078975422568595,0.1063651110321566
0.0004015406198647946,0.5058649712793739,0.1050088340569177
0.0004016706198647946,0.5021385911539836,0.1036525570816789
0.0004018006198647946,0.4984122110285934,0.1012790723750108
0.0004019306198647946,0.4963796400511078,0.0989055876683428
0.0004020606198647946,0.4946858309032031,0.09653210296167479
0.0004021906198647946,0.4926532599257175,0.09619303371786507
0.0004023206198647946,0.4919757362665556,0.09449768749881647
0.0004024506198647946,0.4879105943115844,0.09381954901119705
0.0004025806198647946,0.4845229760157751,0.09144606430452902
0.0004027106198647946,0.4818128813791276,0.089072579597861
0.0004028406198647946,0.479780310401642,0.08805537186643185
0.0004029706198647946,0.4774089775945755,0.08636002564738325
0.0004031006198647946,0.474360121128347,0.08568188715976383
0.0004032306198647946,0.4730050738100233,0.08636002564738325
0.0004033606198647946,0.4713112646621186,0.08568188715976383
0.0004034906198647946,0.469617455514214,0.08093491774642778
0.0004036206198647946,0.4672461227071474,0.07890050228356947
0.0004037506198647946,0.4648747899000809,0.07720515606452089
0.0004038806198647946,0.4618259334338525,0.07550980984547229
0.0004040106198647946,0.458777076967624,0.0738144636264237
0.0004041406198647946,0.4557282205013957,0.07245818665118484
0.0004042706198647946,0.4523406022055863,0.07076284043213625
0.0004044006198647947,0.448614222080196,0.06872842496927795
0.0004045306198647946,0.4475979365914532,0.06635494026260992
0.0004046606198647946,0.4459041274435486,0.06567680177499048
0.0004047906198647946,0.4418389854885774,0.06432052479975162
0.0004049206198647946,0.4401451763406727,0.06330331706832246
0.0004050506198647946,0.4367575580448633,0.06160797084927387
0.0004051806198647946,0.433369939749054,0.05991262463022529
0.0004053106198647946,0.4303210832828256,0.05889541689879614
0.0004054406198647947,0.4286272741349209,0.05753913992355726
0.0004055706198647946,0.4255784176686925,0.05686100143593784
0.0004057006198647946,0.4225295612024641,0.05448751672926981
0.0004058306198647946,0.4211745138841403,0.05313123975403093
0.0004059606198647946,0.4194807047362357,0.05143589353498235
0.0004060906198647946,0.4147380391221026,0.05007961655974348
0.0004062206198647946,0.412705468144617,0.04940147807212404
0.0004063506198647946,0.4106728971671314,0.04770613185307546
0.0004064806198647947,0.4089790880192267,0.04634985487783658
0.0004066106198647947,0.4066077552121602,0.04601078563402687
0.0004067406198647946,0.4032201369163508,0.04567171639021715
0.0004068706198647946,0.3998325186205415,0.04431543941497827
0.0004070006198647946,0.3961061384951512,0.04194195470831026
0.0004071306198647946,0.3930572820289228,0.03990753924545196
0.0004072606198647946,0.3923797583697609,0.0388903315140228
0.0004073906198647946,0.3883146164147897,0.03821219302640336
0.0004075206198647946,0.3862820454373041,0.03685591605116449
0.0004076506198647947,0.3852657599485613,0.03549963907592563
0.0004077806198647946,0.3828944271414947,0.03583870831973533
0.0004079106198647946,0.3781517615273617,0.03516056983211591
0.0004080406198647946,0.3751029050611333,0.03380429285687703
0.0004081706198647946,0.3740866195723905,0.03278708512544788
0.0004083006198647946,0.3703602394470002,0.03278708512544788
0.0004084306198647946,0.3673113829807718,0.03210894663782844
0.0004085606198647946,0.3652788120032862,0.03109173890639929
0.0004086906198647947,0.3615524318778959,0.0293963926873507
0.0004088206198647946,0.3585035754116675,0.02804011571211183
0.0004089506198647946,0.356132242604601,0.02634476949306325
0.0004090806198647946,0.3534221479679535,0.02532756176163409
0.0004092106198647946,0.3513895769904679,0.02431035403020494
0.0004093406198647946,0.3480019586946586,0.02329314629877579
0.0004094706198647946,0.3459693877171729,0.02261500781115635
0.0004096006198647946,0.3432592930805254,0.02091966159210776
0.0004097306198647947,0.3408879602734589,0.02058059234829805
0.0004098606198647946,0.3395329129551352,0.01922431537305918
0.0004099906198647946,0.3361452946593258,0.01888524612924946
0.0004101206198647946,0.3337739618522593,0.01854617688543974
0.0004102506198647946,0.3307251053860309,0.01685083066639115
0.0004103806198647946,0.3280150107493834,0.01549455369115228
0.0004105106198647946,0.3239498687944122,0.01515548444734257
0.0004106406198647946,0.3205622504986028,0.01481641520353285
0.0004107706198647947,0.3185296795211172,0.0137992074721037
0.0004109006198647947,0.3171746322027935,0.0137992074721037
0.0004110306198647946,0.3151420612253079,0.01346013822829398
0.0004111606198647946,0.3117544429294986,0.01346013822829398
0.0004112906198647946,0.3080280628041083,0.01244293049686482
0.0004114206198647946,0.3039629208491371,0.01108665352162595
0.0004115506198647946,0.3012528262124896,0.01142572276543567
0.0004116806198647946,0.2995590170645849,0.01040851503400652
0.0004118106198647946,0.2965101605983565,0.006678753352099625
0.0004119406198647947,0.2948163514504518,0.005661545620670473
0.0004120706198647946,0.2910899713250615,0.007017822595909344
0.0004122006198647946,0.2883798766884141,0.008713168814957931
0.0004123306198647946,0.2853310202221856,0.008713168814957931
0.0004124606198647946,0.2816046400967954,0.009052238058767649
0.0004125906198647946,0.2805883546080526,0.008374099571148213
0.0004127206198647946,0.2782170218009861,0.006678753352099625
0.0004128506198647946,0.2772007363122432,0.007017822595909344
0.0004129806198647947,0.2758456889939195,0.006339684108289908
0.0004131106198647946,0.273474356186853,0.00600061486448019
0.0004132406198647946,0.2690704524023008,0.006678753352099625
0.0004133706198647946,0.2653440722769105,0.006339684108289908
0.0004135006198647946,0.262972739469844,0.005661545620670473
0.0004136306198647946,0.2602626448331966,0.005661545620670473
0.0004137606198647946,0.2555199792190634,0.004305268645431602
0.0004138906198647946,0.252809884582416,0.00328806091400245
0.0004140206198647947,0.2500997899457685,0.00328806091400245
0.0004141506198647946,0.2470509334795401,0.002948991670192732
0.0004142806198647946,0.2446796006724735,0.002270853182573297
0.0004144106198647946,0.2419695060358261,0.002948991670192732
0.0004145406198647946,0.2379043640808549,0.003627130157812168
0.0004146706198647946,0.2345167457850455,0.003627130157812168
0.0004148006198647946,0.2314678893188171,0.002609922426383015
0.0004149306198647946,0.2304516038300743,0.002948991670192732
0.0004150606198647946,0.2274027473638459,0.002948991670192732
0.0004151906198647947,0.2274027473638459,0.002948991670192732
0.0004153206198647946,0.2246926527271984,0.002609922426383015
0.0004154506198647946,0.2213050344313891,0.002270853182573297
0.0004155806198647946,0.2189337016243225,0.00193178393876358
0.0004157106198647946,0.2155460833285132,0.0002364377197149915
0.0004158406198647946,0.2121584650327039,-0.0007807700117141612
0.0004159706198647946,0.2084320849073136,0.0002364377197149915
0.0004161006198647946,0.2053832284410852,-0.0007807700117141612
0.0004162306198647947,0.2019956101452758,-0.0007807700117141612
0.0004163606198647946,0.200979324656533,-0.0001026315240947261
0.0004164906198647946,0.1996242773382093,0.0005755069635247092
0.0004166206198647946,0.1955591353832381,0.0005755069635247092
0.0004167506198647946,0.1925102789170096,0.00193178393876358
0.0004168806198647946,0.1884451369620384,0.001592714694953862
0.0004170106198647946,0.18539628049581,0.001592714694953862
0.0004171406198647946,0.1826861858591625,0.001592714694953862
0.0004172706198647947,0.1806536148816769,0.001253645451144144
0.0004174006198647946,0.1772659965858676,0.0005755069635247092
0.0004175306198647946,0.175233425608382,0.0002364377197149915
0.0004176606198647946,0.1718458073125727,-0.0001026315240947261
0.0004177906198647946,0.1687969508463442,-0.0001026315240947261
0.0004179206198647946,0.1643930470617921,-0.001119839255523879
0.0004180506198647946,0.1606666669364018,-0.0001026315240947261
0.0004181806198647946,0.159650381447659,-0.0001026315240947261
0.0004183106198647947,0.1552464776631069,-0.0004417007679044436
0.0004184406198647947,0.1525363830264594,-0.001797977743143314
0.0004185706198647946,0.1508425738785547,-0.002815185474572467
0.0004187006198647946,0.1474549555827454,-0.001458908499333596
0.0004188306198647946,0.1447448609460979,0.0005755069635247092
0.0004189606198647946,0.1396634335023839,0.0002364377197149915
0.0004190906198647946,0.1372921006953174,-0.0001026315240947261
0.0004192206198647946,0.1359370533769936,-0.0007807700117141612
0.0004193506198647946,0.1345820060586699,-0.0007807700117141612
0.0004194806198647947,0.1311943877628605,0.0002364377197149915
0.0004196106198647946,0.1284842931262131,0.0005755069635247092
0.0004197406198647946,0.1264517221487275,-0.001119839255523879
0.0004198706198647946,0.1230641038529181,-0.0007807700117141612
0.0004200006198647946,0.1193377237275278,0.0002364377197149915
0.0004201306198647946,0.1173051527500422,-0.0004417007679044436
0.0004202606198647946,0.1152725817725566,-0.0001026315240947261
0.0004203906198647946,0.1122237253063282,0.002609922426383015
0.0004205206198647947,0.1091748688400998,0.004305268645431602
0.0004206506198647946,0.1064647742034523,0.0005755069635247092
0.0004207806198647946,0.1020608704189002,-0.0004417007679044436
0.0004209106198647946,0.09833449029350991,-0.001458908499333596
0.0004210406198647946,0.09664068114560523,-0.001119839255523879
0.0004211706198647946,0.09494687199770056,-0.0007807700117141612
0.0004213006198647946,0.09189801553147214,-0.001119839255523879
0.0004214306198647946,0.0885103972356628,-0.001797977743143314
0.0004215606198647947,0.08546154076943439,-0.002476116230762749
0.0004216906198647946,0.08275144613278693,-0.002476116230762749
0.0004218206198647946,0.07902506600739664,-0.001119839255523879
0.0004219506198647946,0.07597620954116824,-0.001458908499333596
0.0004220806198647946,0.07326611490452076,-0.001797977743143314
0.0004222106198647946,0.06987849660871141,-0.001119839255523879
0.0004223406198647946,0.06784592563122581,0.0005755069635247092
0.0004224706198647946,0.06547459282415927,-0.0007807700117141612
0.0004226006198647947,0.06310326001709272,-0.001119839255523879
0.0004227306198647947,0.05971564172128338,-0.0001026315240947261
0.0004228606198647946,0.05836059440295964,-0.0001026315240947261
0.0004229906198647946,0.0559892615958931,-0.001458908499333596
0.0004231206198647946,0.05327916695924563,-0.001458908499333596
0.0004232506198647946,0.05192411964092189,-0.001119839255523879
0.0004233806198647946,0.0471814540267888,0.0002364377197149915
0.0004235106198647946,0.04447135939014134,0.0005755069635247092
0.0004236406198647946,0.04142250292391293,0.0009145762073344267
0.0004237706198647947,0.03769612279852265,0.0002364377197149915
0.0004239006198647946,0.03498602816187517,-0.0001026315240947261
0.0004240306198647946,0.03092088620690396,-0.0007807700117141612
0.0004241606198647946,0.02719450608151368,-0.0007807700117141612
0.0004242906198647946,0.02211307863779967,-0.0004417007679044436
0.0004244206198647946,0.01872546034199032,-0.0007807700117141612
0.0004245506198647946,0.01804793668282845,-0.001119839255523879
0.0004246806198647946,0.01432155655743818,-0.002137046986953032
0.0004248106198647947,0.01195022375037164,-0.002476116230762749
0.0004249406198647946,0.009240129113724162,-0.002476116230762749
0.0004250706198647946,0.007207558136238556,-0.002137046986953032
0.0004252006198647946,0.005513748988333884,-0.002476116230762749
0.0004253306198647946,0.003142416181267343,-0.001458908499333596
0.0004254606198647946,0.001448607033362672,-0.001458908499333596
0.0004255906198647946,-0.002616534921608541,-0.002137046986953032
0.0004257206198647946,-0.004987867728675081,-0.001458908499333596
0.0004258506198647947,-0.009053009683646293,-0.0004417007679044436
0.0004259806198647946,-0.01311815163861751,0.0005755069635247092
0.0004261106198647946,-0.01548948444568405,-0.0007807700117141612
0.0004262406198647946,-0.01921586457107433,-0.001458908499333596
0.0004263706198647946,-0.02158719737814086,-0.002137046986953032
0.0004265006198647946,-0.02429729201478834,-0.002137046986953032
0.0004266306198647946,-0.02497481567395021,-0.002137046986953032
0.0004267606198647946,-0.02836243396975955,-0.001797977743143314
0.0004268906198647946,-0.0317500522655689,-0.001797977743143314
0.0004270206198647947,-0.03581519422054011,-0.001458908499333596
0.0004271506198647946,-0.03852528885718759,-0.001119839255523879
0.0004272806198647946,-0.04123538349383506,-0.001119839255523879
0.0004274106198647946,-0.04631681093754908,-0.001458908499333596
0.0004275406198647946,-0.04970442923335841,-0.001119839255523879
0.0004276706198647946,-0.05241452387000589,-0.001119839255523879
0.0004278006198647946,-0.05478585667707243,-0.00518867018124049
0.0004279306198647946,-0.0554633803362343,-0.004510531693621055
0.0004280606198647947,-0.06054480777994832,-0.0007807700117141612
0.0004281906198647946,-0.06291614058701485,-0.001797977743143314
0.0004283206198647946,-0.06596499705324327,-0.0007807700117141612
0.0004284506198647946,-0.0683363298603098,-0.0001026315240947261
0.0004285806198647946,-0.07138518632653822,-0.001119839255523879
0.0004287106198647946,-0.07307899547444288,-0.001458908499333596
0.0004288406198647946,-0.07646661377025223,-0.002137046986953032
0.0004289706198647946,-0.08019299389564251,-0.002476116230762749
0.0004291006198647947,-0.08324185036187091,-0.001119839255523879
0.0004292306198647946,-0.08662946865768026,-0.001458908499333596
0.0004293606198647946,-0.08933956329432774,-0.001458908499333596
0.0004294906198647946,-0.09069461061265147,-0.001119839255523879
0.0004296206198647946,-0.09238841976055615,-0.002137046986953032
0.0004297506198647946,-0.09679232354510829,-0.002137046986953032
0.0004298806198647946,-0.09916365635217483,-0.002815185474572467
0.0004300106198647946,-0.1005187036704986,-0.002137046986953032
0.0004301406198647947,-0.1052613692846316,-0.001797977743143314
0.0004302706198647947,-0.1079714639212791,-0.001119839255523879
0.0004304006198647946,-0.1106815585579266,-0.001797977743143314
0.0004305306198647946,-0.1150854623424787,-0.001119839255523879
0.0004306606198647946,-0.1184730806382881,-0.0004417007679044436
0.0004307906198647946,-0.1205056516157737,-0.0007807700117141612
0.0004309206198647946,-0.1211831752749356,-0.0004417007679044436
0.0004310506198647946,-0.124232031741164,-0.002137046986953032
0.0004311806198647946,-0.1279584118665542,-0.0004417007679044436
0.0004313106198647947,-0.128974697355297,-0.001119839255523879
0.0004314406198647946,-0.1323623156511064,-0.002476116230762749
0.0004315706198647946,-0.1357499339469157,-0.002815185474572467
0.0004317006198647946,-0.1381212667539823,-0.002137046986953032
0.0004318306198647946,-0.1421864087089535,-0.002815185474572467
0.0004319606198647946,-0.1459127888343438,-0.002137046986953032
0.0004320906198647946,-0.1476065979822485,-0.001458908499333596
0.0004322206198647946,-0.1509942162780578,-0.0004417007679044436
0.0004323506198647947,-0.1537043109147053,-0.0001026315240947261
0.0004324806198647946,-0.1574306910400955,-0.0007807700117141612
0.0004326106198647946,-0.1598020238471621,-0.0001026315240947261
0.0004327406198647946,-0.1608183093359049,0.001253645451144144
0.0004328706198647946,-0.1628508803133905,0.0002364377197149915
0.0004330006198647946,-0.1675935459275236,-0.0004417007679044436
0.0004331306198647946,-0.1713199260529139,-0.001458908499333596
0.0004332606198647946,-0.1736912588599804,-0.001458908499333596
0.0004333906198647947,-0.1764013534966279,-0.001458908499333596
0.0004335206198647946,-0.1780951626445325,-0.002137046986953032
0.0004336506198647946,-0.1797889717924372,-0.002137046986953032
0.0004337806198647946,-0.1831765900882465,-0.002137046986953032
0.0004339106198647946,-0.1865642083840559,-0.001458908499333596
0.0004340406198647946,-0.1899518266798652,-0.001797977743143314
0.0004341706198647946,-0.1923231594869318,-0.002137046986953032
0.0004343006198647946,-0.1950332541235792,-0.002137046986953032
0.0004344306198647947,-0.1987596342489695,-0.001797977743143314
0.0004345606198647947,-0.201469728885617,-0.001119839255523879
0.0004346906198647946,-0.2028247762039407,-0.001119839255523879
0.0004348206198647946,-0.206551156329331,-0.001119839255523879
0.0004349506198647946,-0.2099387746251404,-0.001797977743143314
0.0004350806198647946,-0.2112938219434641,-0.001797977743143314
0.0004352106198647946,-0.2150202020688544,-0.001119839255523879
0.0004353406198647946,-0.2177302967055019,-0.002815185474572467
0.0004354706198647946,-0.2204403913421493,-0.002815185474572467
0.0004356006198647947,-0.2238280096379587,-0.001797977743143314
0.0004357306198647946,-0.2289094370816727,-0.001119839255523879
0.0004358606198647946,-0.2312807698887392,-0.001797977743143314
0.0004359906198647946,-0.2319582935479011,-0.001119839255523879
0.0004361206198647946,-0.2353459118437105,-0.0004417007679044436
0.0004362506198647946,-0.2390722919691007,-0.0004417007679044436
0.0004363806198647946,-0.2431374339240719,-0.001119839255523879
0.0004365106198647946,-0.2448312430719766,-0.002137046986953032
0.0004366406198647947,-0.2455087667311385,-0.002137046986953032
0.0004367706198647946,-0.248218861367786,-0.001119839255523879
0.0004369006198647946,-0.2516064796635953,-0.0004417007679044436
0.0004370306198647946,-0.2519452414931762,-0.001119839255523879
0.0004371606198647946,-0.2546553361298237,-0.001119839255523879
0.0004372906198647946,-0.258042954425633,-0.001458908499333596
0.0004374206198647946,-0.2614305727214424,-0.001458908499333596
0.0004375506198647946,-0.2644794291876708,-0.001458908499333596
0.0004376806198647947,-0.2678670474834801,-0.0004417007679044436
0.0004378106198647946,-0.2705771421201276,-0.0004417007679044436
0.0004379406198647946,-0.2743035222455179,-0.0007807700117141612
0.0004380706198647946,-0.2780299023709082,-0.001119839255523879
0.0004382006198647946,-0.2810787588371366,-0.0001026315240947261
0.0004383306198647946,-0.2837888534737841,-0.001119839255523879
0.0004384606198647946,-0.2868377099400125,-0.001458908499333596
0.0004385906198647946,-0.2885315190879171,-0.001458908499333596
0.0004387206198647947,-0.2905640900654027,-0.001119839255523879
0.0004388506198647947,-0.2925966610428883,-0.002137046986953032
0.0004389806198647946,-0.2956455175091168,-0.002137046986953032
0.0004391106198647946,-0.2983556121457642,-0.001797977743143314
0.0004392406198647946,-0.3010657067824117,-0.001797977743143314
0.0004393706198647946,-0.3030982777598973,-0.002476116230762749
0.0004395006198647946,-0.3054696105669639,-0.002476116230762749
0.0004396306198647946,-0.3091959906923542,-0.002137046986953032
0.0004397606198647946,-0.3129223708177444,-0.001797977743143314
0.0004398906198647947,-0.3156324654543919,-0.001119839255523879
0.0004400206198647946,-0.320036369238944,-0.0004417007679044436
0.0004401506198647946,-0.3210526547276868,-0.0001026315240947261
0.0004402806198647946,-0.3230852257051725,-0.001119839255523879
0.0004404106198647946,-0.3268116058305627,-0.001119839255523879
0.0004405406198647946,-0.3295217004672102,-0.001797977743143314
0.0004406706198647946,-0.3342643660813433,-0.001119839255523879
0.0004408006198647946,-0.3369744607179908,-0.0007807700117141612
0.0004409306198647947,-0.3390070316954764,-0.0004417007679044436
0.0004410606198647946,-0.341039602672962,-0.0007807700117141612
0.0004411906198647946,-0.3417171263321238,-0.001458908499333596
0.0004413206198647946,-0.3454435064575141,-0.0004417007679044436
0.0004414506198647946,-0.3478148392645807,-0.001458908499333596
0.0004415806198647946,-0.3498474102420663,-0.0007807700117141612
0.0004417106198647946,-0.3535737903674565,-0.001119839255523879
0.0004418406198647946,-0.3573001704928468,-0.001119839255523879
0.0004419706198647947,-0.3589939796407515,-0.001119839255523879
0.0004421006198647947,-0.3606877887886561,0.0009145762073344267
0.0004422306198647946,-0.3647529307436274,0.002270853182573297
0.0004423606198647946,-0.366446739891532,0.0002364377197149915
0.0004424906198647946,-0.3698343581873414,0.0002364377197149915
0.0004426206198647946,-0.3708506436760842,-0.0001026315240947261
0.0004427506198647946,-0.3735607383127317,0.0005755069635247092
0.0004428806198647946,-0.376948356608541,0.0005755069635247092
0.0004430106198647946,-0.3786421657564457,-0.0001026315240947261
0.0004431406198647947,-0.3844011168593215,-0.0004417007679044436
0.0004432706198647946,-0.38744997332555,-0.0007807700117141612
0.0004434006198647946,-0.3894825443030356,-0.001119839255523879
0.0004435306198647946,-0.3911763534509403,-0.0007807700117141612
0.0004436606198647946,-0.3932089244284259,-0.0004417007679044436
0.0004437906198647946,-0.3959190190650733,-0.0007807700117141612
0.0004439206198647946,-0.3993066373608827,-0.001119839255523879
0.0004440506198647946,-0.4020167319975301,-0.0007807700117141612
0.0004441806198647947,-0.4033717793158539,-0.001458908499333596
0.0004443106198647946,-0.4043880648045967,-0.001119839255523879
0.0004444406198647946,-0.4050655884637586,-0.001119839255523879
0.0004445706198647946,-0.4098082540778916,-0.0007807700117141612
0.0004447006198647946,-0.4135346342032819,-0.0007807700117141612
0.0004448306198647946,-0.4175997761582531,-0.0001026315240947261
0.0004449606198647946,-0.4203098707949006,-0.0001026315240947261
0.0004450906198647946,-0.4230199654315481,-0.0007807700117141612
0.0004452206198647947,-0.4257300600681956,-0.0004417007679044436
0.0004453506198647946,-0.4281013928752621,-0.0001026315240947261
0.0004454806198647946,-0.4308114875119096,-0.0007807700117141612
0.0004456106198647946,-0.4325052966598142,-0.001797977743143314
0.0004457406198647946,-0.4365704386147854,-0.001119839255523879
0.0004458706198647946,-0.4379254859331092,-0.0007807700117141612
0.0004460006198647946,-0.4402968187401757,-0.0007807700117141612
0.0004461306198647946,-0.4436844370359851,-0.001797977743143314
0.0004462606198647947,-0.4467332935022135,-0.001797977743143314
0.0004463906198647947,-0.4504596736276038,-0.001119839255523879
0.0004465206198647946,-0.4538472919234131,0.0002364377197149915
0.0004466506198647946,-0.4568961483896415,-0.0007807700117141612
0.0004467806198647946,-0.4572349102192225,-0.0007807700117141612
0.0004469106198647946,-0.4592674811967081,-0.001797977743143314
0.0004470406198647946,-0.4609612903446128,-0.001458908499333596
0.0004471706198647946,-0.4633326231516793,-0.001797977743143314
0.0004473006198647946,-0.4660427177883267,-0.001458908499333596
0.0004474306198647947,-0.4704466215728789,-0.002137046986953032
0.0004475606198647946,-0.4738342398686882,-0.001119839255523879
0.0004476906198647946,-0.4758668108461738,-0.0004417007679044436
0.0004478206198647946,-0.4778993818236594,-0.0007807700117141612
0.0004479506198647946,-0.4806094764603069,-0.001119839255523879
