Time (s),Channel 1 (V),Channel 2 (V)
-0.00053243125,0.6999754996292493,0.06432052479975162
-0.00053230125,0.7030243560954776,0.06533773253118076
-0.00053217125,0.7050569270729633,0.0660158710188002
-0.00053204125,0.7053956889025442,0.06669400950641964
-0.00053191125,0.7070894980504481,0.06601587101880051
-0.00053178125,0.7097995926870951,0.06669400950641934
-0.0005316512499999999,0.713187210982907,0.06703307875022935
-0.0005315212499999999,0.7162360674491348,0.0670330787502298
-0.00053139125,0.7175911147674578,0.06805028648165851
-0.00053126125,0.7192849239153626,0.06974563270070709
-0.00053113125,0.7209787330632672,0.06974563270070709
-0.00053100125,0.7236888276999147,0.07008470194451681
-0.00053087125,0.7253826368478193,0.07008470194451681
-0.00053074125,0.7253826368478193,0.07042377118832638
-0.00053061125,0.7284314933140464,0.0707628404321361
-0.0005304812499999999,0.7321578734394382,0.07008470194451774
-0.00053035125,0.732496635269019,0.07211911740737512
-0.00053022125,0.737239300883152,0.07110190967594597
-0.00053009125,0.7369005390535711,0.07313632513880428
-0.00052996125,0.7392718718606377,0.07347539438261398
-0.00052983125,0.7396106336902186,0.07415353287023342
-0.00052970125,0.740626919178961,0.07415353287023342
-0.00052957125,0.7440145374747692,0.07347539438261429
-0.0005294412499999999,0.7474021557705812,0.07381446362642416
-0.00052931125,0.7497734885776473,0.07483167135785364
-0.00052918125,0.7511285358959704,0.07652701757690145
-0.00052905125,0.7521448213847132,0.07686608682071117
-0.00052892125,0.7541773923621987,0.07822236379595003
-0.00052879125,0.7565487251692653,0.07822236379595003
-0.00052866125,0.7575650106580076,0.0785614330397596
-0.00052853125,0.7595975816354928,0.07822236379595018
-0.0005284012499999999,0.7616301526129806,0.07822236379595034
-0.0005282712499999999,0.7646790090792077,0.07890050228356962
-0.00052814125,0.7646790090792077,0.07923957152737919
-0.00052801125,0.7670503418862743,0.08059584850261806
-0.00052788125,0.7677278655454362,0.08093491774642778
-0.00052775125,0.7707767220116646,0.08025677925880834
-0.00052762125,0.773825578477893,0.08025677925880834
-0.00052749125,0.7755193876257969,0.08296933320928485
-0.0005273612499999999,0.7775519586032831,0.08059584850261836
-0.0005272312499999999,0.7772131967737034,0.08127398699023719
-0.00052710125,0.7795845295807688,0.08059584850261806
-0.00052697125,0.7809395768990925,0.08263026396547636
-0.00052684125,0.7826333860469973,0.08364747169690552
-0.00052671125,0.7829721478765782,0.08432561018452495
-0.00052658125,0.7846659570244828,0.08466467942833467
-0.00052645125,0.7866985280019676,0.08398654094071553
-0.00052632125,0.7894086226386148,0.08364747169690567
-0.0005261912499999999,0.7921187172752646,0.08398654094071553
-0.00052606125,0.7948288119119113,0.0846646794283356
-0.00052593125,0.7958450974006537,0.08669909489119297
-0.00052580125,0.7988939538668821,0.08737723337881241
-0.00052567125,0.8009265248443677,0.08771630262262213
-0.00052554125,0.8022815721626915,0.08703816413500269
-0.00052541125,0.8032978576514338,0.08636002564738356
-0.00052528125,0.8032978576514342,0.08737723337881195
-0.0005251512499999999,0.8046529049697586,0.08805537186643139
-0.0005250212499999999,0.8060079522880826,0.08703816413500239
-0.00052489125,0.8080405232655673,0.08636002564738325
-0.00052476125,0.8090568087543102,0.08703816413500269
-0.00052463125,0.810073094243053,0.08873351035405128
-0.00052450125,0.8134607125388623,0.08873351035405128
-0.00052437125,0.8148157598571854,0.08975071808547998
-0.00052424125,0.8171870926642515,0.08975071808548044
-0.0005241112499999999,0.8182033781529965,0.09110699506071961
-0.0005239812499999999,0.8205747109600633,0.09178513354833874
-0.00052385125,0.8236235674262903,0.09178513354833874
-0.00052372125,0.8259949002333569,0.09212420279214846
-0.00052359125,0.8283662330404234,0.09212420279214846
-0.00052346125,0.8293825185291662,0.09212420279214846
-0.00052333125,0.8314150895066518,0.09280234127976789
-0.00052320125,0.8337864223137172,0.09314141052357745
-0.00052307125,0.8334476604841375,0.09381954901119674
-0.0005229412499999999,0.8348027078024619,0.09381954901119705
-0.00052281125,0.8364965169503659,0.09381954901119705
-0.00052268125,0.8368352787799468,0.09381954901119705
-0.00052255125,0.8375128024391086,0.09381954901119705
-0.00052242125,0.8402228970757561,0.09483675674262619
-0.00052229125,0.8419167062236608,0.09551489523024563
-0.00052216125,0.8442880390307262,0.09551489523024563
-0.00052203125,0.8466593718377927,0.09619303371786476
-0.0005219012499999999,0.8476756573265374,0.09619303371786492
-0.00052177125,0.849369466474442,0.09585396447405628
-0.00052164125,0.850724513792765,0.09788837993691366
-0.00052151125,0.850724513792765,0.09721024144929422
-0.00052138125,0.8530958465998316,0.09822744918072338
-0.00052125125,0.8541121320885744,0.09856651842453309
-0.00052112125,0.8561447030660592,0.09788837993691396
-0.00052099125,0.8578385122139639,0.09788837993691366
-0.0005208612499999999,0.8608873686801934,0.0989055876683428
-0.0005207312499999999,0.8615648923393551,0.09890558766834295
-0.00052060125,0.8619036541689359,0.09924465691215252
-0.00052047125,0.8639362251464215,0.0989055876683428
-0.00052034125,0.8659687961239071,0.09788837993691366
-0.00052021125,0.8659687961239071,0.09721024144929422
-0.00052008125,0.8663075579534879,0.09856651842453248
-0.00051995125,0.8700339380788766,0.09890558766834265
-0.0005198212499999999,0.8710502235676211,0.100261864643582
-0.0005196912499999999,0.8710502235676212,0.1009400031312008
-0.00051956125,0.8713889853972021,0.1002618646435817
-0.00051943125,0.8724052708859449,0.09958372615596224
-0.00051930125,0.8740990800338495,0.1002618646435817
-0.00051917125,0.8757928891817542,0.1006009338873914
-0.00051904125,0.8781642219888207,0.1002618646435817
-0.00051891125,0.8791805074775632,0.1009400031312008
-0.00051878125,0.8791805074775636,0.1016181416188202
-0.0005186512499999999,0.8801967929663079,0.1012790723750111
-0.00051852125,0.8835844112621157,0.1019572108626303
-0.00051839125,0.8849394585804394,0.1016181416188205
-0.00051826125,0.887310791387506,0.1016181416188205
-0.00051813125,0.8896821241945725,0.10229628010644
-0.00051800125,0.8903596478537343,0.1019572108626303
-0.00051787125,0.8920534570016383,0.1022962801064398
-0.00051774125,0.8930697424903814,0.1012790723750113
-0.0005176112499999999,0.8934085043199635,0.1019572108626309
-0.00051748125,0.8951023134678675,0.1033134878378693
-0.00051735125,0.8951023134678675,0.1036525570816789
-0.00051722125,0.8967961226157721,0.104669764813108
-0.00051709125,0.8978124081045149,0.104669764813108
-0.00051696125,0.9005225027411624,0.1036525570816789
-0.00051683125,0.9008612645707432,0.1026353493502502
-0.00051670125,0.9032325973778088,0.1033134878378688
-0.0005165712499999999,0.9052651683552961,0.1043306955692984
-0.0005164412499999999,0.9066202156736196,0.1046697648131082
-0.00051631125,0.9072977393327811,0.1050088340569177
-0.00051618125,0.9076365011623621,0.1053479033007274
-0.00051605125,0.9096690721398476,0.1053479033007274
-0.00051592125,0.9100078339694285,0.1050088340569177
-0.00051579125,0.9110241194581714,0.1056869725445372
-0.00051566125,0.9140729759243984,0.1053479033007276
-0.0005155312499999999,0.9137342140948188,0.1053479033007274
-0.0005154012499999999,0.9137342140948195,0.105347903300727
-0.00051527125,0.9150892614131426,0.1043306955692983
-0.00051514125,0.9171218323906282,0.1039916263254886
-0.00051501125,0.9188156415385329,0.1043306955692983
-0.00051488125,0.9205094506864375,0.1053479033007274
-0.00051475125,0.9208482125160184,0.1050088340569177
-0.00051462125,0.9222032598343416,0.1053479033007273
-0.00051449125,0.9222032598343423,0.1053479033007274
-0.0005143612499999999,0.9211869743455994,0.1050088340569176
-0.00051423125,0.9211869743456003,0.104669764813108
-0.00051410125,0.923219545323085,0.104669764813108
-0.00051397125,0.9259296399597325,0.1050088340569177
-0.00051384125,0.9259296399597325,0.1056869725445372
-0.00051371125,0.9276234491076372,0.1060260417883469
-0.00051358125,0.927962210937218,0.1070432495197756
-0.00051345125,0.9289784964259604,0.107043249519776
-0.0005133212499999999,0.929994781914705,0.1070432495197757
-0.0005131912499999999,0.932704876551352,0.1063651110321572
-0.00051306125,0.9347374475288368,0.1077213880073955
-0.00051293125,0.9367700185063224,0.1063651110321566
-0.00051280125,0.9391413513133889,0.1073823187635857
-0.00051267125,0.9384638276542271,0.107043249519776
-0.00051254125,0.9388025894838079,0.107043249519776
-0.00051241125,0.9415126841204543,0.1073823187635856
-0.0005122812499999999,0.9415126841204555,0.1073823187635856
-0.0005121512499999999,0.9415126841204564,0.1070432495197757
-0.00051202125,0.9435452550979411,0.1063651110321566
-0.00051189125,0.9449003024162648,0.1067041802759663
-0.00051176125,0.9459165879050077,0.107043249519776
-0.00051163125,0.9469328733937504,0.107043249519776
-0.00051150125,0.9462553497345886,0.1063651110321566
-0.00051137125,0.9486266825416539,0.1070432495197757
-0.0005112412499999999,0.9499817298599788,0.1063651110321567
-0.0005111112499999999,0.9496429680303987,0.1067041802759665
-0.00051098125,0.9513367771783026,0.107043249519776
-0.00051085125,0.9503204916895598,0.107043249519776
-0.00051072125,0.9506592535191407,0.1067041802759663
-0.00051059125,0.9516755390078835,0.1073823187635857
-0.00051046125,0.9523530626670453,0.1056869725445372
-0.00051033125,0.9547243954741108,0.1063651110321563
-0.00051020125,0.9567569664515966,0.1070432495197757
-0.0005100712499999999,0.9591282992586642,0.1063651110321567
-0.00050994125,0.9594670610882456,0.1067041802759665
-0.00050981125,0.9608221084065687,0.107043249519776
-0.00050968125,0.9608221084065687,0.1067041802759663
-0.00050955125,0.9601445847474068,0.107043249519776
-0.00050942125,0.9611608702361497,0.107043249519776
-0.00050929125,0.9618383938953112,0.1053479033007282
-0.00050916125,0.9625159175544731,0.1050088340569179
-0.0005090312499999999,0.9628546793840544,0.1046697648131083
-0.0005089012499999999,0.9631934412136359,0.1053479033007276
-0.00050877125,0.964548488531959,0.1056869725445372
-0.00050864125,0.9659035358502828,0.1053479033007274
-0.00050851125,0.9659035358502828,0.1056869725445372
-0.00050838125,0.9659035358502828,0.1056869725445372
-0.00050825125,0.9662422976798636,0.1060260417883467
-0.00050812125,0.967258583168606,0.1063651110321564
-0.0005079912499999999,0.9679361068277688,0.1056869725445373
-0.0005078612499999999,0.9689523923165119,0.1060260417883461
-0.00050773125,0.9703074396348349,0.1043306955692983
-0.00050760125,0.9703074396348349,0.1050088340569177
-0.00050747125,0.9713237251235777,0.1056869725445372
-0.00050734125,0.9726787724419015,0.1056869725445372
-0.00050721125,0.9726787724419015,0.1060260417883469
-0.00050708125,0.9747113434193861,0.1050088340569182
-0.00050695125,0.9760663907377101,0.1033134878378699
-0.0005068212499999999,0.9767439143968731,0.1036525570816792
-0.00050669125,0.9777601998856155,0.1043306955692983
-0.00050656125,0.9777601998856155,0.1039916263254886
-0.00050643125,0.9784377235447773,0.1036525570816789
-0.00050630125,0.9791152472039392,0.1043306955692983
-0.00050617125,0.9787764853743582,0.1036525570816789
-0.00050604125,0.9774214380560352,0.1036525570816789
-0.00050591125,0.9784377235447769,0.1036525570816789
-0.0005057812499999999,0.9794540090335205,0.1036525570816787
-0.00050565125,0.9804702945222639,0.1033134878378691
-0.00050552125,0.9825028654997485,0.1033134878378691
-0.00050539125,0.9831803891589104,0.1033134878378691
-0.00050526125,0.9828416273293294,0.1050088340569177
-0.00050513125,0.9825028654997485,0.1039916263254886
-0.00050500125,0.9828416273293293,0.1026353493502503
-0.00050487125,0.9814865800110064,0.1022962801064401
-0.0005047412499999999,0.9818253418405866,0.1006009338873912
-0.0005046112499999999,0.9814865800110064,0.1002618646435825
-0.00050448125,0.9828416273293294,0.1019572108626303
-0.00050435125,0.985212960136396,0.1016181416188205
-0.00050422125,0.9858904837955579,0.1009400031312011
-0.00050409125,0.9862292456251388,0.1006009338873914
-0.00050396125,0.9875842929434625,0.1009400031312011
-0.00050383125,0.9886005784322049,0.09992279539977242
-0.0005037012499999999,0.9886005784322054,0.09992279539977181
-0.0005035712499999999,0.9886005784322057,0.09958372615596239
-0.00050344125,0.9892781020913672,0.09992279539977196
-0.00050331125,0.9892781020913672,0.09924465691215252
-0.00050318125,0.9909719112392719,0.09924465691215252
-0.00050305125,0.9913106730688528,0.09924465691215252
-0.00050292125,0.9919881967280146,0.09788837993691366
-0.00050279125,0.9926657203871763,0.09721024144929452
-0.00050266125,0.9926657203871766,0.09856651842453248
-0.0005025312499999999,0.992665720387177,0.09754931069310439
-0.00050240125,0.9936820058759193,0.09856651842453279
-0.00050227125,0.9933432440463384,0.09788837993691366
-0.00050214125,0.9936820058759194,0.09721024144929422
-0.00050201125,0.9946982913646621,0.09551489523024563
-0.00050188125,0.9943595295350812,0.09551489523024563
-0.00050175125,0.9943595295350812,0.0958539644740552
-0.00050162125,0.996392100512566,0.09517582598643622
-0.0005014912499999999,0.9967308623421471,0.0965321029616751
-0.0005013612499999999,0.9953758150238244,0.09721024144929391
-0.00050123125,0.9963921005125669,0.09653210296167479
-0.00050110125,0.9963921005125669,0.09619303371786507
-0.00050097125,0.9974083860013097,0.09619303371786507
-0.00050084125,0.9974083860013097,0.09517582598643591
-0.00050071125,0.9963921005125673,0.09483675674262634
-0.00050058125,0.9967308623421477,0.09449768749881662
-0.0005004512499999999,0.9970696241717283,0.09415861825500646
-0.0005003212499999999,0.9960533386829866,0.09348047976738717
-0.00050019125,0.9974083860013097,0.09314141052357761
-0.00050006125,0.9963921005125669,0.09348047976738733
-0.00049993125,0.9970696241717287,0.09280234127976789
-0.00049980125,0.9980859096604715,0.09246327203595817
-0.00049967125,0.9987634333196334,0.09246327203595817
-0.00049954125,0.9991021951492142,0.09212420279214861
-0.0004994112499999999,1.0011347661267,0.09178513354833859
-0.0004992812499999999,1.001473527956281,0.09144606430452902
-0.00049915125,1.000796004297119,0.09144606430452902
-0.00049902125,1.000796004297119,0.09042885657309986
-0.00049889125,0.9994409569787952,0.08941164884167072
-0.00049876125,0.9980859096604715,0.08975071808548044
-0.00049863125,0.9977471478308906,0.08975071808548044
-0.00049850125,0.9974083860013098,0.08941164884167087
-0.00049837125,0.9994409569787943,0.08873351035405158
-0.0004982412499999999,0.999779718808376,0.08873351035405143
-0.00049811125,0.999440956978796,0.089072579597861
-0.00049798125,1.0011347661267,0.089072579597861
-0.00049785125,1.0011347661267,0.08839444111024156
-0.00049772125,0.9997797188083761,0.08771630262262213
-0.00049759125,0.9997797188083761,0.08703816413500269
-0.00049746125,1.000457242467538,0.08602095640357399
-0.00049733125,1.002151051615442,0.08602095640357353
-0.0004972012499999999,1.001812289785861,0.08602095640357384
-0.0004970712499999999,1.000796004297119,0.08669909489119236
-0.00049694125,1.000457242467538,0.08534281791595411
-0.00049681125,1.001473527956281,0.08534281791595411
-0.00049668125,1.001473527956281,0.08500374867214439
-0.00049655125,1.0011347661267,0.08398654094071523
-0.00049642125,0.999440956978796,0.08330840245309611
-0.00049629125,1.001134766126699,0.08263026396547667
-0.0004961612499999999,1.000796004297119,0.08296933320928639
-0.0004960312499999999,1.000457242467538,0.08364747169690491
-0.00049590125,1.000118480637957,0.08229119472166664
-0.00049577125,1.000457242467538,0.08161305623404722
-0.00049564125,1.0011347661267,0.0812739869902375
-0.00049551125,1.001473527956281,0.08093491774642778
-0.00049538125,1.002151051615443,0.07957864077118891
-0.00049525125,1.0011347661267,0.07856143303976021
-0.00049512125,1.000796004297119,0.07923957152737889
-0.0004949912499999999,1.000118480637956,0.07957864077118891
-0.00049486125,0.9980859096604715,0.07957864077118891
-0.00049473125,0.9991021951492143,0.07890050228356947
-0.00049460125,1.001812289785862,0.07788329455214031
-0.00049447125,1.0011347661267,0.07822236379595003
-0.00049434125,1.000118480637957,0.07754422530833059
-0.00049421125,0.998763433319634,0.07686608682071147
-0.00049408125,0.9984246714900525,0.0765270175769016
-0.0004939512499999999,0.9984246714900528,0.07483167135785271
-0.00049382125,0.9991021951492147,0.07449260211404345
-0.00049369125,1.000118480637957,0.07517074060166258
-0.00049356125,0.9994409569787952,0.07449260211404314
-0.00049343125,0.9994409569787952,0.07415353287023342
-0.00049330125,0.9991021951492143,0.0738144636264237
-0.00049317125,0.9991021951492143,0.0738144636264237
-0.00049304125,0.9994409569787951,0.07347539438261413
-0.0004929112499999999,0.9984246714900525,0.07313632513880412
-0.0004927812499999999,0.9987634333196334,0.07279725589499425
-0.00049265125,0.9987634333196334,0.07211911740737512
-0.00049252125,0.9977471478308906,0.07076284043213625
-0.00049239125,0.9963921005125669,0.07042377118832653
-0.00049226125,0.9950370531942431,0.07042377118832653
-0.00049213125,0.9953758150238239,0.0697456327007074
-0.00049200125,0.9943595295350817,0.06940656345689752
-0.0004918712499999999,0.9960533386829866,0.06940656345689737
-0.0004917412499999999,0.9974083860013085,0.06940656345689691
-0.00049161125,0.9950370531942431,0.06838935572546823
-0.00049148125,0.9946982913646621,0.06805028648165851
-0.00049135125,0.9946982913646621,0.06703307875022935
-0.00049122125,0.9957145768534049,0.06703307875022935
-0.00049109125,0.9950370531942431,0.06703307875022935
-0.00049096125,0.9940207677055007,0.06635494026261023
-0.00049083125,0.9936820058759195,0.06533773253118122
-0.0004907012499999999,0.9933432440463388,0.06398145555594129
-0.00049057125,0.9940207677055004,0.06262517858070318
-0.00049044125,0.9943595295350812,0.06296424782451274
-0.00049031125,0.9933432440463384,0.06465959404356134
-0.00049018125,0.9936820058759194,0.06465959404356134
-0.00049005125,0.9906331494096909,0.0639814555559419
-0.00048992125,0.9899556257505294,0.06228610933689408
-0.00048979125,0.9882618166026252,0.06126890160546462
-0.0004896612499999999,0.9892781020913677,0.06059076311784519
-0.0004895312499999999,0.9902943875801093,0.06160797084927341
-0.00048940125,0.9889393402617863,0.06059076311784473
-0.00048927125,0.9872455311138816,0.06059076311784473
-0.00048914125,0.9875842929434625,0.05787820916736698
-0.00048901125,0.9865680074547197,0.0561828629483184
-0.00048888125,0.9869067692843005,0.05550472446069926
-0.00048875125,0.9858904837955583,0.05550472446069896
-0.0004886212499999999,0.9865680074547193,0.05652193219212796
-0.0004884912499999999,0.985551721965977,0.05618286294831824
-0.00048836125,0.985551721965977,0.05584379370450868
-0.00048823125,0.9841966746476531,0.05482658597307952
-0.00048810125,0.9835191509884913,0.05380937824165037
-0.0004879712500000001,0.9841966746476531,0.05313123975403093
-0.00048784125,0.9818253418405867,0.05313123975403093
-0.00048771125,0.9818253418405867,0.05245310126641151
-0.00048758125,0.9818253418405867,0.05347030899784065
-0.0004874512500000001,0.9828416273293294,0.05143589353498235
-0.0004873212500000001,0.9818253418405867,0.05177496277879207
-0.00048719125,0.9808090563518439,0.05143589353498235
-0.00048706125,0.979792770863101,0.04974054731593376
-0.00048693125,0.979792770863101,0.04906240882831432
-0.0004868012500000001,0.9787764853743582,0.0483842703406949
-0.00048667125,0.9777601998856155,0.04804520109688518
-0.00048654125,0.9767439143968727,0.04736706260926574
-0.00048641125,0.9770826762264536,0.04702799336545602
-0.0004862812500000001,0.9770826762264536,0.04634985487783658
-0.00048615125,0.9760663907377107,0.04601078563402687
-0.00048602125,0.974711343419387,0.04634985487783658
-0.00048589125,0.9736950579306443,0.04533264714640743
-0.0004857612500000001,0.9726787724419015,0.04397637017116857
-0.00048563125,0.9720012487827395,0.04363730092735885
-0.00048550125,0.9713237251235777,0.04363730092735885
-0.00048537125,0.9696299159756731,0.04499357790259771
-0.0004852412500000001,0.9696299159756731,0.04397637017116857
-0.00048511125,0.9692911541460921,0.04295916243973941
-0.00048498125,0.969968677805254,0.04228102395211997
-0.00048485125,0.9682748686573492,0.04194195470831026
-0.0004847212500000001,0.9672585831686065,0.03855126227021308
-0.00048459125,0.9652260121911209,0.04024660848926166
-0.00048446125,0.9655647740207018,0.03956847000164224
-0.00048433125,0.96488725036154,0.03821219302640336
-0.0004842012500000001,0.9628546793840543,0.03855126227021308
-0.00048407125,0.9625159175544734,0.03685591605116449
-0.00048394125,0.9628546793840543,0.03651684680735477
-0.00048381125,0.9614996320657306,0.03685591605116449
-0.0004836812500000001,0.9608221084065687,0.03651684680735477
-0.00048355125,0.9598058229178259,0.03549963907592563
-0.00048342125,0.9608221084065687,0.03482150058830619
-0.00048329125,0.9611608702361497,0.03516056983211591
-0.00048316125,0.9591282992586641,0.03414336210068675
-0.0004830312500000001,0.9577732519403404,0.0331261543692576
-0.00048290125,0.9574344901107594,0.0331261543692576
-0.00048277125,0.9554019191332738,0.03210894663782844
-0.00048264125,0.9540468718149501,0.03143080815020901
-0.0004825112500000001,0.9520143008374644,0.03109173890639929
-0.00048238125,0.9509980153487216,0.02973546193116042
-0.00048225125,0.9499817298599789,0.02770104646830212
-0.00048212125,0.9503204916895598,0.02770104646830212
-0.0004819912500000001,0.9499817298599789,0.02668383873687296
-0.00048186125,0.9476103970529123,0.02702290798068268
-0.00048173125,0.9476103970529123,0.02634476949306325
-0.00048160125,0.9482879207120741,0.02464942327401466
-0.0004814712500000001,0.9479491588824932,0.02532756176163409
-0.00048134125,0.9472716352233314,0.02498849251782437
-0.00048121125,0.9449003024162648,0.02431035403020494
-0.00048108125,0.9449003024162648,0.02363221554258551
-0.0004809512500000001,0.9435452550979411,0.02431035403020494
-0.00048082125,0.9425289696091983,0.02329314629877579
-0.00048069125,0.9411739222908745,0.02261500781115635
-0.00048056125,0.938802589483808,0.02227593856734663
-0.0004804312500000001,0.9391413513133889,0.0215978000797272
-0.00048030125,0.9371087803359033,0.01990245386067861
-0.00048017125,0.9371087803359033,0.01922431537305918
-0.00048004125,0.9350762093584177,0.01820710764163002
-0.0004799112500000001,0.933721162040094,0.01820710764163002
-0.00047978125,0.9327048765513511,0.01786803839782031
-0.00047965125,0.9323661147217702,0.01820710764163002
-0.00047952125,0.9303335437442847,0.01718989991020087
-0.00047939125,0.9289784964259609,0.015833622934962
-0.0004792612500000001,0.9296560200851227,0.01413827671591341
-0.00047913125,0.9289784964259609,0.01447734595972313
-0.00047900125,0.9286397345963799,0.01312106898448426
-0.00047887125,0.9269459254484753,0.01278199974067454
-0.0004787412500000001,0.9249133544709897,0.0137992074721037
-0.00047861125,0.9245745926414087,0.01278199974067454
-0.00047848125,0.9228807834935041,0.01278199974067454
-0.00047835125,0.9222032598343423,0.01244293049686482
-0.0004782212500000001,0.9218644980047612,0.01176479200924539
-0.00047809125,0.9194931651976948,0.01040851503400652
-0.00047796125,0.91779935604979,0.009391307302577366
-0.00047783125,0.9150892614131426,0.008713168814957931
-0.0004777012500000001,0.9147504995835617,0.008713168814957931
-0.00047757125,0.913056690435657,0.007695961083528779
-0.00047744125,0.9123791667764951,0.007017822595909344
-0.00047731125,0.9123791667764951,0.006339684108289908
-0.0004771812500000001,0.9110241194581714,0.005322476376860756
-0.00047705125,0.9089915484806858,0.006339684108289908
-0.00047692125,0.9066202156736193,0.005322476376860756
-0.00047679125,0.9049264065257145,0.003966199401621885
-0.0004766612500000001,0.9059426920144573,0.002948991670192732
-0.00047653125,0.9045876446961336,0.002948991670192732
-0.00047640125,0.9039101210369718,0.002948991670192732
-0.00047627125,0.9025550737186481,0.002948991670192732
-0.0004761412500000001,0.9018775500594861,0.0009145762073344267
-0.00047601125,0.9001837409115815,0.0009145762073344267
-0.00047588125,0.8988286935932578,0.00193178393876358
-0.00047575125,0.8988286935932578,-0.0007807700117141612
-0.0004756212500000001,0.8964573607861912,-0.0004417007679044436
-0.0004754912500000001,0.8961185989566103,-0.001458908499333596
-0.00047536125,0.8951023134678675,-0.002815185474572467
-0.00047523125,0.8934085043199628,-0.004171462449811337
-0.00047510125,0.8910371715128963,-0.004849600937430773
-0.0004749712500000001,0.8890046005354106,-0.00654494715647936
-0.00047484125,0.8876495532170869,-0.007223085644098796
-0.00047471125,0.8862945058987631,-0.006884016400289078
-0.00047458125,0.8866332677283441,-0.006884016400289078
-0.0004744512500000001,0.8856169822396013,-0.006884016400289078
-0.00047432125,0.8835844112621157,-0.006884016400289078
-0.00047419125,0.8822293639437919,-0.007562154887908513
-0.00047406125,0.8801967929663064,-0.009596570350766819
-0.0004739312500000001,0.8785029838184016,-0.01027470883838625
-0.00047380125,0.8757928891817542,-0.01197005505743484
-0.00047367125,0.8740990800338495,-0.01197005505743484
-0.00047354125,0.8734215563746877,-0.01197005505743484
-0.0004734112500000001,0.872066509056364,-0.01332633203267371
-0.00047328125,0.871727747226783,-0.01264819354505428
-0.00047315125,0.8696951762492974,-0.01366540127648343
-0.00047302125,0.8686788907605546,-0.01468260900791258
-0.0004728912500000001,0.8659687961239071,-0.01468260900791258
-0.00047276125,0.8652912724647452,-0.01637795522696117
-0.00047263125,0.8646137488055834,-0.0170560937145806
-0.00047250125,0.8639362251464215,-0.0170560937145806
-0.0004723712500000001,0.8629199396576787,-0.01841237068981948
-0.00047224125,0.8619036541689359,-0.01942957842124863
-0.00047211125,0.8595323213618694,-0.01875143993362919
-0.00047198125,0.8591935595322884,-0.01942957842124863
-0.0004718512500000001,0.8578385122139647,-0.01909050917743891
-0.00047172125,0.856483464895641,-0.01841237068981948
-0.00047159125,0.8551284175773172,-0.01909050917743891
-0.00047146125,0.8524183229406698,-0.02112492464029722
-0.00047133125,0.8497082283040223,-0.02180306312791665
-0.0004712012500000001,0.8466593718377938,-0.0228202708593458
-0.00047107125,0.8456430863490511,-0.0228202708593458
-0.00047094125,0.8446268008603083,-0.02315934010315552
-0.00047081125,0.8422554680532417,-0.02383747859077496
-0.0004706812500000001,0.8402228970757561,-0.02417654783458468
-0.00047055125,0.840900420734918,-0.02688910178506242
-0.00047042125,0.8375128024391086,-0.02451561707839439
-0.00047029125,0.8375128024391086,-0.0265500325412527
-0.0004701612500000001,0.8371740406095277,-0.0265500325412527
-0.00047003125,0.8344639459728802,-0.02688910178506242
-0.00046990125,0.835480231461623,-0.02756724027268185
-0.00046977125,0.8331088986545565,-0.02892351724792072
-0.0004696412500000001,0.8297212803587471,-0.02960165573554016
-0.00046951125,0.8290437566995853,-0.02994072497934987
-0.00046938125,0.8276887093812615,-0.02960165573554016
-0.00046925125,0.8249786147446141,-0.03129700195458875
-0.0004691212500000001,0.8215909964488047,-0.03163607119839847
-0.00046899125,0.8192196636417381,-0.03265327892982761
-0.00046886125,0.8175258544938335,-0.03333141741744705
-0.00046873125,0.8161708071755097,-0.03367048666125677
-0.0004686012500000001,0.8168483308346717,-0.03333141741744705
-0.00046847125,0.8158320453459288,-0.03400955590506649
-0.00046834125,0.8141382361980242,-0.03502676363649564
-0.00046821125,0.8134607125388623,-0.0360439713679248
-0.0004680812500000001,0.8117669033909576,-0.03773931758697338
-0.00046795125,0.809734332413472,-0.03841745607459281
-0.00046782125,0.8060079522880818,-0.03943466380602197
-0.00046769125,0.8019428103331105,-0.03706117909935394
-0.00046756125,0.8022815721626915,-0.03875652531840253
-0.0004674312500000001,0.7999102393556249,-0.03943466380602197
-0.00046730125,0.7982164302077203,-0.03943466380602197
-0.00046717125,0.7961838592302346,-0.03977373304983169
-0.00046704125,0.7961838592302346,-0.03875652531840253
-0.0004669112500000001,0.7934737645935872,-0.03977373304983169
-0.00046678125,0.7938125264231681,-0.04113001002507055
-0.00046665125,0.7900861462977778,-0.04214721775649971
-0.00046652125,0.7873760516611303,-0.0438425639755483
-0.0004663912500000001,0.7843271951949019,-0.0438425639755483
-0.00046626125,0.7836496715357401,-0.04418163321935802
-0.00046613125,0.7809395768990925,-0.04452070246316774
-0.00046600125,0.7799232914103498,-0.0458769794384066
-0.0004658712500000001,0.7785682440920261,-0.0458769794384066
-0.00046574125,0.7782294822624451,-0.04621604868221632
-0.00046561125,0.7765356731145404,-0.04757232565745519
-0.00046548125,0.7741643403074739,-0.04791139490126491
-0.0004653512500000001,0.7717930075004074,-0.04858953338888435
-0.00046522125,0.7700991983525027,-0.04994581036412321
-0.00046509125,0.7673891037158552,-0.05130208733936208
-0.00046496125,0.7660340563975315,-0.0516411565831718
-0.0004648312500000001,0.7646790090792077,-0.05130208733936208
-0.00046470125,0.7640014854200459,-0.05265836431460096
-0.00046457125,0.7589200579763319,-0.05198022582698152
-0.00046444125,0.7572262488284272,-0.05299743355841068
-0.0004643112500000001,0.7548549160213607,-0.05299743355841068
-0.00046418125,0.7534998687030369,-0.05333650280222038
-0.00046405125,0.752822345043875,-0.05333650280222038
-0.00046392125,0.7514672977255513,-0.05333650280222038
-0.00046379125,0.7497734885776466,-0.05401464128983982
-0.00046366125,0.7490959649184847,-0.05503184902126898
-0.00046353125,0.7470633939409992,-0.05537091826507869
-0.00046340125,0.7453695847930945,-0.05672719524031757
-0.00046327125,0.742998251986028,-0.05672719524031757
-0.0004631412500000001,0.7409656810085423,-0.05706626448412729
-0.00046301125,0.7385943482014757,-0.05740533372793701
-0.00046288125,0.7362230153944093,-0.05910067994698559
-0.00046275125,0.7341904444169236,-0.05943974919079531
-0.0004626212500000001,0.7318191116098571,-0.05876161070317587
-0.00046249125,0.7287702551436287,-0.05977881843460502
-0.00046236125,0.7280927314844668,-0.0611350954098439
-0.00046223125,0.7263989223365621,-0.06181323389746332
-0.0004621012500000001,0.7263989223365621,-0.06181323389746332
-0.00046197125,0.7243663513590766,-0.06147416465365362
-0.00046184125,0.7230113040407528,-0.06283044162889248
-0.00046171125,0.7192849239153626,-0.06249137238508276
-0.0004615812500000001,0.7175911147674578,-0.06452578784794107
-0.00046145125,0.7158973056195532,-0.0631695108727022
-0.00046132125,0.7138647346420676,-0.06283044162889248
-0.00046119125,0.7121709254941629,-0.06384764936032164
-0.0004610612500000001,0.7108158781758391,-0.06418671860413136
-0.00046093125,0.7081057835391917,-0.06520392633556051
-0.00046080125,0.706411974391287,-0.06656020331079937
-0.00046067125,0.7037018797546396,-0.06723834179841881
-0.0004605412500000001,0.7020080706067349,-0.06689927255460909
-0.00046041125,0.6992979759700874,-0.06757741104222853
-0.00046028125,0.69658788133344,-0.06757741104222853
-0.00046015125,0.6942165485263734,-0.06791648028603825
-0.0004600212500000001,0.6901514065714022,-0.06791648028603825
-0.00045989125,0.6887963592530785,-0.06859461877365768
-0.00045976125,0.6867637882755928,-0.06927275726127712
-0.00045963125,0.6850699791276882,-0.06995089574889655
-0.00045950125,0.6840536936389453,-0.0709681034803257
-0.0004593712500000001,0.6823598844910407,-0.07164624196794514
-0.00045924125,0.6799885516839741,-0.07198531121175486
-0.00045911125,0.6789722661952313,-0.07368065743080345
-0.00045898125,0.675245886069841,-0.07300251894318401
-0.0004588512500000001,0.6721970296036126,-0.07571507289366175
-0.00045872125,0.6694869349669652,-0.07334158818699373
-0.00045859125,0.6698256967965461,-0.07401972667461316
-0.00045846125,0.6681318876486414,-0.07503693440604231
-0.0004583312500000001,0.6660993166711558,-0.07571507289366175
-0.00045820125,0.6647442693528322,-0.07707134986890062
-0.00045807125,0.6613566510570228,-0.07741041911271034
-0.00045794125,0.6579690327612134,-0.07774948835652006
-0.0004578112500000001,0.6555976999541469,-0.07808855760032977
-0.00045768125,0.6522100816583375,-0.07876669608794921
-0.00045755125,0.6501775106808519,-0.07842762684413949
-0.00045742125,0.6501775106808519,-0.07910576533175893
-0.0004572912500000001,0.6484837015329472,-0.07944483457556864
-0.00045716125,0.6471286542146235,-0.07944483457556864
-0.00045703125,0.6454348450667189,-0.07910576533175893
-0.00045690125,0.6420472267709095,-0.0804620423069978
-0.0004567712500000001,0.6396758939638429,-0.08114018079461724
-0.00045664125,0.6356107520088717,-0.0824964577698561
-0.00045651125,0.6322231337130624,-0.08215738852604638
-0.00045638125,0.6315456100539005,-0.08351366550128525
-0.0004562512500000001,0.628835515417253,-0.08181831928223667
-0.00045612125,0.6254478971214437,-0.08181831928223667
-0.00045599125,0.623754087973539,-0.08317459625747554
-0.00045586125,0.6203664696777297,-0.0824964577698561
-0.00045573125,0.6200277078481488,-0.08385273474509497
-0.0004556012500000001,0.6186726605298251,-0.08385273474509497
-0.00045547125,0.6149462804044348,-0.08385273474509497
-0.00045534125,0.6129137094269491,-0.08520901172033385
-0.00045521125,0.6118974239382063,-0.08520901172033385
-0.0004550812500000001,0.6091873293015588,-0.08588715020795328
-0.00045495125,0.6088485674719779,-0.08724342718319215
-0.00045482125,0.6054609491761686,-0.08690435793938243
-0.00045469125,0.6020733308803592,-0.08656528869557271
-0.0004545612500000001,0.6000407599028736,-0.08690435793938243
-0.00045443125,0.5969919034366452,-0.08690435793938243
-0.00045430125,0.5966531416070643,-0.08758249642700187
-0.00045417125,0.5932655233112549,-0.08792156567081158
-0.0004540412500000001,0.5915717141633503,-0.0882606349146213
-0.00045391125,0.5888616195267028,-0.08927784264605046
-0.00045378125,0.5875065722083791,-0.08995598113366989
-0.00045365125,0.5851352394013125,-0.09097318886509904
-0.0004535212500000001,0.5827639065942459,-0.08893877340224074
-0.00045339125,0.5797150501280176,-0.09097318886509904
-0.00045326125,0.5749723845138844,-0.09063411962128932
-0.00045313125,0.5715847662180752,-0.09131225810890876
-0.0004530012500000001,0.5692134334110086,-0.09165132735271848
-0.00045287125,0.5688746715814277,-0.09165132735271848
-0.00045274125,0.567519624263104,-0.09199039659652819
-0.00045261125,0.5661645769447802,-0.09199039659652819
-0.0004524812500000001,0.5624381968193899,-0.09232946584033791
-0.00045235125,0.561760673160228,-0.09300760432795735
-0.00045222125,0.5593893403531615,-0.09266853508414763
-0.00045209125,0.5546466747390284,-0.09300760432795735
-0.00045196125,0.5515978182728,-0.09334667357176707
-0.00045183125,0.5492264854657335,-0.09436388130319621
-0.00045170125,0.5468551526586669,-0.0940248120593865
-0.00045157125,0.5458388671699241,-0.09504201979081565
-0.00045144125,0.5427900107036957,-0.09470295054700593
-0.0004513112500000001,0.5397411542374673,-0.09504201979081565
-0.00045118125,0.5397411542374673,-0.09572015827843509
-0.00045105125,0.5380473450895626,-0.09639829676605452
-0.00045092125,0.5356760122824961,-0.09639829676605452
-0.0004507912500000001,0.5316108703275249,-0.09741550449748368
-0.00045066125,0.5268682047133918,-0.0977545737412934
-0.00045053125,0.5244968719063253,-0.09741550449748368
-0.00045040125,0.5238193482471634,-0.09843271222891282
-0.0004502712500000001,0.5217867772696778,-0.0977545737412934
-0.00045014125,0.520770491780935,-0.09843271222891282
-0.00045001125,0.5183991589738685,-0.09843271222891282
-0.00044988125,0.5163665879963828,-0.09911085071653226
-0.0004497512500000001,0.5129789697005736,-0.09877178147272254
-0.00044962125,0.5099301132343451,-0.09843271222891282
-0.00044949125,0.505526209449793,-0.09877178147272254
-0.00044936125,0.5028161148131455,-0.09877178147272254
-0.0004492312500000001,0.5004447820060789,-0.09944991996034198
-0.00044910125,0.4987509728581743,-0.0997889892041517
-0.00044897125,0.4963796400511078,-0.1004671276917711
-0.00044884125,0.4933307835848794,-0.1008061969355808
-0.0004487112500000001,0.4919757362665556,-0.1011452661793906
-0.00044858125,0.4892656416299082,-0.1014843354232003
-0.00044845125,0.4865555469932607,-0.1014843354232003
-0.00044832125,0.4831679286974513,-0.1021624739108197
-0.0004481912500000001,0.4794415485720611,-0.1014843354232003
-0.00044806125,0.4770702157649945,-0.1025015431546294
-0.00044793125,0.4726663119804423,-0.1011452661793906
-0.00044780125,0.4723275501508614,-0.1021624739108197
-0.00044767125,0.469617455514214,-0.1021624739108197
-0.0004475412500000001,0.4679236463663093,-0.1025015431546294
-0.00044741125,0.4655523135592428,-0.1031796816422489
-0.00044728125,0.4628422189225952,-0.1025015431546294
-0.00044715125,0.4604708861155287,-0.1028406123984392
-0.0004470212500000001,0.4597933624563669,-0.1031796816422489
-0.00044689125,0.4570832678197194,-0.1035187508860586
-0.00044676125,0.4543731731830719,-0.1038578201298683
-0.00044663125,0.4516630785464245,-0.1028406123984392
-0.0004465012500000001,0.4482754602506151,-0.1025015431546294
-0.00044637125,0.4455653656139676,-0.1038578201298683
-0.00044624125,0.443871556466063,-0.1038578201298683
-0.00044611125,0.4401451763406727,-0.1045359586174878
-0.0004459812500000001,0.4374350817040252,-0.1055531663489169
-0.00044585125,0.4360800343857015,-0.1052140971051072
-0.00044572125,0.4326924160898921,-0.1052140971051072
-0.00044559125,0.4303210832828256,-0.1045359586174878
-0.0004454612500000001,0.4265947031574353,-0.104196889373678
-0.00044533125,0.4238846085207878,-0.1045359586174878
-0.00044520125,0.4208357520545594,-0.1045359586174878
-0.00044507125,0.4198194665658166,-0.1069094433241558
-0.0004449412500000001,0.4171093719291691,-0.1058922355927266
-0.00044481125,0.4120279444854551,-0.1062313048365363
-0.00044468125,0.4110116589967123,-0.1069094433241558
-0.00044455125,0.4079628025304839,-0.1052140971051072
-0.0004444212500000001,0.4059302315529983,-0.1055531663489169
-0.00044429125,0.402542613257189,-0.1052140971051072
-0.00044416125,0.4015263277684462,-0.1062313048365363
-0.00044403125,0.4001712804501224,-0.1065703740803461
-0.00044390125,0.3950898530064084,-0.1065703740803461
-0.0004437712500000001,0.3910247110514372,-0.1065703740803461
-0.00044364125,0.3883146164147897,-0.1065703740803461
-0.00044351125,0.3859432836077232,-0.1075875818117752
-0.00044338125,0.3832331889710757,-0.1082657202993946
-0.0004432512500000001,0.3812006179935901,-0.1086047895432044
-0.00044312125,0.3791680470161045,-0.1079266510555849
-0.00044299125,0.376457952379457,-0.1075875818117752
-0.00044286125,0.3730703340836476,-0.1075875818117752
-0.0004427312500000001,0.3706990012765811,-0.1072485125679655
-0.00044260125,0.3696827157878383,-0.1075875818117752
-0.00044247125,0.3656175738328671,-0.1075875818117752
-0.00044234125,0.3642625265145434,-0.1082657202993946
-0.0004422112500000001,0.3598586227299913,-0.1079266510555849
-0.00044208125,0.3581648135820866,-0.1086047895432044
-0.00044195125,0.3551159571158581,-0.1082657202993946
-0.00044182125,0.3534221479679535,-0.1079266510555849
-0.0004416912500000001,0.3520671006496298,-0.1079266510555849
-0.00044156125,0.3493570060129823,-0.1086047895432044
-0.00044143125,0.3476631968650776,-0.1086047895432044
-0.00044130125,0.3432592930805254,-0.1099610665184432
-0.0004411712500000001,0.3398716747847161,-0.1099610665184432
-0.00044104125,0.335467771000164,-0.1096219972746335
-0.00044091125,0.3327576763635165,-0.1082657202993946
-0.00044078125,0.3310638672156118,-0.1086047895432044
-0.0004406512500000001,0.3280150107493834,-0.1082657202993946
-0.00044052125,0.3242886306239931,-0.1086047895432044
-0.00044039125,0.3222560596465075,-0.1089438587870141
-0.00044026125,0.31954596500986,-0.1099610665184432
-0.00044013125,0.3164971085436316,-0.1109782742498724
-0.00044000125,0.3120932047590795,-0.1096219972746335
-0.00043987125,0.3090443482928511,-0.1089438587870141
-0.00043974125,0.3073505391449464,-0.1089438587870141
-0.00043961125,0.3063342536562036,-0.1099610665184432
-0.0004394812500000001,0.3036241590195561,-0.1082657202993946
-0.00043935125,0.3026078735308133,-0.1089438587870141
-0.00043922125,0.298881493405423,-0.1089438587870141
-0.00043909125,0.2948163514504518,-0.1079266510555849
-0.0004389612500000001,0.2921062568138044,-0.1089438587870141
-0.00043883125,0.288718638517995,-0.1089438587870141
-0.00043870125,0.2853310202221856,-0.1069094433241558
-0.00043857125,0.2819434019263763,-0.1069094433241558
-0.0004384412500000001,0.2788945454601479,-0.1072485125679655
-0.00043831125,0.2765232126530814,-0.1086047895432044
-0.00043818125,0.2748294035051767,-0.1086047895432044
-0.00043805125,0.2724580706981102,-0.1082657202993946
-0.0004379212500000001,0.2694092142318817,-0.1075875818117752
-0.00043779125,0.2663603577656534,-0.1079266510555849
-0.00043766125,0.2639890249585868,-0.1089438587870141
-0.00043753125,0.2612789303219393,-0.1096219972746335
-0.0004374012500000001,0.2582300738557109,-0.1089438587870141
-0.00043727125,0.2555199792190634,-0.1086047895432044
-0.00043714125,0.2531486464119969,-0.1082657202993946
-0.00043701125,0.2504385517753494,-0.1079266510555849
-0.0004368812500000001,0.247728457138702,-0.1079266510555849
-0.00043675125,0.2450183625020545,-0.1075875818117752
-0.00043662125,0.2433245533541498,-0.1096219972746335
-0.00043649125,0.2406144587175023,-0.1082657202993946
-0.00043636125,0.2358717931033693,-0.1079266510555849
-0.00043623125,0.2335004602963027,-0.1079266510555849
-0.00043610125,0.2307903656596552,-0.1065703740803461
-0.00043597125,0.2284190328525887,-0.1072485125679655
-0.00043584125,0.2257089382159412,-0.1072485125679655
-0.0004357112500000001,0.2240151290680366,-0.1065703740803461
-0.00043558125,0.2206275107722272,-0.1069094433241558
-0.00043545125,0.2162236069876751,-0.1062313048365363
-0.00043532125,0.2138522741806085,-0.1055531663489169
-0.0004351912500000001,0.2118197032031229,-0.1065703740803461
-0.00043506125,0.2091096085664755,-0.1075875818117752
-0.00043493125,0.2050444666115042,-0.1072485125679655
-0.00043480125,0.2026731338044377,-0.1069094433241558
-0.0004346712500000001,0.1996242773382093,-0.1069094433241558
-0.00043454125,0.1952203735536571,-0.1069094433241558
-0.00043441125,0.1931878025761715,-0.1055531663489169
-0.00043428125,0.1901389461099431,-0.1058922355927266
-0.0004341512500000001,0.1894614224507812,-0.1058922355927266
-0.00043402125,0.185735042325391,-0.1058922355927266
-0.00043389125,0.1816699003704197,-0.1052140971051072
-0.00043376125,0.1789598057337723,-0.1062313048365363
-0.0004336312500000001,0.1762497110971248,-0.104196889373678
-0.00043350125,0.1742171401196392,-0.1052140971051072
-0.00043337125,0.1708295218238298,-0.104196889373678
-0.00043324125,0.1671031416984396,-0.1038578201298683
-0.0004331112500000001,0.165070570720954,-0.1038578201298683
-0.00043298125,0.1623604760843065,-0.1035187508860586
-0.00043285125,0.1593116196180781,-0.1035187508860586
-0.00043272125,0.1562627631518497,-0.1048750278612975
-0.0004325912500000001,0.1521976211968785,-0.1052140971051072
-0.00043246125,0.1498262883898119,-0.1045359586174878
-0.00043233125,0.1477937174123263,-0.1028406123984392
-0.00043220125,0.1447448609460979,-0.1031796816422489
-0.00043207125,0.1427122899686123,-0.1035187508860586
-0.00043194125,0.1406797189911267,-0.1035187508860586
-0.00043181125,0.1383083861840602,-0.1035187508860586
-0.00043168125,0.1362758152065746,-0.1025015431546294
-0.00043155125,0.1328881969107652,-0.10182340466701
-0.0004314212500000001,0.1301781022741177,-0.1021624739108197
-0.00043129125,0.1267904839783084,-0.1021624739108197
-0.00043116125,0.1223865801937562,-0.1011452661793906
-0.00043103125,0.1200152473866897,-0.0997889892041517
-0.0004309012500000001,0.118321438238785,-0.1011452661793906
-0.00043077125,0.1142562962838138,-0.09911085071653226
-0.00043064125,0.1115462016471663,-0.0997889892041517
-0.00043051125,0.1071422978626142,-0.1001280584479614
-0.0004303812500000001,0.1037546795668049,-0.09944991996034198
-0.00043025125,0.1023996322484811,-0.09944991996034198
-0.00043012125,0.1010445849301574,-0.09944991996034198
-0.00042999125,0.09765696663434803,-0.09911085071653226
-0.0004298612500000001,0.09765696663434803,-0.0977545737412934
-0.00042973125,0.09359182467937682,-0.0977545737412934
-0.00042960125,0.08986544455398654,-0.0977545737412934
-0.00042947125,0.08715534991733907,-0.09877178147272254
-0.0004293412500000001,0.08376773162152973,-0.09809364298510312
-0.00042921125,0.07936382783697758,-0.09741550449748368
-0.00042908125,0.07699249502991104,-0.09673736600986424
-0.00042895125,0.0746211622228445,-0.09605922752224481
-0.0004288212500000001,0.07089478209745421,-0.09707643525367396
-0.00042869125,0.06953973477913049,-0.09741550449748368
-0.00042856125,0.06750716380164487,-0.09707643525367396
-0.00042843125,0.06513583099457834,-0.09673736600986424
-0.00042830125,0.06140945086918806,-0.09538108903462537
-0.00042817125,0.05903811806212152,-0.09639829676605452
-0.00042804125,0.05395669061840749,-0.09368574281557679
-0.00042791125,0.05056907232259815,-0.09572015827843509
-0.00042778125,0.04684269219720788,-0.09572015827843509
-0.0004276512500000001,0.04582640670846508,-0.09538108903462537
-0.00042752125,0.04176126475349386,-0.09504201979081565
-0.00042739125,0.04040621743517012,-0.0940248120593865
-0.00042726125,0.03871240828726545,-0.09266853508414763
-0.0004271312500000001,0.03464726633229424,-0.09232946584033791
-0.00042700125,0.03058212437732303,-0.09232946584033791
-0.00042687125,0.02719450608151368,-0.09266853508414763
-0.00042674125,0.02617822059277088,-0.09165132735271848
-0.0004266112500000001,0.0224518404673806,-0.09097318886509904
-0.00042648125,0.01906422217157126,-0.09232946584033791
-0.00042635125,0.01466031838701911,-0.09199039659652819
-0.00042622125,0.01195022375037164,-0.09097318886509904
-0.0004260912500000001,0.00991765277288603,-0.08995598113366989
-0.00042596125,0.008562605454562293,-0.08961691188986018
-0.00042583125,0.005852510817914818,-0.0902950503774796
-0.00042570125,0.001787368862943606,-0.08961691188986018
-0.0004255712500000001,-0.001939011262446672,-0.08859970415843102
-0.00042544125,-0.003632820410351344,-0.08758249642700187
-0.00042531125,-0.004987867728675081,-0.0882606349146213
-0.00042518125,-0.00871424785406536,-0.08690435793938243
-0.0004250512500000001,-0.01244062797945564,-0.0882606349146213
-0.00042492125,-0.01650576993442685,-0.08622621945176299
-0.00042479125,-0.01887710274149339,-0.08690435793938243
-0.00042466125,-0.0229422446964646,-0.08758249642700187
-0.00042453125,-0.02497481567395021,-0.08622621945176299
-0.00042440125,-0.02632986299227395,-0.08622621945176299
-0.00042427125,-0.02836243396975955,-0.08588715020795328
-0.00042414125,-0.03141129043598796,-0.08588715020795328
-0.00042401125,-0.03344386141347357,-0.08453087323271441
-0.0004238812500000001,-0.03750900336844477,-0.08419180398890469
-0.00042375125,-0.041574145323416,-0.08317459625747554
-0.00042362125,-0.04428423996006346,-0.08215738852604638
-0.00042349125,-0.04597804910796814,-0.0824964577698561
-0.0004233612500000001,-0.04834938191503468,-0.08181831928223667
-0.00042323125,-0.05173700021084403,-0.08181831928223667
-0.00042310125,-0.05376957118832963,-0.08114018079461724
-0.00042297125,-0.05783471314330084,-0.08080111155080752
-0.0004228412500000001,-0.06122233143911018,-0.0804620423069978
-0.00042271125,-0.06494871156450047,-0.0804620423069978
-0.00042258125,-0.06630375888282419,-0.08012297306318808
-0.00042245125,-0.06765880620114793,-0.08114018079461724
-0.0004223212500000001,-0.07138518632653822,-0.07876669608794921
-0.00042219125,-0.07443404279276662,-0.08012297306318808
-0.00042206125,-0.07849918474773783,-0.07842762684413949
-0.00042193125,-0.08154804121396625,-0.07842762684413949
-0.0004218012500000001,-0.08425813585061372,-0.07808855760032977
-0.00042167125,-0.08730699231684212,-0.07842762684413949
-0.00042154125,-0.0900170869534896,-0.07774948835652006
-0.00042141125,-0.09306594341971801,-0.07741041911271034
-0.0004212812500000001,-0.09340470524929895,-0.07571507289366175
-0.00042115125,-0.09645356171552735,-0.07605414213747147
-0.00042102125,-0.1005187036704986,-0.07707134986890062
-0.00042089125,-0.103567560136727,-0.07537600364985203
-0.0004207612500000001,-0.1062776547733744,-0.07435879591842288
-0.00042063125,-0.1096652730691838,-0.07300251894318401
-0.00042050125,-0.1120366058762503,-0.0726634496993743
-0.00042037125,-0.1171180333199644,-0.07198531121175486
-0.00042024125,-0.1198281279566118,-0.07130717272413542
-0.00042011125,-0.1228769844228402,-0.07198531121175486
-0.00041998125,-0.1252483172299068,-0.07130717272413542
-0.00041985125,-0.1279584118665542,-0.07062903423651599
-0.00041972125,-0.1320235538215255,-0.06859461877365768
-0.0004195912500000001,-0.1327010774806873,-0.0709681034803257
-0.00041946125,-0.1367662194356585,-0.06927275726127712
-0.00041933125,-0.1381212667539823,-0.07062903423651599
-0.00041920125,-0.1415088850497916,-0.0689336880174674
-0.0004190712500000001,-0.1435414560272772,-0.06825554952984797
-0.00041894125,-0.1476065979822485,-0.06757741104222853
-0.00041881125,-0.1509942162780578,-0.06656020331079937
-0.00041868125,-0.1547205964034481,-0.06622113406698966
-0.0004185512500000001,-0.1570919292105146,-0.06622113406698966
-0.00041842125,-0.1591245001880002,-0.06622113406698966
-0.00041829125,-0.1618345948246477,-0.06452578784794107
-0.00041816125,-0.1642059276317142,-0.06418671860413136
-0.0004180312500000001,-0.1682710695866854,-0.0631695108727022
-0.00041790125,-0.1709811642233329,-0.06215230314127304
-0.00041777125,-0.1736912588599804,-0.06147416465365362
-0.00041764125,-0.1764013534966279,-0.06147416465365362
-0.0004175112500000001,-0.1794502099628563,-0.0611350954098439
-0.00041738125,-0.1814827809403419,-0.05977881843460502
-0.00041725125,-0.1838541137474084,-0.05943974919079531
-0.00041712125,-0.1872417320432178,-0.05977881843460502
-0.0004169912500000001,-0.1892743030207034,-0.05977881843460502
-0.00041686125,-0.1919843976573508,-0.05943974919079531
-0.00041673125,-0.1950332541235792,-0.05910067994698559
-0.00041660125,-0.1984208724193886,-0.05943974919079531
-0.00041647125,-0.2007922052264551,-0.05774440297174671
-0.00041634125,-0.2018084907151979,-0.05808347221555643
-0.00041621125,-0.2055348708405882,-0.05638812599650785
-0.00041608125,-0.2092612509659785,-0.05570998750888841
-0.00041595125,-0.2123101074322069,-0.05604905675269813
-0.0004158212500000001,-0.2153589638984353,-0.05537091826507869
-0.00041569125,-0.2190853440238256,-0.05435371053364954
-0.00041556125,-0.222134200490054,-0.05401464128983982
-0.00041543125,-0.2241667714675396,-0.05299743355841068
-0.0004153012500000001,-0.227554389763349,-0.05231929507079124
-0.00041517125,-0.2295869607408346,-0.05096301809555237
-0.00041504125,-0.232635817207063,-0.05028487960793293
-0.00041491125,-0.2363621973324533,-0.05062394885174265
-0.0004147812500000001,-0.2390722919691007,-0.05062394885174265
-0.00041465125,-0.2407661011170054,-0.05028487960793293
-0.00041452125,-0.2441537194128147,-0.04994581036412321
-0.00041439125,-0.248218861367786,-0.04892860263269407
-0.0004142612500000001,-0.2509289560044334,-0.04757232565745519
-0.00041413125,-0.2526227651523381,-0.04791139490126491
-0.00041400125,-0.2556716216185665,-0.04723325641364547
-0.00041387125,-0.2597367635735377,-0.04621604868221632
-0.0004137412500000001,-0.2610918108918615,-0.04519884095078716
-0.00041361125,-0.2627856200397661,-0.0458769794384066
-0.00041348125,-0.2661732383355755,-0.04485977170697744
-0.00041335125,-0.2695608566313848,-0.04485977170697744
-0.0004132212500000001,-0.2715934276088704,-0.04418163321935802
-0.00041309125,-0.2753198077342607,-0.04248628700030943
-0.00041296125,-0.2773523787117463,-0.04146907926888027
-0.00041283125,-0.2807399970075556,-0.04214721775649971
-0.00041270125,-0.284127615303365,-0.04146907926888027
-0.00041257125,-0.2875152335991744,-0.03977373304983169
-0.00041244125,-0.2902253282358218,-0.03875652531840253
-0.00041231125,-0.2915803755541456,-0.03909559456221225
-0.00041218125,-0.2939517083612121,-0.04011280229364141
-0.0004120512500000001,-0.2959842793386977,-0.03943466380602197
-0.00041192125,-0.2993718976345071,-0.03841745607459281
-0.00041179125,-0.3017432304415736,-0.03740024834316366
-0.00041166125,-0.3054696105669639,-0.03740024834316366
-0.0004115312500000001,-0.3081797052036113,-0.0363830406117345
-0.00041140125,-0.3102122761810969,-0.0360439713679248
-0.00041127125,-0.3125836089881635,-0.03502676363649564
-0.00041114125,-0.3146161799656491,-0.03468769439268592
-0.0004110112500000001,-0.3166487509431347,-0.03400955590506649
-0.00041088125,-0.3196976074093631,-0.03400955590506649
-0.00041075125,-0.3237627493643343,-0.03129700195458875
-0.00041062125,-0.325456558512239,-0.03163607119839847
-0.0004104912500000001,-0.3291829386376293,-0.03197514044220819
-0.00041036125,-0.3322317951038577,-0.03061886346696931
-0.00041023125,-0.3332480805926005,-0.03095793271077903
-0.00041010125,-0.3362969370588289,-0.03027979422315959
-0.0004099712500000001,-0.3396845553546382,-0.02926258649173044
-0.00040984125,-0.3420558881617048,-0.02858444800411101
-0.00040971125,-0.3454435064575141,-0.02824537876030129
-0.00040958125,-0.3488311247533235,-0.02756724027268185
-0.0004094512500000001,-0.3501861720716472,-0.02756724027268185
-0.00040932125,-0.3539125521970375,-0.02722817102887213
-0.00040919125,-0.3573001704928468,-0.02621096329744298
-0.00040906125,-0.3606877887886561,-0.02553282480982354
-0.00040893125,-0.3633978834253037,-0.02451561707839439
-0.00040880125,-0.3644141689140464,-0.02383747859077496
-0.00040867125,-0.366785501721113,-0.02349840934696524
-0.00040854125,-0.3698343581873414,-0.02214213237172637
-0.00040841125,-0.3728832146535698,-0.0207858553964875
-0.00040828125,-0.376948356608541,-0.02044678615267778
-0.00040815125,-0.3796584512451885,-0.0207858553964875
-0.00040802125,-0.3827073077114169,-0.01942957842124863
-0.00040789125,-0.3827073077114169,-0.02044678615267778
-0.0004077612500000001,-0.3854174023480644,-0.01909050917743891
-0.00040763125,-0.3871112114959691,-0.01909050917743891
-0.00040750125,-0.3904988297917784,-0.01773423220220004
-0.00040737125,-0.3959190190650733,-0.01603888598315145
-0.0004072412500000001,-0.3982903518721398,-0.01603888598315145
-0.00040711125,-0.4006616846792064,-0.01536074749553202
-0.00040698125,-0.4020167319975301,-0.01468260900791258
-0.00040685125,-0.4047268266341776,-0.01434353976410286
-0.0004067212500000001,-0.4070981594412442,-0.01366540127648343
-0.00040659125,-0.4084532067595679,-0.01366540127648343
-0.00040646125,-0.4111633013962154,-0.01230912430124456
-0.00040633125,-0.4165834906695103,-0.01197005505743484
-0.0004062012500000001,-0.4196323471357387,-0.01095284732600569
-0.00040607125,-0.4206486326244815,-0.01129191656981541
-0.00040594125,-0.4247137745794528,-0.01061377808219597
-0.00040581125,-0.4274238692161002,-0.009596570350766819
-0.0004056812500000001,-0.4301339638527477,-0.008579362619337666
-0.00040555125,-0.4328440584893952,-0.006884016400289078
-0.00040542125,-0.4345378676372998,-0.007562154887908513
-0.00040529125,-0.4365704386147854,-0.007223085644098796
-0.0004051612500000001,-0.4375867241035283,-0.00654494715647936
-0.00040503125,-0.4402968187401757,-0.00654494715647936
-0.00040490125,-0.4436844370359851,-0.005527739425050207
-0.00040477125,-0.4470720553317944,-0.00518867018124049
-0.00040464125,-0.4480883408205372,-0.004510531693621055
-0.00040451125,-0.4507984354571847,-0.004171462449811337
-0.00040438125,-0.4521534827755084,-0.002815185474572467
-0.00040425125,-0.4535085300938322,-0.001458908499333596
-0.00040412125,-0.4572349102192225,-0.0007807700117141612
-0.0004039912500000001,-0.4599450048558699,0.0002364377197149915
-0.00040386125,-0.4629938613220984,0.0005755069635247092
-0.00040373125,-0.464687670470003,-0.0004417007679044436
-0.00040360125,-0.469769097913717,-0.0001026315240947261
-0.0004034712500000001,-0.4734954780391073,0.0005755069635247092
-0.00040334125,-0.4758668108461738,0.002270853182573297
-0.00040321125,-0.4772218581644976,0.002609922426383015
-0.00040308125,-0.4809482382898879,0.00328806091400245
-0.0004029512500000001,-0.4829808092673735,0.00464433788924132
-0.00040282125,-0.4843358565856972,0.00328806091400245
-0.00040269125,-0.4863684275631828,0.00600061486448019
-0.00040256125,-0.4863684275631828,0.005661545620670473
-0.0004024312500000001,-0.490772331347735,0.006678753352099625
-0.00040230125,-0.4924661404956396,0.007356891839719061
-0.00040217125,-0.4965312824506108,0.007017822595909344
-0.00040204125,-0.4992413770872583,0.007356891839719061
-0.0004019112500000001,-0.5019514717239059,0.008713168814957931
-0.00040178125,-0.5039840427013914,0.009730376546387084
-0.00040165125,-0.506355375508458,0.0100694457901968
-0.00040152125,-0.5083879464859435,0.01074758427781624
-0.0004013912500000001,-0.5124530884409149,0.01108665352162595
-0.00040126125,-0.5141468975888195,0.01244293049686482
-0.00040113125,-0.5171957540550479,0.01413827671591341
-0.00040100125,-0.5202446105212764,0.01413827671591341
-0.00040087125,-0.5236322288170856,0.01413827671591341
-0.00040074125,-0.5263423234537331,0.01481641520353285
-0.00040061125,-0.5283748944312188,0.01515548444734257
-0.00040048125,-0.5293911799199615,0.01651176142258143
-0.00040035125,-0.5307462272382852,0.01752896915401059
-0.0004002212500000001,-0.532101274556609,0.01685083066639115
-0.00040009125,-0.5344726073636755,0.01752896915401059
-0.00039996125,-0.5368439401707421,0.01922431537305918
-0.00039983125,-0.5395540348073895,0.01786803839782031
-0.0003997012500000001,-0.5449742240806845,0.01956338461686889
-0.00039957125,-0.5470067950581701,0.02024152310448833
-0.00039944125,-0.5483618423764939,0.01956338461686889
-0.00039931125,-0.5520882225018842,0.02125873083591748
-0.0003991812500000001,-0.5541207934793697,0.02193686932353692
-0.00039905125,-0.5554758407976935,0.02227593856734663
-0.00039892125,-0.5595409827526647,0.02464942327401466
-0.00039879125,-0.5625898392188931,0.02464942327401466
-0.0003986612500000001,-0.5649611720259596,0.02464942327401466
-0.00039853125,-0.5666549811738643,0.02566663100544381
-0.00039840125,-0.568348790321769,0.02600570024925353
-0.00039827125,-0.5697038376400927,0.02634476949306325
-0.0003981412500000001,-0.573091455935902,0.02702290798068268
-0.00039801125,-0.5747852650838067,0.02804011571211183
-0.00039788125,-0.5771565978908733,0.02804011571211183
-0.00039775125,-0.578850407038778,0.02905732344354099
-0.0003976212500000001,-0.5815605016754254,0.03041360041877986
-0.00039749125,-0.5852868818008157,0.03109173890639929
-0.00039736125,-0.5876582146078823,0.03210894663782844
-0.00039723125,-0.589013261926206,0.03143080815020901
-0.00039710125,-0.5920621183924344,0.03346522361306732
-0.00039697125,-0.5940946893699199,0.03176987739401872
-0.00039684125,-0.5981598313248911,0.0331261543692576
-0.00039671125,-0.599514878643215,0.03278708512544788
-0.00039658125,-0.6029024969390243,0.0331261543692576
-0.00039645125,-0.6049350679165099,0.03414336210068675
-0.00039632125,-0.6049350679165099,0.03516056983211591
-0.00039619125,-0.6076451625531574,0.03482150058830619
-0.00039606125,-0.6103552571898049,0.03583870831973533
-0.0003959312500000001,-0.6140816373151952,0.03753405453878393
-0.00039580125,-0.6144203991447761,0.03821219302640336
-0.00039567125,-0.6178080174405854,0.03855126227021308
-0.00039554125,-0.6201793502476519,0.0388903315140228
-0.0003954112500000001,-0.6228894448842994,0.0388903315140228
-0.00039528125,-0.6252607776913659,0.03922940075783252
-0.00039515125,-0.6259383013505279,0.03990753924545196
-0.00039502125,-0.6279708723280134,0.04058567773307138
-0.0003948912500000001,-0.6300034433054991,0.04058567773307138
-0.00039476125,-0.6327135379421465,0.04126381622069082
-0.00039463125,-0.6347461089196321,0.04228102395211997
-0.00039450125,-0.6374562035562796,0.04295916243973941
-0.0003943712500000001,-0.640166298192927,0.04397637017116857
-0.00039424125,-0.6421988691704127,0.04228102395211997
-0.00039411125,-0.645586487466222,0.04499357790259771
-0.00039398125,-0.6479578202732885,0.04465450865878799
-0.0003938512500000001,-0.6482965821028694,0.04499357790259771
-0.00039372125,-0.6499903912507742,0.04601078563402687
-0.00039359125,-0.6516842003986788,0.04702799336545602
-0.00039346125,-0.6543942950353263,0.0483842703406949
-0.0003933312500000001,-0.6571043896719738,0.04906240882831432
-0.00039320125,-0.6601532461382021,0.04974054731593376
-0.00039307125,-0.6625245789452687,0.04940147807212404
-0.00039294125,-0.6645571499227544,0.04906240882831432
-0.00039281125,-0.6665897209002399,0.04940147807212404
-0.00039268125,-0.6686222918777256,0.0504186858035532
-0.00039255125,-0.6703161010256302,0.05245310126641151
-0.00039242125,-0.6706548628552111,0.05347030899784065
-0.00039229125,-0.6730261956622777,0.05313123975403093
-0.0003921612500000001,-0.6750587666397633,0.05279217051022121
-0.00039203125,-0.6787851467651536,0.05313123975403093
-0.00039190125,-0.6808177177426392,0.05347030899784065
-0.00039177125,-0.6828502887201248,0.05448751672926981
-0.0003916412500000001,-0.6852216215271913,0.05448751672926981
-0.00039151125,-0.6879317161638389,0.05584379370450868
-0.00039138125,-0.6892867634821626,0.05448751672926981
-0.00039125125,-0.6919968581188101,0.05686100143593784
-0.0003911212500000001,-0.6940294290962956,0.05720007067974754
-0.00039099125,-0.6960620000737813,0.05787820916736698
-0.00039086125,-0.6984333328808477,0.05787820916736698
-0.00039073125,-0.7008046656879143,0.05889541689879614
-0.0003906012500000001,-0.702498474835819,0.06059076311784473
-0.00039047125,-0.7055473313020474,0.06092983236165445
-0.00039034125,-0.707918664109114,0.06092983236165445
-0.00039021125,-0.7092737114274377,0.06092983236165445
-0.0003900812500000001,-0.7119838060640852,0.06092983236165445
-0.00038995125,-0.7133388533824089,0.06126890160546415
-0.00038982125,-0.7160489480190564,0.06092983236165445
-0.00038969125,-0.7174039953373801,0.06092983236165445
-0.0003895612500000001,-0.7201140899740276,0.06160797084927387
-0.00038943125,-0.7221466609515131,0.06194704009308359
-0.00038930125,-0.723162946440256,0.06296424782451274
-0.00038917125,-0.7248567555881607,0.06364238631213218
-0.00038904125,-0.7275668502248082,0.0639814555559419
-0.00038891125,-0.7292606593727128,0.06499866328737104
-0.00038878125,-0.7302769448614556,0.06533773253118076
-0.00038865125,-0.7302769448614556,0.0639814555559419
-0.00038852125,-0.7336645631572649,0.06669400950641964
-0.00038839125,-0.7343420868164268,0.06567680177499048
-0.00038826125,-0.738407228771398,0.06771121723784879
-0.00038813125,-0.7394235142601409,0.06805028648165851
-0.00038800125,-0.7417948470672073,0.06838935572546823
-0.0003878712500000001,-0.743827418044693,0.06940656345689737
-0.00038774125,-0.7472150363405023,0.07042377118832653
-0.00038761125,-0.7478925599996642,0.07110190967594597
-0.00038748125,-0.7492476073179879,0.07144097891975568
-0.0003873512500000001,-0.7509414164658926,0.07211911740737512
-0.00038722125,-0.754329034761702,0.0717800481635654
-0.00038709125,-0.7556840820800257,0.0717800481635654
-0.00038696125,-0.7583941767166732,0.07279725589499456
-0.0003868312500000001,-0.7611042713533206,0.07313632513880428
-0.00038670125,-0.7621205568420635,0.07415353287023342
-0.00038657125,-0.7634756041603872,0.07517074060166258
-0.00038644125,-0.76449188964913,0.07483167135785286
-0.0003863112500000001,-0.7658469369674538,0.07449260211404314
-0.00038618125,-0.7675407461153584,0.07618794833309173
-0.00038605125,-0.769234555263263,0.07652701757690145
-0.00038592125,-0.7716058880703296,0.07754422530833059
-0.0003857912500000001,-0.7732996972182342,0.07652701757690145
-0.00038566125,-0.7753322681957199,0.07788329455214031
-0.00038553125,-0.7760097918548817,0.07652701757690145
-0.00038540125,-0.7780423628323674,0.07788329455214031
-0.00038527125,-0.7793974101506911,0.07788329455214031
-0.00038514125,-0.7804136956394339,0.07720515606452089
-0.00038501125,-0.7821075047873386,0.07788329455214031
-0.00038488125,-0.7827850284465004,0.07923957152737919
-0.00038475125,-0.7851563612535669,0.07991771001499862
-0.00038462125,-0.7888827413789572,0.08025677925880834
-0.00038449125,-0.7898990268677001,0.08161305623404722
-0.00038436125,-0.7909153123564429,0.08263026396547636
-0.00038423125,-0.7946416924818331,0.08296933320928608
-0.0003841012500000001,-0.7966742634593187,0.0833084024530958
-0.00038397125,-0.7993843580959662,0.08364747169690552
-0.00038384125,-0.8007394054142899,0.08263026396547636
-0.00038371125,-0.8007394054142899,0.08229119472166664
-0.0003835812500000001,-0.8014169290734519,0.08263026396547636
-0.00038345125,-0.8041270237100993,0.08296933320928608
-0.00038332125,-0.8078534038354895,0.08229119472166664
-0.00038319125,-0.8092084511538133,0.08263026396547636
-0.0003830612500000001,-0.810563498472137,0.08398654094071523
-0.00038293125,-0.8125960694496227,0.0833084024530958
-0.00038280125,-0.8149674022566892,0.08636002564738325
-0.00038267125,-0.8149674022566892,0.08602095640357353
-0.0003825412500000001,-0.8169999732341748,0.08703816413500269
-0.00038241125,-0.8190325442116604,0.08703816413500269
-0.00038228125,-0.8203875915299842,0.08602095640357353
-0.00038215125,-0.8217426388483079,0.08602095640357353
-0.0003820212500000001,-0.8241139716553744,0.08636002564738325
-0.00038189125,-0.8254690189736982,0.08669909489119297
-0.00038176125,-0.8268240662920219,0.08703816413500269
-0.00038163125,-0.8291953990990885,0.08839444111024156
-0.00038150125,-0.8319054937357359,0.089072579597861
-0.00038137125,-0.8329217792244787,0.08975071808548044
-0.00038124125,-0.8342768265428024,0.08975071808548044
-0.00038111125,-0.8349543502019643,0.09008978732929016
-0.00038098125,-0.8380032066681927,0.08975071808548044
-0.00038085125,-0.8380032066681927,0.09042885657309986
-0.00038072125,-0.8383419684977736,0.09042885657309986
-0.00038059125,-0.8393582539865164,0.0911069950607193
-0.00038046125,-0.8410520631344212,0.0911069950607193
-0.0003803312500000001,-0.8437621577710687,0.09144606430452902
-0.00038020125,-0.846811014237297,0.08975071808548044
-0.00038007125,-0.8498598707035254,0.09314141052357761
-0.00037994125,-0.8512149180218491,0.09144606430452902
-0.0003798112500000001,-0.8532474889993348,0.09314141052357761
-0.00037968125,-0.8556188218064014,0.09348047976738733
-0.00037955125,-0.857312630954306,0.09415861825500677
-0.00037942125,-0.8579901546134678,0.09517582598643591
-0.0003792912500000001,-0.8576513927838869,0.09585396447405535
-0.00037916125,-0.8586676782726297,0.09551489523024563
-0.00037903125,-0.8610390110796963,0.09449768749881647
-0.00037890125,-0.86239405839802,0.09551489523024563
-0.0003787712500000001,-0.8630715820571818,0.09551489523024563
-0.00037864125,-0.8637491057163438,0.09551489523024563
-0.00037851125,-0.8640878675459247,0.09551489523024563
-0.00037838125,-0.8654429148642484,0.09585396447405535
-0.0003782512500000001,-0.8695080568192196,0.09653210296167479
-0.00037812125,-0.8708631041375433,0.09653210296167479
-0.00037799125,-0.872895675115029,0.09653210296167479
-0.00037786125,-0.8742507224333527,0.09754931069310394
-0.0003777312500000001,-0.8752670079220956,0.09754931069310394
-0.00037760125,-0.8772995788995811,0.09788837993691366
-0.00037747125,-0.8789933880474858,0.09822744918072338
-0.00037734125,-0.8796709117066477,0.09721024144929422
-0.00037721125,-0.8810259590249714,0.09856651842453309
-0.00037708125,-0.8817034826841332,0.09721024144929422
-0.00037695125,-0.8837360536616189,0.09856651842453309
-0.00037682125,-0.8847523391503617,0.09822744918072338
-0.00037669125,-0.8861073864686854,0.09822744918072338
-0.00037656125,-0.8857686246391044,0.0989055876683428
-0.00037643125,-0.8878011956165901,0.09958372615596224
-0.00037630125,-0.8888174811053329,0.09924465691215252
-0.00037617125,-0.8894950047644947,0.09958372615596224
-0.0003760412500000001,-0.8898337665940756,0.09958372615596224
-0.00037591125,-0.8908500520828185,0.1009400031312011
-0.00037578125,-0.8955927176969516,0.1002618646435817
-0.00037565125,-0.89864157416318,0.1002618646435817
-0.0003755212500000001,-0.898302812333599,0.09992279539977196
-0.00037539125,-0.8989803359927609,0.09992279539977196
-0.00037526125,-0.9003353833110846,0.1002618646435817
-0.00037513125,-0.9020291924589893,0.1009400031312011
-0.0003750012500000001,-0.903723001606894,0.1009400031312011
-0.00037487125,-0.903723001606894,0.1006009338873914
-0.00037474125,-0.9040617634364749,0.1002618646435817
-0.00037461125,-0.9054168107547986,0.1006009338873914
-0.0003744812500000001,-0.9067718580731224,0.1009400031312011
-0.00037435125,-0.9060943344139605,0.1016181416188205
-0.00037422125,-0.9077881435618652,0.10229628010644
-0.00037409125,-0.9101594763689318,0.1026353493502497
-0.0003739612500000001,-0.9125308091759983,0.1019572108626303
-0.00037383125,-0.9149021419830649,0.1019572108626303
-0.00037370125,-0.9162571893013886,0.1019572108626303
-0.00037357125,-0.9176122366197123,0.1019572108626303
-0.00037344125,-0.9179509984492933,0.1026353493502497
-0.00037331125,-0.9189672839380361,0.1029744185940594
-0.00037318125,-0.9199835694267788,0.1039916263254886
-0.00037305125,-0.9199835694267788,0.1039916263254886
-0.00037292125,-0.9213386167451025,0.1036525570816789
-0.00037279125,-0.9230324258930073,0.1036525570816789
-0.00037266125,-0.9250649968704928,0.1039916263254886
-0.00037253125,-0.9264200441888166,0.104669764813108
-0.00037240125,-0.9264200441888166,0.1050088340569177
-0.0003722712500000001,-0.9274363296775594,0.1050088340569177
-0.00037214125,-0.9277750915071403,0.104669764813108
-0.00037201125,-0.9281138533367213,0.1050088340569177
-0.00037188125,-0.9287913769958831,0.1053479033007274
-0.0003717512500000001,-0.9315014716325306,0.1063651110321566
-0.00037162125,-0.934550328098759,0.1056869725445372
-0.00037149125,-0.9362441372466637,0.1056869725445372
-0.00037136125,-0.9375991845649875,0.1056869725445372
-0.0003712312500000001,-0.9386154700537302,0.1050088340569177
-0.00037110125,-0.9379379463945684,0.1050088340569177
-0.00037097125,-0.9379379463945684,0.1050088340569177
-0.00037084125,-0.9386154700537302,0.1050088340569177
-0.0003707112500000001,-0.9392929937128921,0.1053479033007274
-0.00037058125,-0.9409868028607967,0.1053479033007274
-0.00037045125,-0.9413255646903778,0.1050088340569177
-0.00037032125,-0.9423418501791205,0.1053479033007274
-0.0003701912500000001,-0.9443744211566061,0.1056869725445372
-0.00037006125,-0.9450519448157679,0.1063651110321566
-0.00036993125,-0.944713182986187,0.1056869725445372
-0.00036980125,-0.9457294684749299,0.1060260417883469
-0.00036967125,-0.9450519448157679,0.1056869725445372
-0.00036954125,-0.9481008012819964,0.1067041802759663
-0.00036941125,-0.9497946104299011,0.1063651110321566
-0.00036928125,-0.9511496577482248,0.1056869725445372
-0.00036915125,-0.9514884195778057,0.1050088340569177
-0.00036902125,-0.9521659432369676,0.1050088340569177
-0.00036889125,-0.9535209905552914,0.1053479033007274
-0.00036876125,-0.9545372760440342,0.1056869725445372
-0.00036863125,-0.955214799703196,0.1056869725445372
-0.0003685012500000001,-0.9558923233623579,0.1053479033007274
-0.00036837125,-0.9572473706806817,0.104669764813108
-0.00036824125,-0.9586024179990054,0.1053479033007274
-0.00036811125,-0.9589411798285863,0.1050088340569177
-0.0003679812500000001,-0.9599574653173291,0.1043306955692983
-0.00036785125,-0.9609737508060719,0.1043306955692983
-0.00036772125,-0.9609737508060719,0.104669764813108
-0.00036759125,-0.9619900362948147,0.1060260417883469
-0.0003674612500000001,-0.9626675599539766,0.1063651110321566
-0.00036733125,-0.9643613691018812,0.1060260417883469
-0.00036720125,-0.9633450836131384,0.1056869725445372
-0.00036707125,-0.9643613691018812,0.1060260417883469
-0.0003669412500000001,-0.965716416420205,0.1060260417883469
-0.00036681125,-0.9667327019089478,0.1050088340569177
-0.00036668125,-0.9684265110568524,0.1053479033007274
-0.00036655125,-0.9704590820343381,0.1050088340569177
-0.0003664212500000001,-0.9687652728864334,0.1050088340569177
-0.00036629125,-0.9691040347160144,0.1050088340569177
-0.00036616125,-0.9680877492272715,0.1050088340569177
-0.00036603125,-0.9701203202047571,0.1056869725445372
-0.0003659012500000001,-0.9718141293526618,0.1053479033007274
-0.00036577125,-0.9724916530118237,0.1043306955692983
-0.00036564125,-0.9714753675230808,0.1033134878378691
-0.00036551125,-0.9728304148414046,0.10229628010644
-0.00036538125,-0.9752017476484711,0.1029744185940594
-0.00036525125,-0.9762180331372139,0.1029744185940594
-0.00036512125,-0.9765567949667949,0.1026353493502497
-0.00036499125,-0.9768955567963759,0.1026353493502497
-0.00036486125,-0.9779118422851186,0.1036525570816789
-0.00036473125,-0.9772343186259568,0.1029744185940594
-0.00036460125,-0.9782506041146996,0.1036525570816789
-0.00036447125,-0.9796056514330233,0.1043306955692983
-0.00036434125,-0.9799444132626042,0.1026353493502497
-0.0003642112500000001,-0.9806219369217661,0.1033134878378691
-0.00036408125,-0.9819769842400898,0.1036525570816789
-0.00036395125,-0.9816382224105089,0.1016181416188205
-0.00036382125,-0.9823157460696708,0.1016181416188205
-0.0003636912500000001,-0.9826545078992517,0.1026353493502497
-0.00036356125,-0.9826545078992517,0.1026353493502497
-0.00036343125,-0.9823157460696708,0.1012790723750108
-0.00036330125,-0.9840095552175754,0.1009400031312011
-0.0003631712500000001,-0.9857033643654801,0.1016181416188205
-0.00036304125,-0.986380888024642,0.09958372615596224
-0.00036291125,-0.9877359353429657,0.1019572108626303
-0.00036278125,-0.9880746971725467,0.1009400031312011
-0.0003626512500000001,-0.9884134590021276,0.1026353493502497
-0.00036252125,-0.9884134590021276,0.1012790723750108
-0.00036239125,-0.986380888024642,0.1009400031312011
-0.00036226125,-0.9867196498542229,0.1002618646435817
-0.0003621312500000001,-0.9884134590021276,0.09924465691215252
-0.00036200125,-0.9890909826612895,0.09924465691215252
-0.00036187125,-0.9890909826612895,0.1002618646435817
-0.00036174125,-0.9907847918091941,0.1006009338873914
-0.00036161125,-0.9914623154683559,0.1006009338873914
-0.00036148125,-0.9918010772979369,0.1006009338873914
-0.00036135125,-0.9921398391275179,0.09924465691215252
-0.00036122125,-0.9924786009570988,0.09958372615596224
-0.00036109125,-0.9928173627866798,0.09924465691215252
-0.00036096125,-0.9934948864458416,0.09924465691215252
-0.00036083125,-0.9931561246162607,0.09788837993691366
-0.00036070125,-0.9938336482754225,0.09721024144929422
-0.00036057125,-0.9948499337641653,0.09619303371786507
-0.0003604412500000001,-0.9945111719345844,0.09585396447405535
-0.00036031125,-0.9938336482754225,0.09653210296167479
-0.00036018125,-0.9938336482754225,0.0968711722054845
-0.00036005125,-0.9951886955937462,0.09721024144929422
-0.0003599212500000001,-0.9955274574233272,0.0968711722054845
-0.00035979125,-0.9955274574233272,0.09551489523024563
-0.00035966125,-0.9958662192529082,0.09585396447405535
-0.00035953125,-0.9945111719345844,0.09619303371786507
-0.0003594012500000001,-0.9955274574233272,0.09653210296167479
-0.00035927125,-0.9975600284008128,0.09653210296167479
-0.00035914125,-0.9978987902303937,0.09585396447405535
-0.00035901125,-0.9985763138895556,0.09483675674262619
-0.0003588812500000001,-0.9978987902303937,0.09381954901119705
-0.00035875125,-0.996882504741651,0.09381954901119705
-0.00035862125,-0.9978987902303937,0.09381954901119705
-0.00035849125,-0.9992538375487174,0.09348047976738733
-0.0003583612500000001,-0.9989150757191365,0.09449768749881647
-0.00035823125,-0.9989150757191365,0.09381954901119705
-0.00035810125,-0.9989150757191365,0.09280234127976789
-0.00035797125,-1.00027012303746,0.09314141052357761
-0.00035784125,-1.001286408526203,0.09212420279214846
-0.00035771125,-0.9999313612078793,0.09178513354833874
-0.00035758125,-1.00027012303746,0.09144606430452902
-0.00035745125,-1.00027012303746,0.09178513354833874
-0.00035732125,-1.001625170355784,0.09212420279214846
-0.00035719125,-1.002302694014946,0.09042885657309986
-0.00035706125,-1.004335264992432,0.09144606430452902
-0.00035693125,-1.002641455844527,0.09042885657309986
-0.00035680125,-1.001963932185365,0.09076792581690958
-0.00035667125,-1.003318979503689,0.09008978732929016
-0.00035654125,-1.002641455844527,0.08873351035405128
-0.00035641125,-1.002980217674108,0.08873351035405128
-0.00035628125,-1.001286408526203,0.08873351035405128
-0.0003561512500000001,-1.00365774133327,0.089072579597861
-0.00035602125,-1.001286408526203,0.08839444111024156
-0.00035589125,-1.001286408526203,0.08771630262262213
-0.00035576125,-1.001286408526203,0.08703816413500269
-0.0003556312500000001,-1.001286408526203,0.08669909489119297
-0.00035550125,-1.001286408526203,0.08737723337881241
-0.00035537125,-1.000947646696622,0.08669909489119297
-0.00035524125,-1.000947646696622,0.08669909489119297
-0.0003551112500000001,-1.001625170355784,0.08703816413500269
-0.00035498125,-1.003318979503689,0.08602095640357353
-0.00035485125,-1.002980217674108,0.08466467942833467
-0.00035472125,-1.00365774133327,0.08432561018452495
-0.0003545912500000001,-1.004674026822012,0.08636002564738325
-0.00035446125,-1.002980217674108,0.08466467942833467
-0.00035433125,-1.002980217674108,0.08500374867214439
-0.00035420125,-1.002641455844527,0.08296933320928608
-0.0003540712500000001,-1.002302694014946,0.08364747169690552
-0.00035394125,-1.002980217674108,0.08195212547785692
-0.00035381125,-1.00365774133327,0.08195212547785692
-0.00035368125,-1.002980217674108,0.0812739869902375
-0.00035355125,-1.003318979503689,0.08195212547785692
-0.00035342125,-1.001963932185365,0.08161305623404722
-0.00035329125,-1.002302694014946,0.0812739869902375
-0.00035316125,-1.002980217674108,0.07991771001499862
-0.00035303125,-1.003996503162851,0.07991771001499862
-0.00035290125,-1.004674026822012,0.07991771001499862
-0.00035277125,-1.004674026822012,0.07957864077118891
-0.00035264125,-1.003996503162851,0.07957864077118891
-0.00035251125,-1.005012788651593,0.07923957152737919
-0.0003523812500000001,-1.003318979503689,0.07822236379595003
-0.00035225125,-1.000947646696622,0.07720515606452089
-0.00035212125,-1.000608884867041,0.07788329455214031
-0.00035199125,-1.00027012303746,0.07686608682071117
-0.0003518612500000001,-0.9992538375487174,0.07754422530833059
-0.00035173125,-0.9989150757191365,0.07754422530833059
-0.00035160125,-0.9999313612078793,0.07754422530833059
-0.00035147125,-0.9992538375487174,0.07483167135785286
-0.0003513412500000001,-1.000608884867041,0.07550980984547229
-0.00035121125,-0.9995925993782984,0.07415353287023342
-0.00035108125,-0.9985763138895556,0.07415353287023342
-0.00035095125,-0.996882504741651,0.07313632513880428
-0.0003508212500000001,-0.99654374291207,0.0717800481635654
-0.00035069125,-0.996882504741651,0.07042377118832653
-0.00035056125,-0.9982375520599747,0.07076284043213625
-0.00035043125,-0.9989150757191365,0.07110190967594597
-0.0003503012500000001,-0.9978987902303937,0.0717800481635654
-0.00035017125,-0.9975600284008128,0.07144097891975568
-0.00035004125,-0.9972212665712319,0.07042377118832653
-0.00034991125,-0.9958662192529082,0.06906749421308765
-0.00034978125,-0.9955274574233272,0.06906749421308765
-0.00034965125,-0.99654374291207,0.06940656345689737
-0.00034952125,-0.9962049810824891,0.06872842496927795
-0.00034939125,-0.9955274574233272,0.06805028648165851
-0.00034926125,-0.9948499337641653,0.06771121723784879
-0.00034913125,-0.9924786009570988,0.06737214799403907
-0.00034900125,-0.9938336482754225,0.06703307875022935
-0.00034887125,-0.9941724101050035,0.06771121723784879
-0.00034874125,-0.9945111719345844,0.06737214799403907
-0.0003486112500000001,-0.9948499337641653,0.06635494026260992
-0.00034848125,-0.9941724101050035,0.06533773253118076
-0.00034835125,-0.9938336482754225,0.06364238631213218
-0.00034822125,-0.9931561246162607,0.06330331706832246
-0.0003480912500000001,-0.9928173627866798,0.06262517858070303
-0.00034796125,-0.991123553638775,0.06262517858070303
-0.00034783125,-0.9901072681500322,0.06262517858070303
-0.00034770125,-0.9904460299796132,0.06228610933689331
-0.0003475712500000001,-0.9904460299796132,0.06160797084927387
-0.00034744125,-0.9894297444908704,0.06059076311784473
-0.00034731125,-0.9884134590021276,0.05991262463022529
-0.00034718125,-0.9870584116838038,0.05923448614260585
-0.0003470512500000001,-0.9877359353429657,0.0582172784111767
-0.00034692125,-0.9884134590021276,0.0582172784111767
-0.00034679125,-0.9877359353429657,0.05753913992355726
-0.00034666125,-0.9867196498542229,0.05787820916736698
-0.0003465312500000001,-0.9867196498542229,0.05787820916736698
-0.00034640125,-0.9870584116838038,0.05787820916736698
-0.00034627125,-0.9853646025358992,0.05550472446069896
-0.00034614125,-0.9853646025358992,0.0561828629483184
-0.00034601125,-0.9833320315584135,0.05380937824165037
-0.00034588125,-0.9823157460696708,0.05482658597307952
-0.00034575125,-0.9826545078992517,0.05245310126641151
-0.00034562125,-0.9846870788767373,0.05414844748546009
-0.00034549125,-0.9850258407063183,0.05347030899784065
-0.00034536125,-0.9836707933879945,0.05211403202260179
-0.00034523125,-0.9816382224105089,0.05211403202260179
-0.00034510125,-0.9802831750921852,0.05075775504736291
-0.00034497125,-0.9796056514330233,0.0504186858035532
-0.00034484125,-0.9799444132626042,0.05007961655974348
-0.00034471125,-0.9789281277738614,0.04940147807212404
-0.00034458125,-0.9779118422851186,0.04940147807212404
-0.00034445125,-0.9768955567963759,0.0483842703406949
-0.0003443212500000001,-0.9762180331372139,0.0466889241216463
-0.00034419125,-0.9765567949667949,0.04634985487783658
-0.00034406125,-0.975540509478052,0.04567171639021715
-0.00034393125,-0.9735079385005665,0.04601078563402687
-0.0003438012500000001,-0.9738467003301474,0.0466889241216463
-0.00034367125,-0.9728304148414046,0.0466889241216463
-0.00034354125,-0.9728304148414046,0.04567171639021715
-0.00034341125,-0.9731691766709856,0.04465450865878799
-0.0003432812500000001,-0.9714753675230808,0.04262009319592969
-0.00034315125,-0.9714753675230808,0.04262009319592969
-0.00034302125,-0.9697815583751762,0.04329823168354913
-0.00034289125,-0.9680877492272715,0.04160288546450054
-0.0003427612500000001,-0.9684265110568524,0.04228102395211997
-0.00034263125,-0.9663939400793669,0.04228102395211997
-0.00034250125,-0.9647001309314622,0.04126381622069082
-0.00034237125,-0.9643613691018812,0.04058567773307138
-0.00034224125,-0.9640226072723003,0.04126381622069082
-0.00034211125,-0.9626675599539766,0.03990753924545196
-0.00034198125,-0.9626675599539766,0.03922940075783252
-0.00034185125,-0.9623287981243956,0.03855126227021308
-0.00034172125,-0.9613125126356529,0.03855126227021308
-0.00034159125,-0.9592799416581672,0.03719498529497421
-0.00034146125,-0.9572473706806817,0.03685591605116449
-0.00034133125,-0.9575861325102626,0.03617777756354505
-0.00034120125,-0.9562310851919388,0.03583870831973533
-0.00034107125,-0.9569086088511007,0.03482150058830619
-0.00034094125,-0.9569086088511007,0.03448243134449647
-0.00034081125,-0.9562310851919388,0.0331261543692576
-0.00034068125,-0.9558923233623579,0.0331261543692576
-0.0003405512500000001,-0.9558923233623579,0.03278708512544788
-0.00034042125,-0.9538597523848723,0.03176987739401872
-0.00034029125,-0.9518271814073866,0.03210894663782844
-0.00034016125,-0.9514884195778057,0.03041360041877986
-0.0003400312500000001,-0.9518271814073866,0.03075266966258957
-0.00033990125,-0.9504721340890629,0.02905732344354099
-0.00033977125,-0.9487783249411582,0.02973546193116042
-0.00033964125,-0.9474232776228345,0.0293963926873507
-0.0003395112500000001,-0.9470845157932536,0.02837918495592155
-0.00033938125,-0.9457294684749299,0.02770104646830212
-0.00033925125,-0.944713182986187,0.0273619772244924
-0.00033912125,-0.944713182986187,0.02566663100544381
-0.0003389912500000001,-0.9443744211566061,0.02532756176163409
-0.00033886125,-0.9430193738382824,0.02634476949306325
-0.00033873125,-0.9416643265199587,0.02566663100544381
-0.00033860125,-0.9409868028607967,0.02431035403020494
-0.0003384712500000001,-0.939631755542473,0.02498849251782437
-0.00033834125,-0.9369216609058255,0.02295407705496607
-0.00033821125,-0.9369216609058255,0.02058059234829805
-0.00033808125,-0.93488908992834,0.02058059234829805
-0.00033795125,-0.9338728044395972,0.01990245386067861
-0.00033782125,-0.9328565189508543,0.01922431537305918
-0.00033769125,-0.9325177571212734,0.01888524612924946
-0.00033756125,-0.9331952807804352,0.01786803839782031
-0.00033743125,-0.9315014716325306,0.01752896915401059
-0.00033730125,-0.9304851861437878,0.01685083066639115
-0.00033717125,-0.9308239479733688,0.01752896915401059
-0.00033704125,-0.929130138825464,0.01617269217877172
-0.00033691125,-0.9267588060183976,0.015833622934962
-0.0003367812500000001,-0.9250649968704928,0.01447734595972313
-0.00033665125,-0.9233711877225882,0.01346013822829398
-0.00033652125,-0.9213386167451025,0.01278199974067454
-0.00033639125,-0.9209998549155216,0.01278199974067454
-0.0003362612500000001,-0.9196448075971979,0.01244293049686482
-0.00033613125,-0.9189672839380361,0.01142572276543567
-0.00033600125,-0.9176122366197123,0.01108665352162595
-0.00033587125,-0.9176122366197123,0.009730376546387084
-0.0003357412500000001,-0.9169347129605504,0.009052238058767649
-0.00033561125,-0.9152409038126458,0.009052238058767649
-0.00033548125,-0.913885856494322,0.008374099571148213
-0.00033535125,-0.9111757618576746,0.007695961083528779
-0.0003352212500000001,-0.9104982381985127,0.007695961083528779
-0.00033509125,-0.9098207145393508,0.007017822595909344
-0.00033496125,-0.9081269053914461,0.00600061486448019
-0.00033483125,-0.9074493817322843,0.003966199401621885
-0.0003347012500000001,-0.9060943344139605,0.006339684108289908
-0.00033457125,-0.903723001606894,0.005661545620670473
-0.00033444125,-0.9030454779477322,0.005661545620670473
-0.00033431125,-0.9027067161181512,0.005322476376860756
-0.00033418125,-0.9027067161181512,0.003627130157812168
-0.00033405125,-0.9006741451406656,0.00328806091400245
-0.00033392125,-0.8989803359927609,0.002270853182573297
-0.00033379125,-0.8969477650152753,0.0002364377197149915
-0.00033366125,-0.8972865268448562,-0.0004417007679044436
-0.00033353125,-0.8949151940377897,0.0002364377197149915
-0.00033340125,-0.8928826230603041,-0.0001026315240947261
-0.00033327125,-0.8911888139123995,-0.001458908499333596
-0.00033314125,-0.8898337665940756,-0.003154254718382184
-0.00033301125,-0.8874624337870092,-0.003493323962191902
-0.00033288125,-0.8867849101278473,-0.003832393206001619
-0.00033275125,-0.8861073864686854,-0.004171462449811337
-0.00033262125,-0.8850911009799426,-0.00518867018124049
-0.0003324912500000001,-0.8837360536616189,-0.00654494715647936
-0.00033236125,-0.883058530002457,-0.007223085644098796
-0.00033223125,-0.8817034826841332,-0.007223085644098796
-0.00033210125,-0.8803484353658095,-0.007223085644098796
-0.0003319712500000001,-0.8796709117066477,-0.005527739425050207
-0.00033184125,-0.8786546262179048,-0.008579362619337666
-0.00033171125,-0.8769608170700002,-0.008579362619337666
-0.00033158125,-0.8772995788995811,-0.01027470883838625
-0.0003314512500000001,-0.8749282460925145,-0.009596570350766819
-0.00033132125,-0.8735731987741908,-0.009935639594576537
-0.00033119125,-0.8712018659671243,-0.01061377808219597
-0.00033106125,-0.8695080568192196,-0.009935639594576537
-0.0003309312500000001,-0.8674754858417341,-0.01095284732600569
-0.00033080125,-0.8647653912050866,-0.01197005505743484
-0.00033067125,-0.8640878675459247,-0.01264819354505428
-0.00033054125,-0.8637491057163438,-0.01298726278886399
-0.00033041125,-0.8617165347388581,-0.01434353976410286
-0.00033028125,-0.8613777729092772,-0.01468260900791258
-0.00033015125,-0.8586676782726297,-0.01569981673934174
-0.00033002125,-0.8569738691247251,-0.01671702447077089
-0.00032989125,-0.8562963454655632,-0.0170560937145806
-0.00032976125,-0.8546025363176585,-0.01637795522696117
-0.00032963125,-0.8542637744880776,-0.01773423220220004
-0.00032950125,-0.8508761561922682,-0.01841237068981948
-0.00032937125,-0.8495211088739445,-0.01841237068981948
-0.00032924125,-0.8478272997260399,-0.01909050917743891
-0.00032911125,-0.8474885378964588,-0.01807330144600976
-0.00032898125,-0.8434233959414876,-0.0207858553964875
-0.00032885125,-0.8430846341119067,-0.02248120161553609
-0.0003287212500000001,-0.8407133013048402,-0.02248120161553609
-0.00032859125,-0.8393582539865164,-0.02383747859077496
-0.00032846125,-0.8386807303273546,-0.02349840934696524
-0.00032833125,-0.8369869211794499,-0.02451561707839439
-0.0003282012500000001,-0.8359706356907072,-0.02417654783458468
-0.00032807125,-0.8352931120315452,-0.02519375556601383
-0.00032794125,-0.8332605410540597,-0.02688910178506242
-0.00032781125,-0.8315667319061549,-0.02756724027268185
-0.0003276812500000001,-0.8291953990990885,-0.02756724027268185
-0.00032755125,-0.8275015899511837,-0.02790630951649157
-0.00032742125,-0.8241139716553744,-0.02858444800411101
-0.00032729125,-0.8241139716553744,-0.02892351724792072
-0.0003271612500000001,-0.8224201625074697,-0.02960165573554016
-0.00032703125,-0.8217426388483079,-0.02960165573554016
-0.00032690125,-0.821065115189146,-0.02960165573554016
-0.00032677125,-0.8183550205524985,-0.02994072497934987
-0.0003266412500000001,-0.8153061640862701,-0.03129700195458875
-0.00032651125,-0.8153061640862701,-0.03095793271077903
-0.00032638125,-0.8139511167679464,-0.03231420968601789
-0.00032625125,-0.8139511167679464,-0.03231420968601789
-0.00032612125,-0.8098859748129752,-0.03502676363649564
-0.00032599125,-0.8068371183467468,-0.03536583288030536
-0.00032586125,-0.8048045473692612,-0.0363830406117345
-0.00032573125,-0.8034495000509374,-0.0363830406117345
-0.00032560125,-0.8017556909030328,-0.0363830406117345
-0.00032547125,-0.8014169290734519,-0.03672210985554422
-0.00032534125,-0.8007394054142899,-0.03672210985554422
-0.00032521125,-0.7976905489480616,-0.03740024834316366
-0.00032508125,-0.7956579779705759,-0.03706117909935394
-0.00032495125,-0.7922703596747666,-0.03740024834316366
-0.00032482125,-0.7915928360156047,-0.03841745607459281
-0.00032469125,-0.7915928360156047,-0.0380783868307831
-0.00032456125,-0.7892215032085382,-0.0380783868307831
-0.0003244312500000001,-0.7878664558902144,-0.03943466380602197
-0.00032430125,-0.7844788375944051,-0.04113001002507055
-0.00032417125,-0.7807524574690148,-0.04214721775649971
-0.00032404125,-0.7804136956394339,-0.04248628700030943
-0.0003239112500000001,-0.7800749338098529,-0.04316442548792886
-0.00032378125,-0.7783811246619483,-0.04350349473173858
-0.00032365125,-0.7763485536844627,-0.04418163321935802
-0.00032352125,-0.774654744536558,-0.04689418716983575
-0.0003233912500000001,-0.7736384590478153,-0.04553791019459688
-0.00032326125,-0.7705896025815868,-0.04689418716983575
-0.00032313125,-0.7695733170928439,-0.04655511792602604
-0.00032300125,-0.7678795079449393,-0.04689418716983575
-0.0003228712500000001,-0.7678795079449393,-0.04791139490126491
-0.00032274125,-0.7651694133082918,-0.04791139490126491
-0.00032261125,-0.7631368423308063,-0.04825046414507463
-0.00032248125,-0.7607655095237397,-0.04960674112031349
-0.00032235125,-0.759071700375835,-0.04858953338888435
-0.00032222125,-0.7560228439096066,-0.04960674112031349
-0.00032209125,-0.7533127492729591,-0.05130208733936208
-0.00032196125,-0.7499251309771497,-0.05198022582698152
-0.00032183125,-0.7465375126813405,-0.05231929507079124
-0.00032170125,-0.7455212271925976,-0.0536755720460301
-0.00032157125,-0.7445049417038548,-0.0536755720460301
-0.00032144125,-0.7424723707263693,-0.0536755720460301
-0.00032131125,-0.7414560852376264,-0.05401464128983982
-0.00032118125,-0.738068466941817,-0.05469277977745926
-0.00032105125,-0.7377297051122361,-0.05537091826507869
-0.00032092125,-0.7356971341347506,-0.05638812599650785
-0.00032079125,-0.7340033249868458,-0.05740533372793701
-0.0003206612500000001,-0.7326482776685221,-0.05570998750888841
-0.00032053125,-0.7289218975431319,-0.05740533372793701
-0.00032040125,-0.7262118029064843,-0.05740533372793701
-0.00032027125,-0.7248567555881607,-0.05740533372793701
-0.0003201412500000001,-0.7245179937585797,-0.05876161070317587
-0.00032001125,-0.7224854227810941,-0.05910067994698559
-0.00031988125,-0.7204528518036085,-0.05977881843460502
-0.00031975125,-0.7180815189965419,-0.06045695692222446
-0.0003196212500000001,-0.7157101861894755,-0.06045695692222446
-0.00031949125,-0.7146939007007326,-0.06079602616603418
-0.00031936125,-0.7146939007007326,-0.0611350954098439
-0.00031923125,-0.7106287587457614,-0.06215230314127304
-0.0003191012500000001,-0.7089349495978567,-0.0631695108727022
-0.00031897125,-0.707579902279533,-0.0631695108727022
-0.00031884125,-0.7062248549612092,-0.06350858011651192
-0.00031871125,-0.7028372366653999,-0.0631695108727022
-0.00031858125,-0.7008046656879143,-0.06384764936032164
-0.00031845125,-0.6984333328808477,-0.06452578784794107
-0.00031832125,-0.6940294290962956,-0.06486485709175079
-0.00031819125,-0.6919968581188101,-0.06554299557937023
-0.00031806125,-0.6913193344596481,-0.06656020331079937
-0.00031793125,-0.6906418108004863,-0.06588206482317994
-0.00031780125,-0.6886092398230007,-0.06825554952984797
-0.00031767125,-0.6855603833567723,-0.06791648028603825
-0.00031754125,-0.6828502887201248,-0.0689336880174674
-0.00031741125,-0.6811564795722201,-0.06927275726127712
-0.00031728125,-0.6794626704243154,-0.0689336880174674
-0.00031715125,-0.676752575787668,-0.0689336880174674
-0.00031702125,-0.6753975284693442,-0.06961182650508684
-0.0003168912500000001,-0.6740424811510205,-0.07028996499270627
-0.00031676125,-0.6709936246847921,-0.07130717272413542
-0.00031663125,-0.6686222918777256,-0.07130717272413542
-0.00031650125,-0.6665897209002399,-0.06995089574889655
-0.0003163712500000001,-0.6638796262635924,-0.0709681034803257
-0.00031624125,-0.6604920079677831,-0.07164624196794514
-0.00031611125,-0.6591369606494594,-0.07198531121175486
-0.00031598125,-0.6571043896719738,-0.0726634496993743
-0.0003158512500000001,-0.6543942950353263,-0.07300251894318401
-0.00031572125,-0.6523617240578407,-0.07401972667461316
-0.00031559125,-0.6499903912507742,-0.07605414213747147
-0.00031546125,-0.6466027729549648,-0.07673228062509091
-0.0003153312500000001,-0.6452477256366411,-0.07571507289366175
-0.00031520125,-0.6428763928295745,-0.07503693440604231
-0.00031507125,-0.640166298192927,-0.07774948835652006
-0.00031494125,-0.6391500127041843,-0.07571507289366175
-0.00031481125,-0.6357623944083749,-0.07707134986890062
-0.00031468125,-0.6357623944083749,-0.07639321138128119
-0.00031455125,-0.6340685852604703,-0.07605414213747147
-0.00031442125,-0.6323747761125655,-0.07673228062509091
-0.00031429125,-0.6313584906238228,-0.07774948835652006
-0.00031416125,-0.6279708723280134,-0.07842762684413949
-0.00031403125,-0.6259383013505279,-0.07842762684413949
-0.00031390125,-0.6225506830547185,-0.07944483457556864
-0.00031377125,-0.6201793502476519,-0.08080111155080752
-0.00031364125,-0.6195018265884901,-0.08147925003842695
-0.00031351125,-0.6161142082926807,-0.08114018079461724
-0.00031338125,-0.6140816373151952,-0.08080111155080752
-0.00031325125,-0.6130653518264523,-0.08012297306318808
-0.00031312125,-0.6090002098714811,-0.08080111155080752
-0.00031299125,-0.6069676388939955,-0.0804620423069978
-0.00031286125,-0.6059513534052526,-0.07978390381937836
-0.00031273125,-0.6018862114502814,-0.0804620423069978
-0.0003126012500000001,-0.5988373549840531,-0.08181831928223667
-0.00031247125,-0.5968047840065674,-0.08181831928223667
-0.00031234125,-0.5957884985178247,-0.08114018079461724
-0.00031221125,-0.5917233565628535,-0.08486994247652413
-0.0003120812500000001,-0.5900295474149487,-0.08419180398890469
-0.00031195125,-0.5873194527783013,-0.08453087323271441
-0.00031182125,-0.5849481199712347,-0.08453087323271441
-0.00031169125,-0.5829155489937492,-0.08385273474509497
-0.0003115612500000001,-0.5815605016754254,-0.08486994247652413
-0.00031143125,-0.5798666925275208,-0.08520901172033385
-0.00031130125,-0.5764790742317114,-0.08588715020795328
-0.00031117125,-0.573091455935902,-0.08486994247652413
-0.0003110412500000001,-0.5697038376400927,-0.08554808096414356
-0.00031091125,-0.5690263139809308,-0.08622621945176299
-0.00031078125,-0.5686875521513499,-0.08690435793938243
-0.00031065125,-0.5656386956851215,-0.08758249642700187
-0.00031052125,-0.5639448865372169,-0.08859970415843102
-0.00031039125,-0.5615735537301503,-0.0882606349146213
-0.00031026125,-0.55784717360476,-0.08758249642700187
-0.00031013125,-0.5544595553089506,-0.0882606349146213
-0.00031000125,-0.5507331751835604,-0.08792156567081158
-0.00030987125,-0.5487006042060748,-0.0882606349146213
-0.00030974125,-0.5459905095694273,-0.0882606349146213
-0.00030961125,-0.5439579385919417,-0.08893877340224074
-0.00030948125,-0.5415866057848752,-0.08893877340224074
-0.00030935125,-0.5402315584665515,-0.08859970415843102
-0.00030922125,-0.5378602256594849,-0.0902950503774796
-0.00030909125,-0.537182702000323,-0.09165132735271848
-0.00030896125,-0.5337950837045137,-0.09131225810890876
-0.0003088312500000001,-0.5307462272382852,-0.09232946584033791
-0.00030870125,-0.5283748944312188,-0.09232946584033791
-0.00030857125,-0.5253260379649903,-0.09266853508414763
-0.00030844125,-0.5215996578396001,-0.09300760432795735
-0.0003083112500000001,-0.5192283250325335,-0.09232946584033791
-0.00030818125,-0.5158407067367241,-0.09300760432795735
-0.00030805125,-0.5144856594184004,-0.0940248120593865
-0.00030792125,-0.5117755647817529,-0.09436388130319621
-0.0003077912500000001,-0.5094042319746864,-0.09470295054700593
-0.00030766125,-0.5070328991676198,-0.09504201979081565
-0.00030753125,-0.5053390900197152,-0.09436388130319621
-0.00030740125,-0.5026289953830677,-0.09334667357176707
-0.0003072712500000001,-0.4982250915985155,-0.09334667357176707
-0.00030714125,-0.4972088061097727,-0.09334667357176707
-0.00030701125,-0.4948374733027062,-0.09368574281557679
-0.00030688125,-0.4914498550068968,-0.09538108903462537
-0.00030675125,-0.4897560458589921,-0.09605922752224481
-0.00030662125,-0.4877234748815065,-0.09368574281557679
-0.00030649125,-0.48535214207444,-0.09605922752224481
-0.00030636125,-0.4826420474377925,-0.09504201979081565
-0.00030623125,-0.4772218581644976,-0.09605922752224481
-0.00030610125,-0.4755280490165929,-0.09605922752224481
-0.00030597125,-0.4734954780391073,-0.09605922752224481
-0.00030584125,-0.4721404307207835,-0.09572015827843509
-0.00030571125,-0.4701078597432979,-0.09639829676605452
-0.00030558125,-0.4667202414474886,-0.09639829676605452
-0.00030545125,-0.4626550994925174,-0.09809364298510312
-0.00030532125,-0.4623163376629364,-0.09911085071653226
-0.00030519125,-0.4609612903446128,-0.09809364298510312
-0.0003050612500000001,-0.4579124338783843,-0.09809364298510312
-0.00030493125,-0.4538472919234131,-0.09843271222891282
-0.00030480125,-0.4514759591163466,-0.09877178147272254
-0.00030467125,-0.44910462630928,-0.09877178147272254
-0.0003045412500000001,-0.4480883408205372,-0.09809364298510312
-0.00030441125,-0.4463945316726325,-0.09809364298510312
-0.00030428125,-0.4433456752064042,-0.09809364298510312
-0.00030415125,-0.4416518660584995,-0.09741550449748368
-0.0003040212500000001,-0.4382642477626901,-0.09809364298510312
-0.00030389125,-0.4355541531260427,-0.09741550449748368
-0.00030376125,-0.4314890111710714,-0.1001280584479614
-0.00030363125,-0.428778916534424,-0.09944991996034198
-0.0003035012500000001,-0.4243750127498718,-0.1001280584479614
-0.00030337125,-0.4230199654315481,-0.09911085071653226
-0.00030324125,-0.4209873944540625,-0.1008061969355808
-0.00030311125,-0.4172610143286722,-0.1011452661793906
-0.00030298125,-0.4148896815216057,-0.1008061969355808
-0.00030285125,-0.413195872373701,-0.1004671276917711
-0.00030272125,-0.4115020632257963,-0.1001280584479614
-0.00030259125,-0.4087919685891488,-0.0997889892041517
-0.00030246125,-0.4050655884637586,-0.1001280584479614
-0.00030233125,-0.402694255656692,-0.0997889892041517
-0.00030220125,-0.3986291137017208,-0.1004671276917711
-0.00030207125,-0.3962577808946542,-0.1011452661793906
-0.00030194125,-0.3949027335763305,-0.1021624739108197
-0.00030181125,-0.3928701625988449,-0.1014843354232003
-0.00030168125,-0.3898213061326165,-0.1008061969355808
-0.00030155125,-0.38744997332555,-0.1008061969355808
-0.00030142125,-0.3847398786889025,-0.1014843354232003
-0.00030129125,-0.3816910222226741,-0.1021624739108197
-0.00030116125,-0.3779646420972838,-0.10182340466701
-0.00030103125,-0.376948356608541,-0.1021624739108197
-0.00030090125,-0.3749157856310554,-0.1011452661793906
-0.0003007712500000001,-0.3715281673352461,-0.1001280584479614
-0.00030064125,-0.3671242635506939,-0.1004671276917711
-0.00030051125,-0.3647529307436274,-0.0997889892041517
-0.00030038125,-0.3610265506182371,-0.1011452661793906
-0.0003002512500000001,-0.3589939796407515,-0.1025015431546294
-0.00030012125,-0.3559451231745231,-0.1025015431546294
-0.00029999125,-0.3525575048787137,-0.10182340466701
-0.00029986125,-0.3501861720716472,-0.1011452661793906
-0.0002997312500000001,-0.3481536010941616,-0.1011452661793906
-0.00029960125,-0.346121030116676,-0.1011452661793906
-0.00029947125,-0.3430721736504476,-0.1011452661793906
-0.00029934125,-0.3396845553546382,-0.10182340466701
-0.0002992112500000001,-0.3376519843771526,-0.10182340466701
-0.00029908125,-0.335619413399667,-0.1011452661793906
-0.00029895125,-0.3332480805926005,-0.1014843354232003
-0.00029882125,-0.330199224126372,-0.10182340466701
-0.00029869125,-0.3274891294897246,-0.1014843354232003
-0.00029856125,-0.3234239875347534,-0.10182340466701
-0.00029843125,-0.3193588455797822,-0.1021624739108197
-0.00029830125,-0.3176650364318775,-0.1028406123984392
-0.00029817125,-0.3156324654543919,-0.1028406123984392
-0.00029804125,-0.3139386563064872,-0.1028406123984392
-0.00029791125,-0.3112285616698398,-0.1028406123984392
-0.00029778125,-0.309873514351516,-0.1014843354232003
-0.00029765125,-0.3058083723965448,-0.1021624739108197
-0.00029752125,-0.3030982777598973,-0.0997889892041517
-0.00029739125,-0.299710659464088,-0.1011452661793906
-0.00029726125,-0.2970005648274405,-0.1011452661793906
-0.00029713125,-0.294290470190793,-0.1004671276917711
-0.0002970012500000001,-0.2888702809174981,-0.1011452661793906
-0.00029687125,-0.2878539954287553,-0.1014843354232003
-0.00029674125,-0.2837888534737841,-0.1014843354232003
-0.00029661125,-0.2814175206667175,-0.1014843354232003
-0.0002964812500000001,-0.2797237115188129,-0.0997889892041517
-0.00029635125,-0.2780299023709082,-0.1004671276917711
-0.00029622125,-0.2753198077342607,-0.1001280584479614
-0.00029609125,-0.2726097130976132,-0.1008061969355808
-0.0002959612500000001,-0.2705771421201276,-0.1011452661793906
-0.00029583125,-0.2682058093130611,-0.1008061969355808
-0.00029570125,-0.2638019055285089,-0.1011452661793906
-0.00029557125,-0.2607530490622805,-0.1011452661793906
-0.0002954412500000001,-0.2577041925960521,-0.0997889892041517
-0.00029531125,-0.2560103834481474,-0.1001280584479614
-0.00029518125,-0.2543165743002428,-0.09843271222891282
-0.00029505125,-0.2516064796635953,-0.0997889892041517
-0.00029492125,-0.2502514323452715,-0.1001280584479614
-0.00029479125,-0.2458475285607194,-0.1011452661793906
-0.00029466125,-0.2431374339240719,-0.1004671276917711
-0.00029453125,-0.2394110537986817,-0.1008061969355808
-0.00029440125,-0.2360234355028723,-0.1011452661793906
-0.00029427125,-0.2316195317183202,-0.09944991996034198
-0.00029414125,-0.2295869607408346,-0.09877178147272254
-0.00029401125,-0.2268768661041871,-0.09911085071653226
-0.00029388125,-0.2238280096379587,-0.09911085071653226
-0.00029375125,-0.2197628676829875,-0.09944991996034198
-0.00029362125,-0.2180690585350828,-0.0997889892041517
-0.00029349125,-0.2150202020688544,-0.09944991996034198
-0.00029336125,-0.2112938219434641,-0.09911085071653226
-0.00029323125,-0.2085837273068166,-0.0997889892041517
-0.00029310125,-0.206551156329331,-0.1004671276917711
-0.00029297125,-0.2048573471814263,-0.1001280584479614
-0.00029284125,-0.2021472525447789,-0.09843271222891282
-0.0002927112500000001,-0.2001146815672933,-0.0977545737412934
-0.00029258125,-0.1967270632714839,-0.09707643525367396
-0.00029245125,-0.1943557304644174,-0.09707643525367396
-0.00029232125,-0.1892743030207034,-0.09843271222891282
-0.0002921912500000001,-0.1869029702136368,-0.09707643525367396
-0.00029206125,-0.1838541137474084,-0.0977545737412934
-0.00029193125,-0.1811440191107609,-0.09639829676605452
-0.00029180125,-0.1791114481332753,-0.09707643525367396
-0.0002916712500000001,-0.175723829837466,-0.09673736600986424
-0.00029154125,-0.1747075443487232,-0.09673736600986424
-0.00029141125,-0.1726749733712376,-0.09707643525367396
-0.00029128125,-0.1699648787345901,-0.09673736600986424
-0.00029115125,-0.1672547840979426,-0.09538108903462537
-0.00029102125,-0.1621733566542286,-0.09538108903462537
-0.00029089125,-0.1598020238471621,-0.09572015827843509
-0.00029076125,-0.1560756437217718,-0.09572015827843509
-0.00029063125,-0.1530267872555434,-0.09470295054700593
-0.00029050125,-0.1503166926188959,-0.09538108903462537
-0.00029037125,-0.1476065979822485,-0.09538108903462537
-0.00029024125,-0.1459127888343438,-0.09572015827843509
-0.00029011125,-0.1435414560272772,-0.09538108903462537
-0.00028998125,-0.139476314072306,-0.09572015827843509
-0.00028985125,-0.1377825049244013,-0.09436388130319621
-0.00028972125,-0.1350724102877539,-0.09368574281557679
-0.00028959125,-0.1313460301623636,-0.09165132735271848
-0.00028946125,-0.1279584118665542,-0.09368574281557679
-0.00028933125,-0.1249095554003258,-0.09165132735271848
-0.00028920125,-0.1218606989340974,-0.09232946584033791
-0.00028907125,-0.1201668897861928,-0.09165132735271848
-0.0002889412500000001,-0.1171180333199644,-0.09232946584033791
-0.00028881125,-0.1161017478312215,-0.09063411962128932
-0.00028868125,-0.113730415024155,-0.0902950503774796
-0.00028855125,-0.1106815585579266,-0.09063411962128932
-0.0002884212500000001,-0.1083102257508601,-0.09063411962128932
-0.00028829125,-0.103228798307146,-0.09165132735271848
-0.00028816125,-0.09916365635217483,-0.09232946584033791
-0.00028803125,-0.09611479988594641,-0.09232946584033791
-0.0002879012500000001,-0.09272718159013708,-0.09131225810890876
-0.00028777125,-0.08967832512390866,-0.08961691188986018
-0.00028764125,-0.08832327780558492,-0.08859970415843102
-0.00028751125,-0.0859519449985184,-0.08792156567081158
-0.00028738125,-0.08290308853228998,-0.0882606349146213
-0.00028725125,-0.08087051755480437,-0.08792156567081158
-0.00028712125,-0.07782166108857597,-0.08690435793938243
-0.00028699125,-0.07477280462234756,-0.08792156567081158
-0.00028686125,-0.07138518632653822,-0.08927784264605046
-0.00028673125,-0.07003013900821448,-0.08690435793938243
-0.00028660125,-0.06664252071240513,-0.08724342718319215
-0.00028647125,-0.06359366424617673,-0.08554808096414356
-0.00028634125,-0.05885099863204364,-0.08690435793938243
-0.00028621125,-0.05614090399539617,-0.08588715020795328
-0.00028608125,-0.05410833301791056,-0.08520901172033385
-0.00028595125,-0.05139823838126309,-0.08419180398890469
-0.00028582125,-0.04699433459671094,-0.08486994247652413
-0.00028569125,-0.0446230017896444,-0.08419180398890469
-0.00028556125,-0.04191290715299692,-0.08453087323271441
-0.00028543125,-0.03920281251634945,-0.08554808096414356
-0.00028530125,-0.03513767056137825,-0.08554808096414356
-0.0002851712500000001,-0.03208881409514983,-0.08554808096414356
-0.00028504125,-0.03039500494724516,-0.08486994247652413
-0.00028491125,-0.02734614848101675,-0.08486994247652413
-0.00028478125,-0.02565233933311208,-0.08351366550128525
-0.0002846512500000001,-0.02226472103730274,-0.08317459625747554
-0.00028452125,-0.01887710274149339,-0.08215738852604638
-0.00028439125,-0.01616700810484592,-0.08181831928223667
-0.00028426125,-0.01379567529777937,-0.08181831928223667
-0.0002841312500000001,-0.0100692951723891,-0.08215738852604638
-0.00028400125,-0.006681676876579752,-0.08215738852604638
-0.00028387125,-0.005326629558256015,-0.07876669608794921
-0.00028374125,-0.001600249432865737,-0.07978390381937836
-0.0002836112500000001,0.001109845203781738,-0.07876669608794921
-0.00028348125,0.004158701670010147,-0.07978390381937836
-0.00028335125,0.00822384362498136,-0.07876669608794921
-0.00028322125,0.01093393826162883,-0.07876669608794921
-0.00028309125,0.01262774740953351,-0.07808855760032977
-0.00028296125,0.01669288936450472,-0.07673228062509091
-0.00028283125,0.02008050766031406,-0.07741041911271034
-0.00028270125,0.0214355549786378,-0.07639321138128119
-0.00028257125,0.02448441144486621,-0.07639321138128119
-0.00028244125,0.02753326791109462,-0.07673228062509091
-0.00028231125,0.02956583888858022,-0.07707134986890062
-0.00028218125,0.03193717169564676,-0.07571507289366175
-0.00028205125,0.03532478999145611,-0.07537600364985203
-0.00028192125,0.03972869377600825,-0.07537600364985203
-0.00028179125,0.04243878841265573,-0.07401972667461316
-0.00028166125,0.04481012121972228,-0.0726634496993743
-0.00028153125,0.04752021585636974,-0.07334158818699373
-0.00028140125,0.04989154866343629,-0.0726634496993743
-0.00028127125,0.05327916695924563,-0.07401972667461316
-0.00028114125,0.05734430891421684,-0.07300251894318401
-0.00028101125,0.06107068903960712,-0.07435879591842288
-0.0002808812500000001,0.06411954550583553,-0.07130717272413542
-0.00028075125,0.06682964014248301,-0.07198531121175486
-0.00028062125,0.06852344929038767,-0.07028996499270627
-0.00028049125,0.07326611490452076,-0.06961182650508684
-0.0002803612500000001,0.07597620954116824,-0.06927275726127712
-0.00028023125,0.0776700186890729,-0.06825554952984797
-0.00028010125,0.08004135149613945,-0.06825554952984797
-0.00027997125,0.08342896979194879,-0.0689336880174674
-0.0002798412500000001,0.08681658808775813,-0.06791648028603825
-0.00027971125,0.08783287357650094,-0.06689927255460909
-0.00027958125,0.09054296821314842,-0.06689927255460909
-0.00027945125,0.09325306284979588,-0.06689927255460909
-0.00027932125,0.09460811016811962,-0.06554299557937023
-0.00027919125,0.09867325212309083,-0.06350858011651192
-0.00027906125,0.1010445849301574,-0.06283044162889248
-0.00027893125,0.1047709650555477,-0.0631695108727022
-0.00027880125,0.1074810596921951,-0.0631695108727022
-0.00027867125,0.1108686779880045,-0.0631695108727022
-0.00027854125,0.113240010795071,-0.06249137238508276
-0.00027841125,0.1162888672612994,-0.06079602616603418
-0.00027828125,0.1189989618979469,-0.06350858011651192
-0.00027815125,0.1230641038529181,-0.06147416465365362
-0.00027802125,0.1267904839783084,-0.06215230314127304
-0.00027789125,0.1291618167853749,-0.06147416465365362
-0.00027776125,0.1332269587403462,-0.0611350954098439
-0.00027763125,0.1349207678882508,-0.05977881843460502
-0.00027750125,0.1366145770361555,-0.05943974919079531
-0.00027737125,0.139324671672803,-0.05977881843460502
-0.00027724125,0.1430510517981932,-0.05774440297174671
-0.0002771112500000001,0.1454223846052598,-0.05740533372793701
-0.00027698125,0.1488100029010691,-0.05706626448412729
-0.00027685125,0.1518588593672975,-0.05672719524031757
-0.00027672125,0.154568954003945,-0.05672719524031757
-0.0002765912500000001,0.1566015249814306,-0.05570998750888841
-0.00027646125,0.1586340959589162,-0.05503184902126898
-0.00027633125,0.1610054287659828,-0.05570998750888841
-0.00027620125,0.1643930470617921,-0.05537091826507869
-0.0002760712500000001,0.1671031416984396,-0.05333650280222038
-0.00027594125,0.1711682836534108,-0.05198022582698152
-0.00027581125,0.1745559019492201,-0.05198022582698152
-0.00027568125,0.1762497110971248,-0.05299743355841068
-0.00027555125,0.1799760912225151,-0.05333650280222038
-0.00027542125,0.1816699003704197,-0.05130208733936208
-0.00027529125,0.1870900896437147,-0.05198022582698152
-0.00027516125,0.1884451369620384,-0.05028487960793293
-0.00027503125,0.1928490407465906,-0.05062394885174265
-0.00027490125,0.1952203735536571,-0.04926767187650377
-0.00027477125,0.1969141827015618,-0.04892860263269407
-0.00027464125,0.1999630391677902,-0.04858953338888435
-0.00027451125,0.2026731338044377,-0.04791139490126491
-0.00027438125,0.2067382757594089,-0.04689418716983575
-0.00027425125,0.2097871322256373,-0.04621604868221632
-0.00027412125,0.211480941373542,-0.04485977170697744
-0.00027399125,0.2124972268622848,-0.04418163321935802
-0.00027386125,0.2162236069876751,-0.04316442548792886
-0.00027373125,0.2196112252834844,-0.04350349473173858
-0.00027360125,0.22164379626097,-0.04248628700030943
-0.00027347125,0.2250314145567794,-0.04248628700030943
-0.0002733412500000001,0.2274027473638459,-0.04248628700030943
-0.00027321125,0.2304516038300743,-0.04282535624411914
-0.00027308125,0.2338392221258837,-0.04180814851268999
-0.00027295125,0.2368880785921121,-0.04113001002507055
-0.0002728212500000001,0.2392594113991786,-0.03977373304983169
-0.00027269125,0.242308267865407,-0.04011280229364141
-0.00027256125,0.2460346479907973,-0.0380783868307831
-0.00027243125,0.2494222662866066,-0.03875652531840253
-0.0002723012500000001,0.2511160754345113,-0.03672210985554422
-0.00027217125,0.2545036937303207,-0.03841745607459281
-0.00027204125,0.2561975028782253,-0.03672210985554422
-0.00027191125,0.25789131202613,-0.0360439713679248
-0.0002717812500000001,0.2589075975148728,-0.03502676363649564
-0.00027165125,0.2626339776402631,-0.0343486251488762
-0.00027152125,0.2653440722769105,-0.03400955590506649
-0.00027139125,0.2697479760614627,-0.0343486251488762
-0.00027126125,0.2741518798460149,-0.0343486251488762
-0.00027113125,0.2758456889939195,-0.03367048666125677
-0.00027100125,0.2782170218009861,-0.03197514044220819
-0.00027087125,0.2799108309488907,-0.03129700195458875
-0.00027074125,0.2822821637559573,-0.03163607119839847
-0.00027061125,0.2866860675405094,-0.03129700195458875
-0.00027048125,0.2883798766884141,-0.03061886346696931
-0.00027035125,0.2900736858363188,-0.03061886346696931
-0.00027022125,0.2944775896208709,-0.02892351724792072
-0.00027009125,0.2978652079166803,-0.02892351724792072
-0.00026996125,0.3015915880420705,-0.02858444800411101
-0.00026983125,0.3039629208491371,-0.02858444800411101
-0.00026970125,0.3066730154857845,-0.02722817102887213
-0.00026957125,0.3080280628041083,-0.02722817102887213
-0.00026944125,0.309721871952013,-0.02587189405363326
-0.00026931125,0.3131094902478223,-0.02688910178506242
-0.00026918125,0.3161583467140507,-0.02553282480982354
-0.0002690512500000001,0.31954596500986,-0.02519375556601383
-0.00026892125,0.3236111069648313,-0.02485468632220411
-0.00026879125,0.3256436779423169,-0.0228202708593458
-0.00026866125,0.3286925344085453,-0.02214213237172637
-0.0002685312500000001,0.3307251053860309,-0.02214213237172637
-0.00026840125,0.3327576763635165,-0.02248120161553609
-0.00026827125,0.3341127236818402,-0.0207858553964875
-0.00026814125,0.3368228183184877,-0.02044678615267778
-0.0002680112500000001,0.3412267221030398,-0.01875143993362919
-0.00026788125,0.3446143403988492,-0.01841237068981948
-0.00026775125,0.3486794823538204,-0.01841237068981948
-0.00026762125,0.3513895769904679,-0.01807330144600976
-0.00026749125,0.3537609097975344,-0.01807330144600976
-0.00026736125,0.3568097662637628,-0.01773423220220004
-0.00026723125,0.3585035754116675,-0.01637795522696117
-0.00026710125,0.3605361463891531,-0.01603888598315145
-0.00026697125,0.3632462410258006,-0.01569981673934174
-0.00026684125,0.3642625265145434,-0.01468260900791258
-0.00026671125,0.3666338593216099,-0.01264819354505428
-0.00026658125,0.3696827157878383,-0.01332633203267371
-0.00026645125,0.3734090959132286,-0.01332633203267371
-0.00026632125,0.3744253814019714,-0.01264819354505428
-0.00026619125,0.3774742378681998,-0.01163098581362512
-0.00026606125,0.3808618561640091,-0.01095284732600569
-0.00026593125,0.3835719508006566,-0.009935639594576537
-0.00026580125,0.3862820454373041,-0.01061377808219597
-0.00026567125,0.3913634728810181,-0.009596570350766819
-0.00026554125,0.3927185201993418,-0.008579362619337666
-0.00026541125,0.3950898530064084,-0.007562154887908513
-0.0002652812500000001,0.3984774713022177,-0.006205877912669642
-0.00026515125,0.4005100422797033,-0.005866808668859925
-0.00026502125,0.402542613257189,-0.00654494715647936
-0.00026489125,0.4055914697234174,-0.005866808668859925
-0.0002647612500000001,0.4069465170417411,-0.005866808668859925
-0.00026463125,0.4089790880192267,-0.005527739425050207
-0.00026450125,0.4123667063150361,-0.004510531693621055
-0.00026437125,0.4164318482700073,-0.002476116230762749
-0.0002642412500000001,0.4191419429066547,-0.0007807700117141612
-0.00026411125,0.4208357520545594,-0.0001026315240947261
-0.00026398125,0.4221907993728832,-0.0004417007679044436
-0.00026385125,0.4249008940095306,0.0005755069635247092
-0.00026372125,0.4276109886461781,-0.0001026315240947261
-0.00026359125,0.4299823214532447,0.001592714694953862
-0.00026346125,0.433369939749054,0.0009145762073344267
-0.00026333125,0.4367575580448633,0.001253645451144144
-0.00026320125,0.4398064145110918,0.002270853182573297
-0.00026307125,0.4415002236589964,0.002609922426383015
-0.00026294125,0.4445490801252248,0.002270853182573297
-0.00026281125,0.4475979365914532,0.003627130157812168
-0.00026268125,0.4499692693985198,0.004983407133051038
-0.00026255125,0.4523406022055863,0.004983407133051038
-0.00026242125,0.4547119350126528,0.005661545620670473
-0.00026229125,0.4567445059901384,0.006678753352099625
-0.00026216125,0.4611484097746906,0.00600061486448019
-0.00026203125,0.4638585044113381,0.007017822595909344
-0.00026190125,0.4658910753888237,0.008035030327338495
-0.00026177125,0.4679236463663093,0.008035030327338495
-0.00026164125,0.4706337410029567,0.008713168814957931
-0.0002615112500000001,0.4730050738100233,0.008374099571148213
-0.00026138125,0.4760539302762517,0.009730376546387084
-0.00026125125,0.4804578340608038,0.009052238058767649
-0.00026112125,0.4818128813791276,0.01142572276543567
-0.0002609912500000001,0.4845229760157751,0.01176479200924539
-0.00026086125,0.4868943088228416,0.01210386125305511
-0.00026073125,0.4892656416299082,0.01346013822829398
-0.00026060125,0.4909594507778128,0.01413827671591341
-0.0002604712500000001,0.4936695454144603,0.01447734595972313
-0.00026034125,0.4946858309032031,0.01549455369115228
-0.00026021125,0.4977346873694315,0.01549455369115228
-0.00026008125,0.4997672583469171,0.01617269217877172
-0.00025995125,0.5014610674948218,0.01685083066639115
-0.00025982125,0.5045099239610501,0.01651176142258143
-0.00025969125,0.5058649712793739,0.01685083066639115
-0.00025956125,0.5112851605526688,0.01820710764163002
-0.00025943125,0.5129789697005736,0.02024152310448833
-0.00025930125,0.51535030250764,0.02058059234829805
-0.00025917125,0.5180603971442875,0.02024152310448833
-0.00025904125,0.5214480154400969,0.0215978000797272
-0.00025891125,0.5224643009288397,0.02261500781115635
-0.00025878125,0.5241581100767443,0.02329314629877579
-0.00025865125,0.5272069665429727,0.02363221554258551
-0.00025852125,0.5292395375204584,0.02532756176163409
-0.00025839125,0.5322883939866868,0.02431035403020494
-0.00025826125,0.5339822031345914,0.02634476949306325
-0.00025813125,0.5370310596008199,0.02702290798068268
-0.00025800125,0.5400799160670483,0.02668383873687296
-0.00025787125,0.5424512488741148,0.0273619772244924
-0.00025774125,0.5431287725332766,0.02837918495592155
-0.00025761125,0.5471939144882478,0.02871825419973127
-0.00025748125,0.5499040091248953,0.02905732344354099
-0.00025735125,0.5522753419319619,0.03007453117497014
-0.0002572212500000001,0.5543079129094475,0.03041360041877986
-0.00025709125,0.5576955312052568,0.03075266966258957
-0.00025696125,0.5600668640123234,0.03075266966258957
-0.00025683125,0.5627769586489708,0.03143080815020901
-0.0002567012500000001,0.5651482914560374,0.03143080815020901
-0.00025657125,0.5678583860926849,0.03210894663782844
-0.00025644125,0.5692134334110086,0.03244801588163816
-0.00025631125,0.5719235280476561,0.0331261543692576
-0.0002561812500000001,0.5732785753659798,0.03380429285687703
-0.00025605125,0.5759886700026273,0.03516056983211591
-0.00025592125,0.5780212409801129,0.03549963907592563
-0.00025579125,0.5803925737871795,0.03448243134449647
-0.00025566125,0.5827639065942459,0.03651684680735477
-0.00025553125,0.5837801920829888,0.03583870831973533
-0.00025540125,0.5851352394013125,0.03685591605116449
-0.00025527125,0.58784533403796,0.03787312378259364
-0.00025514125,0.5902166668450265,0.03753405453878393
-0.00025501125,0.5932655233112549,0.03922940075783252
-0.00025488125,0.5966531416070643,0.04058567773307138
-0.00025475125,0.5983469507549689,0.0409247469768811
-0.00025462125,0.6017345690507783,0.04126381622069082
-0.00025449125,0.603428378198683,0.04194195470831026
-0.00025436125,0.6064772346649114,0.04262009319592969
-0.00025423125,0.6098648529607207,0.04329823168354913
-0.00025410125,0.6115586621086254,0.04329823168354913
-0.00025397125,0.6142687567452729,0.04363730092735885
-0.00025384125,0.6152850422340157,0.04363730092735885
-0.00025371125,0.619011422359406,0.04431543941497827
-0.00025358125,0.6207052315073106,0.04465450865878799
-0.0002534512500000001,0.6223990406552153,0.04533264714640743
-0.00025332125,0.62409284980312,0.04601078563402687
-0.00025319125,0.6254478971214437,0.04567171639021715
-0.00025306125,0.6284967535876721,0.04702799336545602
-0.0002529312500000001,0.6305293245651578,0.04736706260926574
-0.00025280125,0.6329006573722242,0.04906240882831432
-0.00025267125,0.6369657993271954,0.04974054731593376
-0.00025254125,0.6396758939638429,0.04906240882831432
-0.0002524112500000001,0.6406921794525857,0.05007961655974348
-0.00025228125,0.6403534176230048,0.05075775504736291
-0.00025215125,0.6437410359188142,0.05177496277879207
-0.00025202125,0.6464511305554617,0.05347030899784065
-0.00025189125,0.6484837015329472,0.05313123975403093
-0.00025176125,0.649838748851271,0.05414844748546009
-0.00025163125,0.6522100816583375,0.05414844748546009
-0.00025150125,0.6545814144654041,0.05380937824165037
-0.00025137125,0.6559364617837278,0.05380937824165037
-0.00025124125,0.6559364617837278,0.05380937824165037
-0.00025111125,0.660001603738699,0.05516565521688924
-0.00025098125,0.6644055075232511,0.05584379370450868
-0.00025085125,0.665421793011994,0.05652193219212812
-0.00025072125,0.6691481731373843,0.05720007067974754
-0.00025059125,0.6715195059444508,0.05720007067974754
-0.00025046125,0.6732133150923555,0.0582172784111767
-0.00025033125,0.6759234097290029,0.05889541689879614
-0.00025020125,0.6772784570473267,0.06025169387403501
-0.00025007125,0.6786335043656504,0.06025169387403501
-0.00024994125,0.6813435990022979,0.06025169387403501
-0.00024981125,0.6830374081502025,0.05991262463022529
-0.00024968125,0.6850699791276882,0.06025169387403501
-0.00024955125,0.6874413119347547,0.06126890160546415
-0.00024942125,0.6898126447418212,0.06262517858070303
-0.00024929125,0.6918452157193068,0.06296424782451274
-0.0002491612500000001,0.6932002630376306,0.06330331706832246
-0.00024903125,0.6955715958446971,0.06330331706832246
-0.00024890125,0.6972654049926018,0.06330331706832246
-0.00024877125,0.6992979759700874,0.06364238631213218
-0.0002486412500000001,0.7023468324363158,0.06465959404356134
-0.00024851125,0.7040406415842205,0.06635494026260992
-0.00024838125,0.706411974391287,0.06703307875022935
-0.00024825125,0.7091220690279345,0.06669400950641964
-0.00024812125,0.7111546400054201,0.06635494026260992
-0.00024799125,0.7128484491533248,0.06703307875022935
-0.00024786125,0.7152197819603913,0.06737214799403907
-0.00024773125,0.7172523529378769,0.06838935572546823
-0.00024760125,0.7196236857449435,0.06940656345689737
-0.00024747125,0.7203012094041054,0.06940656345689737
-0.00024734125,0.7223337803815909,0.06940656345689737
-0.00024721125,0.7253826368478193,0.06974563270070709
-0.00024708125,0.7263989223365621,0.07076284043213625
-0.00024695125,0.727415207825305,0.07076284043213625
-0.00024682125,0.7287702551436287,0.07042377118832653
-0.00024669125,0.7314803497802762,0.0717800481635654
-0.00024656125,0.7328353970985999,0.0717800481635654
-0.00024643125,0.7341904444169236,0.07245818665118484
-0.00024630125,0.7365617772239902,0.0738144636264237
-0.00024617125,0.7382555863718948,0.07449260211404314
-0.00024604125,0.7396106336902186,0.07483167135785286
-0.00024591125,0.7426594901564471,0.07517074060166258
-0.00024578125,0.7440145374747708,0.07584887908928201
-0.00024565125,0.7460471084522563,0.07550980984547229
-0.00024552125,0.748079679429742,0.07550980984547229
-0.0002453912500000001,0.7511285358959704,0.07618794833309173
-0.00024526125,0.752822345043875,0.07618794833309173
-0.00024513125,0.7562099633396844,0.07686608682071117
-0.00024500125,0.7575650106580081,0.07754422530833059
-0.0002448712500000001,0.7589200579763319,0.07822236379595003
-0.00024474125,0.7612913907833984,0.07856143303975975
-0.00024461125,0.7640014854200459,0.07890050228356947
-0.00024448125,0.7656952945679505,0.07890050228356947
-0.0002443512500000001,0.7680666273750171,0.07923957152737919
-0.00024422125,0.7690829128637598,0.08025677925880834
-0.00024409125,0.7707767220116646,0.08161305623404722
-0.00024396125,0.7717930075004074,0.0812739869902375
-0.00024383125,0.7728092929891501,0.08161305623404722
-0.00024370125,0.773825578477893,0.08195212547785692
-0.00024357125,0.7765356731145404,0.08263026396547636
-0.00024344125,0.778907005921607,0.08229119472166664
-0.00024331125,0.7799232914103498,0.0833084024530958
-0.00024318125,0.7812783387286735,0.0833084024530958
-0.00024305125,0.7850047188540638,0.0833084024530958
-0.00024292125,0.7863597661723876,0.0833084024530958
-0.00024279125,0.7877148134907113,0.08432561018452495
-0.00024266125,0.788731098979454,0.08568188715976383
-0.00024253125,0.7911024317865206,0.08669909489119297
-0.00024240125,0.7924574791048443,0.08703816413500269
-0.00024227125,0.79449005008233,0.08636002564738325
-0.00024214125,0.7972001447189775,0.08703816413500269
-0.00024201125,0.799232715696463,0.08703816413500269
-0.00024188125,0.8016040485035296,0.08703816413500269
-0.00024175125,0.8022815721626915,0.08636002564738325
-0.00024162125,0.8046529049697579,0.08703816413500269
-0.00024149125,0.8056691904585008,0.08737723337881241
-0.00024136125,0.8070242377768245,0.08771630262262213
-0.00024123125,0.8087180469247292,0.08975071808548044
-0.00024110125,0.8090568087543102,0.09042885657309986
-0.00024097125,0.8114281415613767,0.09042885657309986
-0.00024084125,0.8134607125388623,0.0911069950607193
-0.00024071125,0.8161708071755097,0.09076792581690958
-0.00024058125,0.8185421399825763,0.09076792581690958
-0.00024045125,0.8202359491304809,0.0911069950607193
-0.00024032125,0.8222685201079666,0.09042885657309986
-0.00024019125,0.8239623292558712,0.09178513354833874
-0.00024006125,0.8249786147446141,0.09212420279214846
-0.00023993125,0.8259949002333569,0.09178513354833874
-0.00023980125,0.8283662330404234,0.09246327203595817
-0.00023967125,0.8297212803587471,0.09280234127976789
-0.00023954125,0.8310763276770708,0.09280234127976789
-0.00023941125,0.8310763276770708,0.09381954901119705
-0.00023928125,0.8324313749953947,0.09381954901119705
-0.00023915125,0.8351414696320421,0.09348047976738733
-0.00023902125,0.8368352787799468,0.09381954901119705
-0.00023889125,0.8368352787799468,0.09449768749881647
-0.00023876125,0.8385290879278514,0.09483675674262619
-0.00023863125,0.8412391825644989,0.09483675674262619
-0.00023850125,0.8436105153715654,0.09551489523024563
-0.00023837125,0.8456430863490511,0.09619303371786507
-0.00023824125,0.8483531809856986,0.09619303371786507
-0.00023811125,0.8497082283040223,0.09517582598643591
-0.00023798125,0.8500469901336032,0.09483675674262619
-0.00023785125,0.8500469901336032,0.0968711722054845
-0.00023772125,0.8524183229406698,0.09721024144929422
-0.00023759125,0.8534346084294125,0.09822744918072338
-0.00023746125,0.8551284175773172,0.09721024144929422
-0.00023733125,0.8581772740435456,0.09754931069310394
-0.00023720125,0.8585160358731265,0.09788837993691366
-0.00023707125,0.8598710831914503,0.09822744918072338
-0.00023694125,0.861564892339355,0.0968711722054845
-0.00023681125,0.8632587014872596,0.09619303371786507
-0.00023668125,0.8656300342943262,0.09754931069310394
-0.00023655125,0.8666463197830689,0.09856651842453309
-0.00023642125,0.8673238434422308,0.09924465691215252
-0.00023629125,0.8686788907605546,0.0989055876683428
-0.00023616125,0.8696951762492974,0.09958372615596224
-0.00023603125,0.871727747226783,0.1012790723750108
-0.00023590125,0.8730827945451067,0.1009400031312011
-0.00023577125,0.8744378418634304,0.1012790723750108
-0.00023564125,0.8751153655225923,0.1002618646435817
-0.00023551125,0.8764704128409161,0.1012790723750108
-0.00023538125,0.8771479365000779,0.1009400031312011
-0.00023525125,0.8795192693071445,0.1019572108626303
-0.00023512125,0.8815518402846301,0.1026353493502497
-0.00023499125,0.8839231730916967,0.1033134878378691
-0.00023486125,0.8839231730916967,0.1006009338873914
-0.00023473125,0.8846006967508585,0.1026353493502497
-0.00023460125,0.8866332677283441,0.1012790723750108
-0.00023447125,0.887310791387506,0.10229628010644
-0.00023434125,0.8886658387058297,0.1019572108626303
-0.00023421125,0.8910371715128963,0.1019572108626303
-0.00023408125,0.8930697424903818,0.1012790723750108
-0.00023395125,0.8944247898087055,0.10229628010644
-0.00023382125,0.8947635516382866,0.1026353493502497
-0.00023369125,0.8964573607861912,0.1043306955692983
-0.00023356125,0.8981511699340958,0.1050088340569177
-0.00023343125,0.8981511699340958,0.104669764813108
-0.00023330125,0.8981511699340958,0.1036525570816789
-0.00023317125,0.9012000264003243,0.1029744185940594
-0.00023304125,0.9032325973778099,0.1033134878378691
-0.00023291125,0.9049264065257145,0.1036525570816789
-0.00023278125,0.9056039301848764,0.1043306955692983
-0.00023265125,0.9066202156736193,0.1043306955692983
-0.00023252125,0.907975262991943,0.1050088340569177
-0.00023239125,0.9083140248215239,0.1039916263254886
-0.00023226125,0.907975262991943,0.1073823187635857
-0.00023213125,0.9093303103102667,0.1053479033007274
-0.00023200125,0.9100078339694285,0.1056869725445372
-0.00023187125,0.9144117377539808,0.1056869725445372
-0.00023174125,0.9161055469018854,0.1063651110321566
-0.00023161125,0.9181381178793711,0.1060260417883469
-0.00023148125,0.91779935604979,0.107043249519776
-0.00023135125,0.91779935604979,0.1063651110321566
-0.00023122125,0.9181381178793711,0.1056869725445372
-0.00023109125,0.9181381178793711,0.1053479033007274
-0.00023096125,0.9194931651976948,0.1050088340569177
-0.00023083125,0.9215257361751803,0.104669764813108
-0.00023070125,0.9245745926414087,0.1036525570816789
-0.00023057125,0.9259296399597325,0.104669764813108
-0.00023044125,0.9266071636188944,0.104669764813108
-0.00023031125,0.9266071636188944,0.1053479033007274
-0.00023018125,0.9266071636188944,0.1053479033007274
-0.00023005125,0.9255908781301515,0.1067041802759663
-0.00022992125,0.9279622109372181,0.1060260417883469
-0.00022979125,0.9299947819147037,0.1063651110321566
-0.00022966125,0.9327048765513511,0.1067041802759663
-0.00022953125,0.933382400210513,0.1077213880073955
-0.00022940125,0.9350762093584177,0.1056869725445372
-0.00022927125,0.9357537330175796,0.1077213880073955
-0.00022914125,0.9360924948471605,0.1077213880073955
-0.00022901125,0.9371087803359033,0.1073823187635857
-0.00022888125,0.9381250658246462,0.1060260417883469
-0.00022875125,0.9391413513133889,0.1067041802759663
-0.00022862125,0.9384638276542271,0.107043249519776
-0.00022849125,0.9401576368021317,0.107043249519776
-0.00022836125,0.9418514459500364,0.1073823187635857
-0.00022823125,0.9435452550979411,0.107043249519776
-0.00022810125,0.9452390642458457,0.107043249519776
-0.00022797125,0.9459165879050077,0.107043249519776
-0.00022784125,0.9476103970529123,0.1067041802759663
-0.00022771125,0.9476103970529123,0.1067041802759663
-0.00022758125,0.948965444371236,0.1077213880073955
-0.00022745125,0.9496429680303979,0.1083995264950149
-0.00022732125,0.9506592535191407,0.1080604572512052
-0.00022719125,0.9509980153487216,0.109416734226444
-0.00022706125,0.9523530626670453,0.1083995264950149
-0.00022693125,0.9523530626670453,0.1073823187635857
-0.00022680125,0.9530305863262072,0.1080604572512052
-0.00022667125,0.9550631573036928,0.1060260417883469
-0.00022654125,0.9550631573036928,0.1080604572512052
-0.00022641125,0.9567569664515975,0.1056869725445372
-0.00022628125,0.9564182046220165,0.1067041802759663
-0.00022615125,0.9577732519403404,0.1063651110321566
-0.00022602125,0.9587895374290831,0.1077213880073955
-0.00022589125,0.9608221084065687,0.1080604572512052
-0.00022576125,0.9604833465769878,0.1067041802759663
-0.00022563125,0.9608221084065687,0.1050088340569177
-0.00022550125,0.9618383938953116,0.1053479033007274
-0.00022537125,0.9618383938953116,0.1056869725445372
-0.00022524125,0.9635322030432162,0.1053479033007274
-0.00022511125,0.9628546793840543,0.1060260417883469
-0.00022498125,0.9635322030432162,0.1050088340569177
-0.00022485125,0.9638709648727971,0.1043306955692983
-0.00022472125,0.9652260121911209,0.104669764813108
-0.00022459125,0.9679361068277683,0.1056869725445372
-0.00022446125,0.9696299159756731,0.1056869725445372
-0.00022433125,0.9713237251235777,0.1060260417883469
-0.00022420125,0.9716624869531586,0.1056869725445372
-0.00022407125,0.9696299159756731,0.1063651110321566
-0.00022394125,0.9692911541460921,0.1060260417883469
-0.00022381125,0.9716624869531586,0.1039916263254886
-0.00022368125,0.9726787724419015,0.1050088340569177
-0.00022355125,0.9740338197602252,0.104669764813108
-0.00022342125,0.9743725815898061,0.1060260417883469
-0.00022329125,0.9753888670785489,0.1043306955692983
-0.00022316125,0.975050105248968,0.1043306955692983
-0.00022303125,0.9757276289081298,0.104669764813108
-0.00022290125,0.9767439143968727,0.1043306955692983
-0.00022277125,0.9774214380560345,0.1039916263254886
-0.00022264125,0.9787764853743582,0.104669764813108
-0.00022251125,0.9791152472039392,0.1050088340569177
-0.00022238125,0.9780989617151964,0.1039916263254886
-0.00022225125,0.9784377235447773,0.1036525570816789
-0.00022212125,0.9787764853743582,0.1033134878378691
-0.00022199125,0.9814865800110057,0.1033134878378691
-0.00022186125,0.9814865800110057,0.1029744185940594
-0.00022173125,0.9818253418405867,0.10229628010644
-0.00022160125,0.9828416273293294,0.1026353493502497
-0.00022147125,0.9831803891589104,0.1026353493502497
-0.00022134125,0.9838579128180722,0.1033134878378691
-0.00022121125,0.9835191509884913,0.1033134878378691
-0.00022108125,0.9835191509884913,0.1029744185940594
-0.00022095125,0.9845354364772342,0.10229628010644
-0.00022082125,0.9858904837955579,0.1019572108626303
-0.00022069125,0.9872455311138816,0.1012790723750108
-0.00022056125,0.9869067692843007,0.10229628010644
-0.00022043125,0.9872455311138816,0.1016181416188205
-0.00022030125,0.9882618166026245,0.10229628010644
-0.00022017125,0.9875842929434625,0.10229628010644
-0.00022004125,0.9879230547730434,0.1019572108626303
-0.00021991125,0.9872455311138816,0.1009400031312011
-0.00021978125,0.9869067692843007,0.1009400031312011
-0.00021965125,0.9879230547730434,0.1002618646435817
-0.00021952125,0.9896168639209482,0.09924465691215252
-0.00021939125,0.9906331494096909,0.09958372615596224
-0.00021926125,0.99029438758011,0.09924465691215252
-0.00021913125,0.99029438758011,0.09822744918072338
-0.00021900125,0.9916494348984337,0.09856651842453309
-0.00021887125,0.9919881967280146,0.09788837993691366
-0.00021874125,0.9923269585575957,0.0968711722054845
-0.00021861125,0.9923269585575957,0.09754931069310394
-0.00021848125,0.9933432440463384,0.09822744918072338
-0.00021835125,0.9930044822167575,0.09822744918072338
-0.00021822125,0.9930044822167575,0.09822744918072338
-0.00021809125,0.9950370531942431,0.09585396447405535
-0.00021796125,0.9936820058759194,0.09754931069310394
-0.00021783125,0.9963921005125669,0.09551489523024563
-0.00021770125,0.9967308623421478,0.09585396447405535
-0.00021757125,0.9980859096604715,0.09551489523024563
-0.00021744125,0.9970696241717287,0.09517582598643591
-0.00021731125,0.9967308623421478,0.09483675674262619
-0.00021718125,0.9967308623421478,0.09517582598643591
-0.00021705125,0.9977471478308906,0.09483675674262619
-0.00021692125,0.9967308623421478,0.09517582598643591
-0.00021679125,0.996053338682986,0.09517582598643591
-0.00021666125,0.9950370531942431,0.09415861825500677
-0.00021653125,0.995375815023824,0.09381954901119705
-0.00021640125,0.9970696241717287,0.09415861825500677
-0.00021627125,0.9970696241717287,0.09348047976738733
-0.00021614125,0.9967308623421478,0.09314141052357761
-0.00021601125,0.9974083860013097,0.09178513354833874
-0.00021588125,0.9994409569787952,0.09178513354833874
-0.00021575125,1.000118480637957,0.09212420279214846
-0.00021562125,0.9994409569787952,0.09246327203595817
-0.00021549125,0.9984246714900524,0.0911069950607193
-0.00021536125,0.9994409569787952,0.08941164884167072
-0.00021523125,0.9991021951492143,0.09042885657309986
-0.00021510125,1.000457242467538,0.089072579597861
-0.00021497125,0.9994409569787952,0.08941164884167072
-0.00021484125,1.000796004297119,0.089072579597861
-0.00021471125,1.000118480637957,0.08873351035405128
-0.00021458125,1.000118480637957,0.089072579597861
-0.00021445125,1.000457242467538,0.08839444111024156
-0.00021432125,1.000118480637957,0.08771630262262213
-0.00021419125,0.9991021951492143,0.08737723337881241
-0.00021406125,1.000796004297119,0.08805537186643185
-0.00021393125,1.000457242467538,0.08839444111024156
-0.00021380125,1.001812289785862,0.08737723337881241
-0.00021367125,1.002489813445024,0.08669909489119297
-0.00021354125,1.000796004297119,0.08669909489119297
-0.00021341125,1.000457242467538,0.08602095640357353
-0.00021328125,1.000118480637957,0.08534281791595411
-0.00021315125,0.9991021951492143,0.08466467942833467
-0.00021302125,0.9991021951492143,0.08534281791595411
-0.00021289125,1.000796004297119,0.08534281791595411
-0.00021276125,1.002151051615443,0.08500374867214439
-0.00021263125,1.001473527956281,0.08364747169690552
-0.00021250125,1.0011347661267,0.08364747169690552
-0.00021237125,1.000118480637957,0.08263026396547636
-0.00021224125,1.000457242467538,0.08263026396547636
-0.00021211125,1.000118480637957,0.0812739869902375
-0.00021198125,0.9997797188083761,0.08263026396547636
-0.00021185125,0.9987634333196334,0.0812739869902375
-0.00021172125,0.9991021951492143,0.07991771001499862
-0.00021159125,1.000457242467538,0.07991771001499862
-0.00021146125,0.9994409569787952,0.07991771001499862
-0.00021133125,1.0011347661267,0.07991771001499862
-0.00021120125,1.000457242467538,0.07957864077118891
-0.00021107125,1.000796004297119,0.07957864077118891
-0.00021094125,1.0011347661267,0.07822236379595003
-0.00021081125,1.002489813445024,0.07788329455214031
-0.00021068125,1.001473527956281,0.07720515606452089
-0.00021055125,1.000457242467538,0.07686608682071117
-0.00021042125,1.000118480637957,0.07584887908928201
-0.00021029125,0.9991021951492143,0.07584887908928201
-0.00021016125,0.9994409569787952,0.07652701757690145
-0.00021003125,0.9984246714900524,0.07483167135785286
-0.00020990125,0.9997797188083761,0.07449260211404314
-0.00020977125,0.9984246714900524,0.07483167135785286
-0.00020964125,0.9997797188083761,0.07550980984547229
-0.00020951125,0.9997797188083761,0.07347539438261398
-0.00020938125,0.9977471478308906,0.07550980984547229
-0.00020925125,0.9980859096604715,0.07313632513880428
-0.00020912125,0.9987634333196334,0.07313632513880428
-0.00020899125,0.9991021951492143,0.07279725589499456
-0.00020886125,0.9987634333196334,0.07211911740737512
-0.00020873125,0.9977471478308906,0.0717800481635654
-0.00020860125,0.9977471478308906,0.07008470194451681
-0.00020847125,0.9980859096604715,0.06906749421308765
-0.00020834125,0.9977471478308906,0.06805028648165851
-0.00020821125,0.9967308623421478,0.06838935572546823
-0.00020808125,0.9967308623421478,0.06805028648165851
-0.00020795125,0.9957145768534049,0.06805028648165851
-0.00020782125,0.9946982913646621,0.06906749421308765
-0.00020769125,0.9943595295350812,0.06906749421308765
-0.00020756125,0.9946982913646621,0.06737214799403907
-0.00020743125,0.9950370531942431,0.06703307875022935
-0.00020730125,0.9940207677055003,0.06533773253118076
-0.00020717125,0.9933432440463384,0.06432052479975162
-0.00020704125,0.9913106730688528,0.06364238631213218
-0.00020691125,0.9906331494096909,0.06296424782451274
-0.00020678125,0.9913106730688528,0.06262517858070303
-0.00020665125,0.9913106730688528,0.06262517858070303
-0.00020652125,0.99029438758011,0.06432052479975162
-0.00020639125,0.9913106730688528,0.06228610933689331
-0.00020626125,0.99029438758011,0.06126890160546415
-0.00020613125,0.9906331494096909,0.06059076311784473
-0.00020600125,0.9896168639209482,0.06025169387403501
-0.00020587125,0.9889393402617863,0.05889541689879614
-0.00020574125,0.9889393402617863,0.05991262463022529
-0.00020561125,0.9882618166026245,0.05991262463022529
-0.00020548125,0.9879230547730434,0.05923448614260585
-0.00020535125,0.9858904837955579,0.05957355538641557
-0.00020522125,0.985212960136396,0.05855634765498642
-0.00020509125,0.9845354364772342,0.05787820916736698
-0.00020496125,0.9841966746476531,0.05686100143593784
-0.00020483125,0.985212960136396,0.05652193219212812
-0.00020470125,0.985551721965977,0.05686100143593784
-0.00020457125,0.985212960136396,0.05686100143593784
-0.00020444125,0.9848741983068151,0.05686100143593784
-0.00020431125,0.9835191509884913,0.05516565521688924
-0.00020418125,0.9825028654997485,0.05347030899784065
-0.00020405125,0.9814865800110057,0.05414844748546009
-0.00020392125,0.9808090563518439,0.05211403202260179
-0.00020379125,0.9794540090335201,0.05279217051022121
-0.00020366125,0.9791152472039392,0.05211403202260179
-0.00020353125,0.9784377235447773,0.05109682429117263
-0.00020340125,0.9787764853743582,0.0504186858035532
-0.00020327125,0.9787764853743582,0.04974054731593376
-0.00020314125,0.9780989617151964,0.04940147807212404
-0.00020301125,0.9767439143968727,0.04804520109688518
-0.00020288125,0.9767439143968727,0.04804520109688518
-0.00020275125,0.9774214380560345,0.04736706260926574
-0.00020262125,0.9784377235447773,0.04702799336545602
-0.00020249125,0.9764051525672917,0.04634985487783658
-0.00020236125,0.9743725815898061,0.04533264714640743
-0.00020223125,0.9740338197602252,0.04533264714640743
-0.00020210125,0.9716624869531586,0.04567171639021715
-0.00020197125,0.9716624869531586,0.04499357790259771
-0.00020184125,0.9726787724419015,0.04431543941497827
-0.00020171125,0.9723400106123204,0.04262009319592969
-0.00020158125,0.9703074396348349,0.04160288546450054
-0.00020145125,0.9689523923165112,0.04228102395211997
-0.00020132125,0.9692911541460921,0.04262009319592969
-0.00020119125,0.9709849632939968,0.04160288546450054
-0.00020106125,0.9686136304869302,0.04160288546450054
-0.00020093125,0.9679361068277683,0.03990753924545196
-0.00020080125,0.9662422976798637,0.03855126227021308
-0.00020067125,0.9635322030432162,0.03855126227021308
-0.00020054125,0.964548488531959,0.03787312378259364
-0.00020041125,0.9635322030432162,0.03685591605116449
-0.00020028125,0.9625159175544734,0.03719498529497421
-0.00020015125,0.9614996320657306,0.03685591605116449
-0.00020002125,0.9614996320657306,0.03685591605116449
-0.00019989125,0.9608221084065687,0.03617777756354505
-0.00019976125,0.959467061088245,0.03516056983211591
-0.00019963125,0.9587895374290831,0.03414336210068675
-0.00019950125,0.9577732519403404,0.03380429285687703
-0.00019937125,0.9554019191332738,0.03380429285687703
-0.00019924125,0.9554019191332738,0.03210894663782844
-0.00019911125,0.9547243954741119,0.03210894663782844
-0.00019898125,0.9540468718149501,0.03176987739401872
-0.00019885125,0.9523530626670453,0.03075266966258957
-0.00019872125,0.9533693481557882,0.03041360041877986
-0.00019859125,0.9533693481557882,0.0293963926873507
-0.00019846125,0.9533693481557882,0.02804011571211183
-0.00019833125,0.9516755390078835,0.02770104646830212
-0.00019820125,0.9520143008374644,0.0273619772244924
-0.00019807125,0.9509980153487216,0.0273619772244924
-0.00019794125,0.9486266825416551,0.02770104646830212
-0.00019781125,0.948965444371236,0.0273619772244924
-0.00019768125,0.9472716352233314,0.02668383873687296
-0.00019755125,0.943884016927522,0.02634476949306325
-0.00019742125,0.9418514459500364,0.02532756176163409
-0.00019729125,0.9408351604612936,0.02464942327401466
-0.00019716125,0.9404963986317126,0.02295407705496607
-0.00019703125,0.9394801131429699,0.02227593856734663
-0.00019690125,0.9394801131429699,0.02125873083591748
-0.00019677125,0.9394801131429699,0.02058059234829805
-0.00019664125,0.9398188749725508,0.02024152310448833
-0.00019651125,0.9384638276542271,0.01990245386067861
-0.00019638125,0.9381250658246462,0.01990245386067861
-0.00019625125,0.9357537330175796,0.01888524612924946
-0.00019612125,0.934059923869675,0.01786803839782031
-0.00019599125,0.933382400210513,0.01685083066639115
-0.00019586125,0.9316885910626084,0.01651176142258143
-0.00019573125,0.9310110674034465,0.01617269217877172
-0.00019560125,0.9306723055738656,0.01481641520353285
-0.00019547125,0.9279622109372181,0.01549455369115228
-0.00019534125,0.928300972766799,0.01481641520353285
-0.00019521125,0.9276234491076372,0.01312106898448426
-0.00019508125,0.9249133544709897,0.0137992074721037
-0.00019495125,0.9249133544709897,0.0137992074721037
-0.00019482125,0.9222032598343423,0.01244293049686482
-0.00019469125,0.9208482125160184,0.01278199974067454
-0.00019456125,0.9205094506864375,0.01142572276543567
-0.00019443125,0.9188156415385329,0.01040851503400652
-0.00019430125,0.91779935604979,0.008713168814957931
-0.00019417125,0.9161055469018854,0.008713168814957931
-0.00019404125,0.9154280232427235,0.008035030327338495
-0.00019391125,0.9144117377539808,0.007356891839719061
-0.00019378125,0.9137342140948188,0.007356891839719061
-0.00019365125,0.9123791667764951,0.007356891839719061
-0.00019352125,0.9103465957990096,0.007017822595909344
-0.00019339125,0.9096690721398476,0.00600061486448019
-0.00019326125,0.9072977393327811,0.005661545620670473
-0.00019313125,0.9052651683552955,0.00464433788924132
-0.00019300125,0.9042488828665527,0.00328806091400245
-0.00019287125,0.9045876446961336,0.002948991670192732
-0.00019274125,0.902893835548229,0.004305268645431602
-0.00019261125,0.9015387882299052,0.001253645451144144
-0.00019248125,0.9008612645707433,0.001253645451144144
-0.00019235125,0.8995062172524196,0.0002364377197149915
-0.00019222125,0.8967961226157721,-0.0001026315240947261
-0.00019209125,0.8957798371270294,0.001253645451144144
-0.00019196125,0.8964573607861912,-0.0001026315240947261
-0.00019183125,0.8954410752974484,-0.002137046986953032
-0.00019170125,0.8944247898087055,-0.002815185474572467
-0.00019157125,0.8906984096833153,-0.003832393206001619
-0.00019144125,0.8893433623649916,-0.005527739425050207
-0.00019131125,0.8879883150466679,-0.005527739425050207
-0.00019118125,0.8886658387058297,-0.005866808668859925
-0.00019105125,0.8879883150466679,-0.006205877912669642
-0.00019092125,0.8866332677283441,-0.006884016400289078
-0.00019079125,0.8852782204100204,-0.007223085644098796
-0.00019066125,0.8842619349212776,-0.007223085644098796
-0.00019053125,0.881890602114211,-0.007223085644098796
-0.00019040125,0.8781642219888207,-0.008579362619337666
-0.00019027125,0.8778254601592398,-0.009257501106957101
-0.00019014125,0.8764704128409161,-0.009596570350766819
-0.00019001125,0.8744378418634304,-0.009935639594576537
-0.00018988125,0.8747766036930114,-0.01129191656981541
-0.00018975125,0.8734215563746877,-0.01163098581362512
-0.00018962125,0.8713889853972021,-0.01264819354505428
-0.00018949125,0.8707114617380401,-0.01366540127648343
-0.00018936125,0.8683401289309737,-0.01434353976410286
-0.00018923125,0.8673238434422308,-0.01569981673934174
-0.00018910125,0.8656300342943262,-0.01569981673934174
-0.00018897125,0.8656300342943262,-0.01569981673934174
-0.00018884125,0.8659687961239071,-0.01536074749553202
-0.00018871125,0.8625811778280977,-0.01603888598315145
-0.00018858125,0.8619036541689359,-0.0170560937145806
-0.00018845125,0.8598710831914503,-0.01773423220220004
-0.00018832125,0.8585160358731265,-0.01807330144600976
-0.00018819125,0.8558059412364791,-0.01942957842124863
-0.00018806125,0.8537733702589935,-0.01942957842124863
-0.00018793125,0.8524183229406698,-0.02112492464029722
-0.00018780125,0.8514020374519269,-0.02248120161553609
-0.00018767125,0.8514020374519269,-0.0228202708593458
-0.00018754125,0.8520795611110888,-0.02349840934696524
-0.00018741125,0.8493694664744413,-0.02315934010315552
-0.00018728125,0.8466593718377938,-0.02383747859077496
-0.00018715125,0.8446268008603083,-0.02349840934696524
-0.00018702125,0.8422554680532417,-0.02587189405363326
-0.00018689125,0.8392066115870133,-0.02451561707839439
-0.00018676125,0.8375128024391086,-0.02688910178506242
-0.00018663125,0.835480231461623,-0.02756724027268185
-0.00018650125,0.8344639459728802,-0.02824537876030129
-0.00018637125,0.8337864223137184,-0.02892351724792072
-0.00018624125,0.8331088986545565,-0.02858444800411101
-0.00018611125,0.8307375658474899,-0.02892351724792072
-0.00018598125,0.8293825185291662,-0.02960165573554016
-0.00018585125,0.8270111857220996,-0.02892351724792072
-0.00018572125,0.8263336620629378,-0.02960165573554016
-0.00018559125,0.8259949002333569,-0.03095793271077903
-0.00018546125,0.8229460437671284,-0.03095793271077903
-0.00018533125,0.8209134727896429,-0.03129700195458875
-0.00018520125,0.8195584254713191,-0.03333141741744705
-0.00018507125,0.8185421399825763,-0.03400955590506649
-0.00018494125,0.8182033781529954,-0.03367048666125677
-0.00018481125,0.8154932835163479,-0.03468769439268592
-0.00018468125,0.8131219507092814,-0.0360439713679248
-0.00018455125,0.8104118560726339,-0.0360439713679248
-0.00018442125,0.8087180469247292,-0.0360439713679248
-0.00018429125,0.8080405232655673,-0.0380783868307831
-0.00018416125,0.8046529049697579,-0.0363830406117345
-0.00018403125,0.8036366194810152,-0.03841745607459281
-0.00018390125,0.8016040485035296,-0.03943466380602197
-0.00018377125,0.8012652866739487,-0.04045187153745113
-0.00018364125,0.799232715696463,-0.04045187153745113
-0.00018351125,0.7978776683781393,-0.04113001002507055
-0.00018338125,0.7951675737414918,-0.04113001002507055
-0.00018325125,0.7941512882527491,-0.04113001002507055
-0.00018312125,0.7924574791048443,-0.04248628700030943
-0.00018299125,0.789408622638616,-0.04316442548792886
-0.00018286125,0.788731098979454,-0.0438425639755483
-0.00018273125,0.7866985280019685,-0.0438425639755483
-0.00018260125,0.7846659570244828,-0.0438425639755483
-0.00018247125,0.7829721478765782,-0.0438425639755483
-0.00018234125,0.7822946242174164,-0.04485977170697744
-0.00018221125,0.7822946242174164,-0.04553791019459688
-0.00018208125,0.7802620532399307,-0.0458769794384066
-0.00018195125,0.7775519586032832,-0.04655511792602604
-0.00018182125,0.7748418639666358,-0.04723325641364547
-0.00018169125,0.7741643403074739,-0.04689418716983575
-0.00018156125,0.7721317693299883,-0.04723325641364547
-0.00018143125,0.7714542456708264,-0.05062394885174265
-0.00018130125,0.768405389204598,-0.04926767187650377
-0.00018117125,0.7677278655454362,-0.04960674112031349
-0.00018104125,0.7656952945679505,-0.04926767187650377
-0.00018091125,0.7623076762721412,-0.05028487960793293
-0.00018078125,0.7592588198059128,-0.0516411565831718
-0.00018065125,0.7572262488284272,-0.05198022582698152
-0.00018052125,0.7548549160213607,-0.05299743355841068
-0.00018039125,0.752822345043875,-0.0536755720460301
-0.00018026125,0.7518060595551322,-0.05469277977745926
-0.00018013125,0.7490959649184847,-0.05469277977745926
-0.00018000125,0.7467246321114183,-0.05503184902126898
-0.00017987125,0.7450308229635135,-0.05503184902126898
-0.00017974125,0.7436757756451898,-0.05604905675269813
-0.00017961125,0.742320728326866,-0.05672719524031757
-0.00017948125,0.7409656810085423,-0.05774440297174671
-0.00017935125,0.7382555863718948,-0.05740533372793701
-0.00017922125,0.737239300883152,-0.05774440297174671
-0.00017909125,0.7328353970985999,-0.05808347221555643
-0.00017896125,0.7311415879506953,-0.05842254145936615
-0.00017883125,0.7291090169732096,-0.06011788767841474
-0.00017870125,0.7287702551436287,-0.06147416465365362
-0.00017857125,0.7263989223365621,-0.05977881843460502
-0.00017844125,0.7253826368478193,-0.06215230314127304
-0.00017831125,0.7240275895294956,-0.06147416465365362
-0.00017818125,0.7226725422111718,-0.0631695108727022
-0.00017805125,0.7206399712336863,-0.06384764936032164
-0.00017792125,0.7172523529378769,-0.06350858011651192
-0.00017779125,0.7148810201308103,-0.06418671860413136
-0.00017766125,0.7131872109829057,-0.06486485709175079
-0.00017753125,0.7121709254941629,-0.06520392633556051
-0.00017740125,0.7087833071983536,-0.06622113406698966
-0.00017727125,0.7057344507321252,-0.06723834179841881
-0.00017714125,0.7047181652433824,-0.06689927255460909
-0.00017701125,0.7030243560954776,-0.06689927255460909
-0.00017688125,0.701330546947573,-0.06791648028603825
-0.00017675125,0.6986204523109255,-0.06723834179841881
-0.00017662125,0.6955715958446971,-0.06723834179841881
-0.00017649125,0.6948940721855352,-0.06825554952984797
-0.00017636125,0.6921839775488878,-0.06825554952984797
-0.00017623125,0.690828930230564,-0.0689336880174674
-0.00017610125,0.6884575974234975,-0.07028996499270627
-0.00017597125,0.6864250264460119,-0.0709681034803257
-0.00017584125,0.6833761699797835,-0.06995089574889655
-0.00017571125,0.6823598844910407,-0.07334158818699373
-0.00017558125,0.6799885516839741,-0.07164624196794514
-0.00017545125,0.6793110280248122,-0.07334158818699373
-0.00017532125,0.6759234097290029,-0.07164624196794514
-0.00017519125,0.6732133150923555,-0.07198531121175486
-0.00017506125,0.6708419822852889,-0.07334158818699373
-0.00017493125,0.6674543639894795,-0.07368065743080345
-0.00017480125,0.6667768403303177,-0.0746978651622326
-0.00017467125,0.6647442693528322,-0.0746978651622326
-0.00017454125,0.6633892220345083,-0.07605414213747147
-0.00017441125,0.6613566510570228,-0.07605414213747147
-0.00017428125,0.6579690327612134,-0.07605414213747147
-0.00017415125,0.6552589381245659,-0.07774948835652006
-0.00017402125,0.6535651289766613,-0.07774948835652006
-0.00017389125,0.6508550343400138,-0.07808855760032977
-0.00017376125,0.6488224633625281,-0.07842762684413949
-0.00017363125,0.6447573214075569,-0.07842762684413949
-0.00017350125,0.6413697031117477,-0.07842762684413949
-0.00017337125,0.6396758939638429,-0.07876669608794921
-0.00017324125,0.639337132134262,-0.07910576533175893
-0.00017311125,0.6373045611567764,-0.07978390381937836
-0.00017298125,0.6366270374976145,-0.08114018079461724
-0.00017285125,0.6356107520088717,-0.08147925003842695
-0.00017272125,0.6325618955426433,-0.08317459625747554
-0.00017259125,0.6298518009059959,-0.0824964577698561
-0.00017246125,0.6278192299285102,-0.08385273474509497
-0.00017233125,0.6251091352918627,-0.08385273474509497
-0.00017220125,0.6223990406552153,-0.08453087323271441
-0.00017207125,0.6200277078481488,-0.08486994247652413
-0.00017194125,0.6193501841889869,-0.08520901172033385
-0.00017181125,0.6159625658931775,-0.08554808096414356
-0.00017168125,0.6139299949156919,-0.08453087323271441
-0.00017155125,0.6122361857677873,-0.08554808096414356
-0.00017142125,0.6095260911311398,-0.08486994247652413
-0.00017129125,0.6074935201536542,-0.08453087323271441
-0.00017116125,0.6037671400282639,-0.08520901172033385
-0.00017103125,0.6024120927099402,-0.08554808096414356
-0.00017090125,0.6013958072211973,-0.08588715020795328
-0.00017077125,0.6000407599028736,-0.08724342718319215
-0.00017064125,0.5963143797774834,-0.08859970415843102
-0.00017051125,0.5932655233112549,-0.08961691188986018
-0.00017038125,0.5919104759929312,-0.09063411962128932
-0.00017025125,0.5898779050154456,-0.09063411962128932
-0.00017012125,0.5871678103787982,-0.0902950503774796
-0.00016999125,0.583102668423827,-0.09063411962128932
-0.00016986125,0.5814088592759222,-0.0902950503774796
-0.00016973125,0.5800538119575985,-0.09097318886509904
-0.00016960125,0.5780212409801129,-0.09097318886509904
-0.00016947125,0.5753111463434655,-0.09131225810890876
-0.00016934125,0.572601051706818,-0.09131225810890876
-0.00016921125,0.5698909570701705,-0.09131225810890876
-0.00016908125,0.5678583860926849,-0.09097318886509904
-0.00016895125,0.5654870532856183,-0.09097318886509904
-0.00016882125,0.5624381968193899,-0.09165132735271848
-0.00016869125,0.5597281021827425,-0.09266853508414763
-0.00016856125,0.5566792457165141,-0.09266853508414763
-0.00016843125,0.5529528655911238,-0.09334667357176707
-0.00016830125,0.5495652472953144,-0.0940248120593865
-0.00016817125,0.5495652472953144,-0.09368574281557679
-0.00016804125,0.5492264854657335,-0.0940248120593865
-0.00016791125,0.5471939144882478,-0.09436388130319621
-0.00016778125,0.5458388671699241,-0.09504201979081565
-0.00016765125,0.5404186778966292,-0.09504201979081565
-0.00016752125,0.5377085832599817,-0.09572015827843509
-0.00016739125,0.5349984886233342,-0.09538108903462537
-0.00016726125,0.5316108703275249,-0.09504201979081565
-0.00016713125,0.5295782993500393,-0.09538108903462537
-0.00016700125,0.5272069665429727,-0.09572015827843509
-0.00016687125,0.5248356337359062,-0.09741550449748368
-0.00016674125,0.5221255390992587,-0.09639829676605452
-0.00016661125,0.5204317299513541,-0.09639829676605452
-0.00016648125,0.5190766826330303,-0.09741550449748368
-0.00016635125,0.5170441116555448,-0.0977545737412934
-0.00016622125,0.5146727788484782,-0.09877178147272254
-0.00016609125,0.5112851605526688,-0.09944991996034198
-0.00016596125,0.5082363040864404,-0.09843271222891282
-0.00016583125,0.5051874476202121,-0.09809364298510312
-0.00016570125,0.5031548766427264,-0.09877178147272254
-0.00016557125,0.500106020176498,-0.09944991996034198
-0.00016544125,0.4987509728581743,-0.09911085071653226
-0.00016531125,0.4980734491990125,-0.0997889892041517
-0.00016518125,0.495363354562365,-0.1004671276917711
-0.00016505125,0.4926532599257175,-0.1004671276917711
-0.00016492125,0.4896044034594891,-0.1011452661793906
-0.00016479125,0.4868943088228416,-0.1014843354232003
-0.00016466125,0.4831679286974513,-0.10182340466701
-0.00016453125,0.4801190722312229,-0.10182340466701
-0.00016440125,0.4777477394241564,-0.1025015431546294
-0.00016427125,0.474360121128347,-0.1021624739108197
-0.00016414125,0.4719887883212805,-0.1011452661793906
-0.00016401125,0.4699562173437949,-0.1035187508860586
-0.00016388125,0.4672461227071474,-0.1025015431546294
-0.00016375125,0.4655523135592428,-0.1035187508860586
-0.00016362125,0.464197266240919,-0.1028406123984392
-0.00016349125,0.4621646952634334,-0.1025015431546294
-0.00016336125,0.4608096479451096,-0.1031796816422489
-0.00016323125,0.4574220296493003,-0.1035187508860586
-0.00016310125,0.4553894586718147,-0.104196889373678
-0.00016297125,0.4530181258647482,-0.1052140971051072
-0.00016284125,0.4499692693985198,-0.1055531663489169
-0.00016271125,0.4475979365914532,-0.1045359586174878
-0.00016258125,0.4445490801252248,-0.104196889373678
-0.00016245125,0.4418389854885774,-0.1055531663489169
-0.00016232125,0.4381126053631871,-0.1052140971051072
-0.00016219125,0.4354025107265396,-0.1045359586174878
-0.00016206125,0.4309986069419874,-0.1055531663489169
-0.00016193125,0.4269334649870162,-0.1048750278612975
-0.00016180125,0.4255784176686925,-0.1045359586174878
-0.00016167125,0.4225295612024641,-0.1052140971051072
-0.00016154125,0.4218520375433022,-0.1058922355927266
-0.00016141125,0.4201582283953976,-0.1055531663489169
-0.00016128125,0.4171093719291691,-0.1055531663489169
-0.00016115125,0.4137217536333598,-0.1065703740803461
-0.00016102125,0.4113504208262933,-0.1062313048365363
-0.00016089125,0.4096566116783886,-0.1069094433241558
-0.00016076125,0.4079628025304839,-0.1072485125679655
-0.00016063125,0.4042364224050936,-0.1065703740803461
-0.00016050125,0.4008488041092843,-0.1062313048365363
-0.00016037125,0.3974611858134749,-0.1072485125679655
-0.00016024125,0.3947510911768275,-0.1079266510555849
-0.00016011125,0.3927185201993418,-0.1069094433241558
-0.00015998125,0.3906859492218562,-0.1055531663489169
-0.00015985125,0.386959569096466,-0.1062313048365363
-0.00015972125,0.3859432836077232,-0.1055531663489169
-0.00015959125,0.3828944271414947,-0.1065703740803461
-0.00015946125,0.3805230943344282,-0.1075875818117752
-0.00015933125,0.3778129996977808,-0.1072485125679655
-0.00015920125,0.3757804287202952,-0.1069094433241558
-0.00015907125,0.371376524935743,-0.1075875818117752
-0.00015894125,0.3683276684695146,-0.1079266510555849
-0.00015881125,0.3669726211511908,-0.1092829280308238
-0.00015868125,0.3632462410258006,-0.1086047895432044
-0.00015855125,0.3601973845595722,-0.1089438587870141
-0.00015842125,0.3574872899229247,-0.1069094433241558
-0.00015829125,0.356132242604601,-0.1082657202993946
-0.00015816125,0.3527446243087916,-0.1079266510555849
-0.00015803125,0.3490182441834013,-0.1096219972746335
-0.00015790125,0.3463081495467539,-0.1092829280308238
-0.00015777125,0.3442755785692683,-0.1092829280308238
-0.00015764125,0.340549198443878,-0.1082657202993946
-0.00015751125,0.3388553892959733,-0.1075875818117752
-0.00015738125,0.3375003419776496,-0.1072485125679655
-0.00015725125,0.3341127236818402,-0.1082657202993946
-0.00015712125,0.3310638672156118,-0.1089438587870141
-0.00015699125,0.3280150107493834,-0.1086047895432044
-0.00015686125,0.3259824397718978,-0.1079266510555849
-0.00015673125,0.3229335833056694,-0.1086047895432044
-0.00015660125,0.3188684413506982,-0.1089438587870141
-0.00015647125,0.3168358703732126,-0.1089438587870141
-0.00015634125,0.3151420612253079,-0.1089438587870141
-0.00015621125,0.3103993956111748,-0.1086047895432044
-0.00015608125,0.3080280628041083,-0.1082657202993946
-0.00015595125,0.3080280628041083,-0.1082657202993946
-0.00015582125,0.3056567299970417,-0.1096219972746335
-0.00015569125,0.3022691117012324,-0.1082657202993946
-0.00015556125,0.299220255235004,-0.1092829280308238
-0.00015543125,0.2965101605983565,-0.1099610665184432
-0.00015530125,0.2927837804729662,-0.1096219972746335
-0.00015517125,0.2900736858363188,-0.1089438587870141
-0.00015504125,0.2873635911996713,-0.1086047895432044
-0.00015491125,0.2843147347334429,-0.1079266510555849
-0.00015478125,0.2819434019263763,-0.1079266510555849
-0.00015465125,0.2799108309488907,-0.1089438587870141
-0.00015452125,0.2768619744826623,-0.1089438587870141
-0.00015439125,0.2727968325276911,-0.1086047895432044
-0.00015426125,0.2697479760614627,-0.1086047895432044
-0.00015413125,0.268054166913558,-0.1096219972746335
-0.00015400125,0.2660215959360724,-0.1099610665184432
-0.00015387125,0.2639890249585868,-0.1092829280308238
-0.00015374125,0.2616176921515203,-0.1089438587870141
-0.00015361125,0.2595851211740346,-0.1072485125679655
-0.00015348125,0.2565362647078063,-0.1079266510555849
-0.00015335125,0.2524711227528351,-0.1079266510555849
-0.00015322125,0.2487447426274448,-0.1079266510555849
-0.00015309125,0.2453571243316354,-0.1072485125679655
-0.00015296125,0.242308267865407,-0.1082657202993946
-0.00015283125,0.2382431259104358,-0.1069094433241558
-0.00015270125,0.2351942694442074,-0.1072485125679655
-0.00015257125,0.2338392221258837,-0.1072485125679655
-0.00015244125,0.2307903656596552,-0.1065703740803461
-0.00015231125,0.2280802710230078,-0.1069094433241558
-0.00015218125,0.2260477000455222,-0.1062313048365363
-0.00015205125,0.2240151290680366,-0.1055531663489169
-0.00015192125,0.2206275107722272,-0.1065703740803461
-0.00015179125,0.2182561779651607,-0.1075875818117752
-0.00015166125,0.2158848451580941,-0.1079266510555849
-0.00015153125,0.2138522741806085,-0.1079266510555849
-0.00015140125,0.2101258940552183,-0.1082657202993946
-0.00015127125,0.206060752100247,-0.1082657202993946
-0.00015114125,0.2036894192931805,-0.1075875818117752
-0.00015101125,0.2006405628269521,-0.1065703740803461
-0.00015088125,0.1982692300198855,-0.1069094433241558
-0.00015075125,0.1952203735536571,-0.1072485125679655
-0.00015062125,0.1925102789170096,-0.1072485125679655
-0.00015049125,0.190816469769105,-0.1069094433241558
-0.00015036125,0.1860738041549719,-0.1062313048365363
-0.00015023125,0.1826861858591625,-0.1058922355927266
-0.00015010125,0.1799760912225151,-0.1048750278612975
-0.00014997125,0.1765884729267057,-0.1069094433241558
-0.00014984125,0.1728620928013155,-0.1052140971051072
-0.00014971125,0.169813236335087,-0.1048750278612975
-0.00014958125,0.1667643798688586,-0.1048750278612975
-0.00014945125,0.1640542852322112,-0.1045359586174878
-0.00014932125,0.1616829524251446,-0.104196889373678
-0.00014919125,0.1589728577884972,-0.1035187508860586
-0.00014906125,0.1559240013222687,-0.1031796816422489
-0.00014893125,0.1518588593672975,-0.1038578201298683
-0.00014880125,0.1521976211968785,-0.1031796816422489
-0.00014867125,0.1484712410714882,-0.1021624739108197
-0.00014854125,0.1457611464348407,-0.1025015431546294
-0.00014841125,0.1433898136277742,-0.1025015431546294
-0.00014828125,0.1403409571615458,-0.1021624739108197
-0.00014815125,0.1369533388657364,-0.1031796816422489
-0.00014802125,0.1369533388657364,-0.1035187508860586
-0.00014789125,0.1335657205699271,-0.1028406123984392
-0.00014776125,0.1298393404445368,-0.1028406123984392
-0.00014763125,0.1271292458078893,-0.1035187508860586
-0.00014750125,0.1254354366599847,-0.1028406123984392
-0.00014737125,0.1203540092162706,-0.1025015431546294
-0.00014724125,0.1169663909204613,-0.1031796816422489
-0.00014711125,0.1152725817725566,-0.1011452661793906
-0.00014698125,0.1125624871359091,-0.1004671276917711
-0.00014685125,0.1101911543288426,-0.1004671276917711
-0.00014672125,0.1071422978626142,-0.1001280584479614
-0.00014659125,0.1040934413963858,-0.0997889892041517
-0.00014646125,0.1020608704189002,-0.09843271222891282
-0.00014633125,0.1003670612709955,-0.09843271222891282
-0.00014620125,0.09596315748644337,-0.09843271222891282
-0.00014607125,0.09223677736105308,-0.09741550449748368
-0.00014594125,0.08817163540608187,-0.0977545737412934
-0.00014581125,0.08444525528069159,-0.09707643525367396
-0.00014568125,0.08139639881446319,-0.09707643525367396
-0.00014555125,0.07699249502991104,-0.09809364298510312
-0.00014542125,0.0736048767341017,-0.09877178147272254
-0.00014529125,0.07258859124535889,-0.09809364298510312
-0.00014516125,0.07157230575661609,-0.09741550449748368
-0.00014503125,0.06852344929038767,-0.09741550449748368
-0.00014490125,0.06581335465374021,-0.09605922752224481
-0.00014477125,0.06344202184667366,-0.09673736600986424
-0.00014464125,0.05971564172128338,-0.09470295054700593
-0.00014451125,0.05666678525505497,-0.0940248120593865
-0.00014438125,0.05327916695924563,-0.09470295054700593
-0.00014425125,0.05056907232259815,-0.09504201979081565
-0.00014412125,0.04921402500427442,-0.09538108903462537
-0.00014399125,0.0471814540267888,-0.09436388130319621
-0.00014386125,0.04345507390139854,-0.09334667357176707
-0.00014373125,0.04142250292391293,-0.09334667357176707
-0.00014360125,0.03769612279852265,-0.09300760432795735
-0.00014347125,0.03464726633229424,-0.09266853508414763
-0.00014334125,0.03193717169564676,-0.09266853508414763
-0.00014321125,0.02956583888858022,-0.09266853508414763
-0.00014308125,0.02753326791109462,-0.09300760432795735
-0.00014295125,0.02279060229696154,-0.09232946584033791
-0.00014282125,0.01906422217157126,-0.09165132735271848
-0.00014269125,0.01770917485324752,-0.09131225810890876
-0.00014256125,0.01466031838701911,-0.09097318886509904
-0.00014243125,0.0105951764320479,-0.0902950503774796
-0.00014230125,0.007207558136238556,-0.09063411962128932
-0.00014217125,0.005513748988333884,-0.08995598113366989
-0.00014204125,0.001448607033362672,-0.08893877340224074
-0.00014191125,0.001109845203781738,-0.09063411962128932
-0.00014178125,-0.001600249432865737,-0.0902950503774796
-0.00014165125,-0.004649105899094147,-0.0902950503774796
-0.00014152125,-0.008036724194903491,-0.08927784264605046
-0.00014139125,-0.01040805700197003,-0.08859970415843102
-0.00014126125,-0.01345691346819844,-0.08859970415843102
-0.00014113125,-0.01786081725275059,-0.08690435793938243
-0.00014100125,-0.02226472103730274,-0.08690435793938243
-0.00014087125,-0.02361976835562647,-0.08622621945176299
-0.00014074125,-0.02599110116269301,-0.08520901172033385
-0.00014061125,-0.02937871945850236,-0.08520901172033385
-0.00014048125,-0.03073376677682609,-0.08486994247652413
-0.00014035125,-0.03310509958389263,-0.08453087323271441
-0.00014022125,-0.03581519422054011,-0.08385273474509497
-0.00014009125,-0.03954157434593039,-0.08317459625747554
-0.00013996125,-0.041574145323416,-0.08283552701366582
-0.00013983125,-0.0456392872783872,-0.08317459625747554
-0.00013970125,-0.04767185825587281,-0.08419180398890469
-0.00013957125,-0.05072071472210123,-0.0824964577698561
-0.00013944125,-0.05275328569958683,-0.08215738852604638
-0.00013931125,-0.05681842765455804,-0.08181831928223667
-0.00013918125,-0.06020604595036738,-0.08215738852604638
-0.00013905125,-0.06427118790533859,-0.0804620423069978
-0.00013892125,-0.06562623522366233,-0.08080111155080752
-0.00013879125,-0.06969137717863354,-0.07876669608794921
-0.00013866125,-0.07409528096318568,-0.07910576533175893
-0.00013853125,-0.07748289925899503,-0.07876669608794921
-0.00013840125,-0.08154804121396625,-0.07673228062509091
-0.00013827125,-0.08256432670270905,-0.07707134986890062
-0.00013814125,-0.08493565950977559,-0.07741041911271034
-0.00013801125,-0.087984515976004,-0.07774948835652006
-0.00013788125,-0.0900170869534896,-0.07741041911271034
-0.00013775125,-0.09306594341971801,-0.07707134986890062
-0.00013762125,-0.09543727622678455,-0.0746978651622326
-0.00013749125,-0.09814737086343203,-0.07435879591842288
-0.00013736125,-0.1001799418409176,-0.07537600364985203
-0.00013723125,-0.1039063219663079,-0.07503693440604231
-0.00013710125,-0.1066164166029554,-0.0746978651622326
-0.00013697125,-0.1089877494100219,-0.07435879591842288
-0.00013684125,-0.1133916531945741,-0.07368065743080345
-0.00013671125,-0.1150854623424787,-0.07198531121175486
-0.00013658125,-0.1167792714903834,-0.07164624196794514
-0.00013645125,-0.1194893661270309,-0.07232438045556458
-0.00013632125,-0.1245707935707449,-0.0709681034803257
-0.00013619125,-0.1259258408890686,-0.07164624196794514
-0.00013606125,-0.1299909828440399,-0.06927275726127712
-0.00013593125,-0.1323623156511064,-0.06927275726127712
-0.00013580125,-0.1357499339469157,-0.06961182650508684
-0.00013567125,-0.139815075901887,-0.06961182650508684
-0.00013554125,-0.1418476468793726,-0.06961182650508684
-0.00013541125,-0.1435414560272772,-0.0689336880174674
-0.00013528125,-0.1462515506639247,-0.06757741104222853
-0.00013515125,-0.1503166926188959,-0.06622113406698966
-0.00013502125,-0.1537043109147053,-0.06588206482317994
-0.00013489125,-0.1564144055513527,-0.06656020331079937
-0.00013476125,-0.1587857383584193,-0.06656020331079937
-0.00013463125,-0.1611570711654858,-0.06588206482317994
-0.00013450125,-0.1631896421429714,-0.06520392633556051
-0.00013437125,-0.165560974950038,-0.06452578784794107
-0.00013424125,-0.1679323077571045,-0.06418671860413136
-0.00013411125,-0.1730137352008185,-0.06418671860413136
-0.00013398125,-0.1767401153262088,-0.06418671860413136
-0.00013385125,-0.18080525728118,-0.06384764936032164
-0.00013372125,-0.1821603045995037,-0.06215230314127304
-0.00013359125,-0.1841928755769894,-0.06215230314127304
-0.00013346125,-0.1869029702136368,-0.05910067994698559
-0.00013333125,-0.1882580175319606,-0.0611350954098439
-0.00013320125,-0.191306873998189,-0.05977881843460502
-0.00013307125,-0.1946944922939983,-0.05977881843460502
-0.00013294125,-0.1987596342489695,-0.05842254145936615
-0.00013281125,-0.201469728885617,-0.05808347221555643
-0.00013268125,-0.2045185853518454,-0.05740533372793701
-0.00013255125,-0.2068899181589119,-0.05706626448412729
-0.00013242125,-0.2112938219434641,-0.05638812599650785
-0.00013229125,-0.2123101074322069,-0.05604905675269813
-0.00013216125,-0.2133263929209497,-0.05503184902126898
-0.00013203125,-0.216714011216759,-0.05435371053364954
-0.00013190125,-0.2190853440238256,-0.05435371053364954
-0.00013177125,-0.2231504859787968,-0.0536755720460301
-0.00013164125,-0.2248442951267015,-0.05333650280222038
-0.00013151125,-0.227215627933768,-0.05265836431460096
-0.00013138125,-0.2302644843999964,-0.05130208733936208
-0.00013125125,-0.2339908645253867,-0.05028487960793293
-0.00013112125,-0.237717244650777,-0.05062394885174265
-0.00013099125,-0.2404273392874245,-0.05028487960793293
-0.00013086125,-0.242798672094491,-0.04892860263269407
-0.00013073125,-0.2461862903903003,-0.04858953338888435
-0.00013060125,-0.2468638140494622,-0.05062394885174265
-0.00013047125,-0.2519452414931762,-0.04757232565745519
-0.00013034125,-0.2543165743002428,-0.04757232565745519
-0.00013021125,-0.2566879071073093,-0.04723325641364547
-0.00013008125,-0.2590592399143758,-0.04655511792602604
-0.00012995125,-0.2631243818693471,-0.04553791019459688
-0.00012982125,-0.2661732383355755,-0.04485977170697744
-0.00012969125,-0.2688833329722229,-0.0438425639755483
-0.00012956125,-0.2715934276088704,-0.04248628700030943
-0.00012943125,-0.273625998586356,-0.04248628700030943
-0.00012930125,-0.2766748550525844,-0.04248628700030943
-0.00012917125,-0.2800624733483938,-0.04146907926888027
-0.00012904125,-0.2834500916442031,-0.04079094078126083
-0.00012891125,-0.2868377099400125,-0.04045187153745113
-0.00012878125,-0.289209042747079,-0.03909559456221225
-0.00012865125,-0.2915803755541456,-0.03909559456221225
-0.00012852125,-0.2929354228724693,-0.03773931758697338
-0.00012839125,-0.2949679938499549,-0.0380783868307831
-0.00012826125,-0.2966618029978595,-0.0380783868307831
-0.00012813125,-0.3017432304415736,-0.0380783868307831
-0.00012800125,-0.304792086907802,-0.03672210985554422
-0.00012787125,-0.3064858960557066,-0.03740024834316366
-0.00012774125,-0.3095347525219351,-0.03468769439268592
-0.00012761125,-0.3132611326473254,-0.03536583288030536
-0.00012748125,-0.3166487509431347,-0.03367048666125677
-0.00012735125,-0.3176650364318775,-0.03502676363649564
-0.00012722125,-0.3207138928981059,-0.03400955590506649
-0.00012709125,-0.3227464638755915,-0.03299234817363733
-0.00012696125,-0.3268116058305627,-0.03265327892982761
-0.00012683125,-0.3285054149784674,-0.03231420968601789
-0.00012670125,-0.330199224126372,-0.03163607119839847
-0.00012657125,-0.3339256042517623,-0.03095793271077903
-0.00012644125,-0.3373132225475717,-0.03061886346696931
-0.00012631125,-0.3400233171842192,-0.02960165573554016
-0.00012618125,-0.3427334118208666,-0.02960165573554016
-0.00012605125,-0.3447659827983522,-0.02892351724792072
-0.00012592125,-0.3491698865829044,-0.02892351724792072
-0.00012579125,-0.35120245756039,-0.02858444800411101
-0.00012566125,-0.3535737903674565,-0.02756724027268185
-0.00012553125,-0.3545900758561993,-0.0265500325412527
-0.00012540125,-0.3589939796407515,-0.02621096329744298
-0.00012527125,-0.3603490269590752,-0.02451561707839439
-0.00012514125,-0.3627203597661418,-0.0228202708593458
-0.00012501125,-0.3647529307436274,-0.02248120161553609
-0.00012488125,-0.3674630253802749,-0.02248120161553609
-0.00012475125,-0.3711894055056651,-0.02349840934696524
-0.00012462125,-0.3752545474606364,-0.02180306312791665
-0.00012449125,-0.377287118438122,-0.02146399388410693
-0.00012436125,-0.3799972130747694,-0.02146399388410693
-0.00012423125,-0.3840623550297406,-0.01976864766505835
-0.00012410125,-0.3867724496663881,-0.01909050917743891
-0.00012397125,-0.38744997332555,-0.01976864766505835
-0.00012384125,-0.3918538771101021,-0.01875143993362919
-0.00012371125,-0.3942252099171686,-0.01909050917743891
-0.00012358125,-0.3965965427242352,-0.01875143993362919
-0.00012345125,-0.4003229228496255,-0.01671702447077089
-0.00012332125,-0.402694255656692,-0.0150216782517223
-0.00012319125,-0.4037105411454348,-0.01536074749553202
-0.00012306125,-0.4054043502933395,-0.0150216782517223
-0.00012293125,-0.407775683100406,-0.01366540127648343
-0.00012280125,-0.4108245395666345,-0.01264819354505428
-0.00012267125,-0.4148896815216057,-0.01129191656981541
-0.00012254125,-0.4175997761582531,-0.01061377808219597
-0.00012241125,-0.4209873944540625,-0.01061377808219597
-0.00012228125,-0.4243750127498718,-0.01163098581362512
-0.00012215125,-0.4260688218977765,-0.009935639594576537
-0.00012202125,-0.428440154704843,-0.009257501106957101
-0.00012189125,-0.4314890111710714,-0.009257501106957101
-0.00012176125,-0.4331828203189761,-0.009257501106957101
-0.00012163125,-0.4352153912964617,-0.008579362619337666
-0.00012150125,-0.4386030095922711,-0.007562154887908513
-0.00012137125,-0.4386030095922711,-0.006205877912669642
-0.00012124125,-0.4406355805697567,-0.005866808668859925
-0.00012111125,-0.4453782461838898,-0.005527739425050207
-0.00012098125,-0.4480883408205372,-0.004171462449811337
-0.00012085125,-0.4497821499684419,-0.002137046986953032
-0.00012072125,-0.4521534827755084,-0.002476116230762749
-0.00012059125,-0.4555411010713178,-0.001797977743143314
-0.00012046125,-0.4575736720488034,-0.002137046986953032
-0.00012033125,-0.4606225285150318,-0.002815185474572467
-0.00012020125,-0.4629938613220984,-0.001119839255523879
-0.00012007125,-0.4657039559587458,-0.0001026315240947261
-0.00011994125,-0.4677365269362314,0.0009145762073344267
-0.00011981125,-0.4690915742545552,0.001592714694953862
-0.00011968125,-0.4721404307207835,0.00193178393876358
-0.00011955125,-0.4738342398686882,0.00328806091400245
-0.00011942125,-0.4778993818236594,0.004305268645431602
-0.00011929125,-0.4809482382898879,0.00464433788924132
-0.00011916125,-0.4839970947561162,0.005322476376860756
-0.00011903125,-0.4873847130519256,0.004983407133051038
-0.00011890125,-0.490433569518154,0.004305268645431602
-0.00011877125,-0.4921273786660587,0.004983407133051038
-0.00011864125,-0.4941599496435443,0.006339684108289908
-0.00011851125,-0.4968700442801918,0.008035030327338495
-0.00011838125,-0.4995801389168392,0.009730376546387084
-0.00011825125,-0.5019514717239059,0.009052238058767649
-0.00011812125,-0.5046615663605534,0.0100694457901968
-0.00011799125,-0.5070328991676198,0.01074758427781624
-0.00011786125,-0.5104205174634292,0.01176479200924539
-0.00011773125,-0.5110980411225911,0.01142572276543567
-0.00011760125,-0.5138081357592386,0.01210386125305511
-0.00011747125,-0.516179468566305,0.01278199974067454
-0.00011734125,-0.5185508013733716,0.01210386125305511
-0.00011721125,-0.5205833723508573,0.01244293049686482
-0.00011708125,-0.5229547051579237,0.0137992074721037
-0.00011695125,-0.5260035616241522,0.01515548444734257
-0.00011682125,-0.5304074654087043,0.01617269217877172
-0.00011669125,-0.5314237508974471,0.01685083066639115
-0.00011656125,-0.5334563218749327,0.01718989991020087
-0.00011643125,-0.5348113691932564,0.01820710764163002
-0.00011630125,-0.5378602256594849,0.01820710764163002
-0.00011617125,-0.5412478439552942,0.01956338461686889
-0.00011604125,-0.5436191767623607,0.02024152310448833
-0.00011591125,-0.5466680332285891,0.02058059234829805
-0.00011578125,-0.5507331751835604,0.02091966159210776
-0.00011565125,-0.5517494606723032,0.02125873083591748
-0.00011552125,-0.552765746161046,0.02227593856734663
-0.00011539125,-0.5551370789681125,0.02363221554258551
-0.00011526125,-0.5585246972639218,0.02464942327401466
-0.00011513125,-0.5605572682414075,0.02532756176163409
-0.00011500125,-0.5619123155597312,0.02532756176163409
-0.00011487125,-0.5642836483667978,0.02566663100544381
-0.00011474125,-0.5680100284921881,0.02600570024925353
-0.00011461125,-0.5720751704471593,0.02532756176163409
-0.00011448125,-0.5724139322767402,0.02668383873687296
-0.00011435125,-0.5747852650838067,0.0273619772244924
-0.00011422125,-0.5771565978908733,0.0273619772244924
-0.00011409125,-0.5795279306979398,0.02905732344354099
-0.00011396125,-0.5808829780162635,0.02871825419973127
-0.00011383125,-0.583593072652911,0.0293963926873507
-0.00011370125,-0.5852868818008157,0.03007453117497014
-0.00011357125,-0.5883357382670441,0.03007453117497014
-0.00011344125,-0.5917233565628535,0.03075266966258957
-0.00011331125,-0.5954497366882437,0.03176987739401872
-0.00011318125,-0.5964660221769865,0.03210894663782844
-0.00011305125,-0.5984985931544722,0.0331261543692576
-0.00011292125,-0.6008699259615387,0.03380429285687703
-0.00011279125,-0.6022249732798625,0.0331261543692576
-0.00011266125,-0.6045963060869289,0.03549963907592563
-0.00011253125,-0.6069676388939955,0.03380429285687703
-0.00011240125,-0.6106940190193858,0.03516056983211591
-0.00011227125,-0.6113715426785477,0.03516056983211591
-0.00011214125,-0.6150979228039379,0.03583870831973533
-0.00011201125,-0.6171304937814235,0.03753405453878393
-0.00011188125,-0.6195018265884901,0.03787312378259364
-0.00011175125,-0.6218731593955567,0.03821219302640336
-0.00011162125,-0.624922015861785,0.03855126227021308
-0.00011149125,-0.6262770631801088,0.0388903315140228
-0.00011136125,-0.6279708723280134,0.04024660848926166
-0.00011123125,-0.63034220513508,0.04126381622069082
-0.00011110125,-0.6306809669646609,0.04160288546450054
-0.00011097125,-0.6330522997717274,0.04228102395211997
-0.00011084125,-0.6371174417266986,0.04262009319592969
-0.00011071125,-0.640166298192927,0.04262009319592969
-0.00011058125,-0.6415213455112508,0.04397637017116857
-0.00011045125,-0.6442314401478982,0.04431543941497827
-0.00011032125,-0.6469415347845457,0.04533264714640743
-0.00011019125,-0.6486353439324504,0.04567171639021715
-0.00011006125,-0.651006676739517,0.04736706260926574
-0.00010993125,-0.6516842003986788,0.04634985487783658
-0.00010980125,-0.6527004858874216,0.04770613185307546
-0.00010967125,-0.6564268660128119,0.04736706260926574
-0.00010954125,-0.661169531626945,0.0487233395845046
-0.00010941125,-0.6625245789452687,0.04940147807212404
-0.00010928125,-0.6645571499227544,0.04940147807212404
-0.00010915125,-0.6655734354114972,0.04974054731593376
-0.00010902125,-0.6679447682185636,0.04906240882831432
-0.00010889125,-0.6692998155368874,0.04974054731593376
-0.00010876125,-0.6720099101735348,0.05177496277879207
-0.00010863125,-0.6733649574918587,0.05211403202260179
-0.00010850125,-0.6774300994468299,0.05211403202260179
-0.00010837125,-0.6787851467651536,0.05279217051022121
-0.00010824125,-0.6791239085947345,0.05380937824165037
-0.00010811125,-0.6801401940834774,0.05448751672926981
-0.00010798125,-0.6821727650609629,0.05516565521688924
-0.00010785125,-0.6862379070159341,0.05516565521688924
-0.00010772125,-0.6896255253117435,0.05550472446069896
-0.00010759125,-0.6903030489709053,0.0561828629483184
-0.00010746125,-0.692335619948391,0.0561828629483184
-0.00010733125,-0.6943681909258765,0.05686100143593784
-0.00010720125,-0.6964007619033622,0.05584379370450868
-0.00010707125,-0.697417047392105,0.05720007067974754
-0.00010694125,-0.7001271420287525,0.05787820916736698
-0.00010681125,-0.7041922839837237,0.06025169387403501
-0.00010668125,-0.7048698076428855,0.05991262463022529
-0.00010655125,-0.707918664109114,0.06126890160546415
-0.00010642125,-0.7096124732570186,0.06194704009308359
-0.00010629125,-0.7106287587457614,0.06296424782451274
-0.00010616125,-0.7123225678936661,0.06330331706832246
-0.00010603125,-0.7146939007007326,0.06330331706832246
-0.00010590125,-0.717742757166961,0.06296424782451274
-0.00010577125,-0.7190978044852848,0.06194704009308359
-0.00010564125,-0.723162946440256,0.06296424782451274
-0.00010551125,-0.7248567555881607,0.06432052479975162
-0.00010538125,-0.7268893265656463,0.06499866328737104
-0.00010525125,-0.7279056120543891,0.06533773253118076
-0.00010512125,-0.7292606593727128,0.0660158710188002
-0.00010499125,-0.7316319921797794,0.06533773253118076
-0.00010486125,-0.7353583723051696,0.0660158710188002
-0.00010473125,-0.7363746577939124,0.06669400950641964
-0.00010460125,-0.7390847524305599,0.06703307875022935
-0.00010447125,-0.7401010379193027,0.06669400950641964
-0.00010434125,-0.7404397997488836,0.06771121723784879
-0.00010421125,-0.7424723707263693,0.06872842496927795
-0.00010408125,-0.7458599890221785,0.06906749421308765
-0.00010395125,-0.7478925599996642,0.07042377118832653
-0.00010382125,-0.748570083658826,0.07076284043213625
-0.00010369125,-0.7512801782954736,0.07110190967594597
-0.00010356125,-0.7519577019546354,0.0717800481635654
-0.00010343125,-0.754329034761702,0.07144097891975568
-0.00010330125,-0.7553453202504448,0.07110190967594597
-0.00010317125,-0.7600879858645778,0.07144097891975568
-0.00010304125,-0.7614430331829015,0.07279725589499456
-0.00010291125,-0.7631368423308063,0.0738144636264237
-0.00010278125,-0.76449188964913,0.07415353287023342
-0.00010265125,-0.7655081751378727,0.07449260211404314
-0.00010252125,-0.7682182697745202,0.07415353287023342
-0.00010239125,-0.7695733170928439,0.07483167135785286
-0.00010226125,-0.7722834117294914,0.07618794833309173
-0.00010213125,-0.7732996972182342,0.07754422530833059
-0.00010200125,-0.774993506366139,0.07856143303975975
-0.00010187125,-0.774654744536558,0.07788329455214031
-0.00010174125,-0.7760097918548817,0.07822236379595003
-0.00010161125,-0.7777036010027865,0.07754422530833059
-0.00010148125,-0.7790586483211102,0.07991771001499862
-0.00010135125,-0.7824462666169195,0.07957864077118891
-0.00010122125,-0.7838013139352432,0.07923957152737919
-0.00010109125,-0.7878664558902144,0.0812739869902375
-0.00010096125,-0.7892215032085382,0.08059584850261806
-0.00010083125,-0.7898990268677001,0.07923957152737919
-0.00010070125,-0.7919315978451856,0.07991771001499862
-0.00010057125,-0.7943029306522522,0.08093491774642778
-0.00010044125,-0.7956579779705759,0.08195212547785692
-0.00010031125,-0.7980293107776425,0.08296933320928608
-0.00010018125,-0.8017556909030328,0.08364747169690552
-0.00010005125,-0.8024332145621946,0.0833084024530958
-9.992125000000001e-05,-0.8037882618805183,0.0833084024530958
-9.979125000000001e-05,-0.8054820710284231,0.08364747169690552
-9.966125000000001e-05,-0.8068371183467468,0.08398654094071523
-9.953125000000001e-05,-0.8102247366425561,0.08432561018452495
-9.940125000000001e-05,-0.8132735931087846,0.08432561018452495
-9.927125000000001e-05,-0.8136123549383655,0.08568188715976383
-9.914125000000001e-05,-0.8142898785975273,0.08669909489119297
-9.901125000000001e-05,-0.8153061640862701,0.08703816413500269
-9.888125000000001e-05,-0.8169999732341748,0.08669909489119297
-9.875125000000001e-05,-0.8183550205524985,0.08737723337881241
-9.862125000000001e-05,-0.821065115189146,0.08636002564738325
-9.849125000000001e-05,-0.8241139716553744,0.08669909489119297
-9.836125000000001e-05,-0.8244527334849554,0.08873351035405128
-9.823125000000001e-05,-0.8247914953145363,0.08873351035405128
-9.810125000000001e-05,-0.82614654263286,0.08839444111024156
-9.797125e-05,-0.8275015899511837,0.08737723337881241
-9.784125e-05,-0.8295341609286694,0.08771630262262213
-9.771125e-05,-0.8308892082469931,0.08873351035405128
-9.758125e-05,-0.8335993028836406,0.089072579597861
-9.745125e-05,-0.8352931120315452,0.08941164884167072
-9.732125e-05,-0.8369869211794499,0.08975071808548044
-9.719125e-05,-0.8373256830090309,0.09076792581690958
-9.706125e-05,-0.8390194921569355,0.09144606430452902
-9.693125000000001e-05,-0.8407133013048402,0.0911069950607193
-9.680125000000001e-05,-0.8427458722823258,0.09144606430452902
-9.667125000000001e-05,-0.8464722524077161,0.09042885657309986
-9.654125000000001e-05,-0.8485048233852017,0.0911069950607193
-9.641125000000001e-05,-0.8491823470443636,0.0911069950607193
-9.628125000000001e-05,-0.8498598707035254,0.0911069950607193
-9.615125000000001e-05,-0.8508761561922682,0.09178513354833874
-9.602125000000001e-05,-0.8532474889993348,0.09246327203595817
-9.589125000000001e-05,-0.8539250126584966,0.09178513354833874
-9.576125000000001e-05,-0.8559575836359823,0.09280234127976789
-9.563125000000001e-05,-0.8579901546134678,0.09381954901119705
-9.550125000000001e-05,-0.8583289164430488,0.09348047976738733
-9.537125000000001e-05,-0.8600227255909535,0.09415861825500677
-9.524125000000001e-05,-0.8617165347388581,0.09415861825500677
-9.511125000000001e-05,-0.8640878675459247,0.09449768749881647
-9.498125000000001e-05,-0.8654429148642484,0.09483675674262619
-9.485125000000001e-05,-0.8651041530346675,0.09517582598643591
-9.472125000000001e-05,-0.8667979621825721,0.09619303371786507
-9.459125000000001e-05,-0.867814247671315,0.09619303371786507
-9.446125000000001e-05,-0.8695080568192196,0.09653210296167479
-9.433125000000001e-05,-0.8708631041375433,0.09754931069310394
-9.420125000000001e-05,-0.872895675115029,0.09754931069310394
-9.407125000000001e-05,-0.8742507224333527,0.09754931069310394
-9.394125e-05,-0.8759445315812574,0.09788837993691366
-9.381125e-05,-0.8772995788995811,0.09958372615596224
-9.368125e-05,-0.877977102558743,0.09958372615596224
-9.355125e-05,-0.8800096735362286,0.09958372615596224
-9.342125e-05,-0.883058530002457,0.09822744918072338
-9.329125e-05,-0.8850911009799426,0.09721024144929422
-9.316125e-05,-0.8854298628095235,0.0968711722054845
-9.303125000000001e-05,-0.8857686246391044,0.0968711722054845
-9.290125000000001e-05,-0.8854298628095235,0.09822744918072338
-9.277125000000001e-05,-0.8850911009799426,0.0989055876683428
-9.264125000000001e-05,-0.8884787192757519,0.09822744918072338
-9.251125000000001e-05,-0.8898337665940756,0.09992279539977196
-9.238125000000001e-05,-0.8915275757419804,0.09958372615596224
-9.225125000000001e-05,-0.8922050994011422,0.09992279539977196
-9.212125000000001e-05,-0.893221384889885,0.1002618646435817
-9.199125000000001e-05,-0.8969477650152753,0.1006009338873914
-9.186125000000001e-05,-0.8979640505040181,0.1009400031312011
-9.173125000000001e-05,-0.898302812333599,0.1012790723750108
-9.160125000000001e-05,-0.8989803359927609,0.1009400031312011
-9.147125000000001e-05,-0.898302812333599,0.1012790723750108
-9.134125000000001e-05,-0.89864157416318,0.1019572108626303
-9.121125000000001e-05,-0.9016904306294083,0.1012790723750108
-9.108125000000001e-05,-0.9040617634364749,0.1009400031312011
-9.095125000000001e-05,-0.9060943344139605,0.1012790723750108
-9.082125000000001e-05,-0.9060943344139605,0.1006009338873914
-9.069125000000001e-05,-0.908804429050608,0.1006009338873914
-9.056125000000001e-05,-0.9111757618576746,0.1016181416188205
-9.043125000000001e-05,-0.9121920473464173,0.10229628010644
-9.030125000000001e-05,-0.9128695710055792,0.1033134878378691
-9.017125000000001e-05,-0.914224618323903,0.10229628010644
-9.004125e-05,-0.9155796656422267,0.10229628010644
-8.991125e-05,-0.9162571893013886,0.1029744185940594
-8.978125e-05,-0.9155796656422267,0.1026353493502497
-8.965125e-05,-0.9162571893013886,0.1026353493502497
-8.952125e-05,-0.9176122366197123,0.1029744185940594
-8.939125e-05,-0.9182897602788742,0.1036525570816789
-8.926125e-05,-0.9196448075971979,0.1029744185940594
-8.913125e-05,-0.9216773785746835,0.1033134878378691
-8.900125000000001e-05,-0.9226936640634263,0.1036525570816789
-8.887125000000001e-05,-0.9254037587000737,0.1036525570816789
-8.874125000000001e-05,-0.9260812823592357,0.1043306955692983
-8.861125000000001e-05,-0.9274363296775594,0.1039916263254886
-8.848125000000001e-05,-0.9284526151663022,0.1043306955692983
-8.835125000000001e-05,-0.9294689006550449,0.1029744185940594
-8.822125000000001e-05,-0.9304851861437878,0.1036525570816789
-8.809125000000001e-05,-0.9301464243142069,0.1026353493502497
-8.796125000000001e-05,-0.9304851861437878,0.1043306955692983
-8.783125000000001e-05,-0.9325177571212734,0.1067041802759663
-8.770125000000001e-05,-0.9338728044395972,0.1063651110321566
-8.757125000000001e-05,-0.9359053754170827,0.1073823187635857
-8.744125000000001e-05,-0.934550328098759,0.104669764813108
-8.731125000000001e-05,-0.9386154700537302,0.1063651110321566
-8.718125000000001e-05,-0.9406480410312158,0.1056869725445372
-8.705125000000001e-05,-0.9403092792016349,0.1039916263254886
-8.692125000000001e-05,-0.9409868028607967,0.1039916263254886
-8.679125000000001e-05,-0.9420030883495396,0.104669764813108
-8.666125000000001e-05,-0.9423418501791205,0.1050088340569177
-8.653125000000001e-05,-0.9430193738382824,0.1053479033007274
-8.640125000000001e-05,-0.9457294684749299,0.1043306955692983
-8.627125000000001e-05,-0.945390706645349,0.1050088340569177
-8.614125e-05,-0.9460682303045108,0.1056869725445372
-8.601125e-05,-0.9481008012819964,0.1053479033007274
-8.588125e-05,-0.9474232776228345,0.1043306955692983
-8.575125e-05,-0.950133372259482,0.1050088340569177
-8.562125e-05,-0.9511496577482248,0.1053479033007274
-8.549125e-05,-0.9508108959186439,0.1067041802759663
-8.536125e-05,-0.9521659432369676,0.1073823187635857
-8.523125e-05,-0.9518271814073866,0.1063651110321566
-8.510125000000001e-05,-0.9518271814073866,0.1056869725445372
-8.497125000000001e-05,-0.955214799703196,0.1063651110321566
-8.484125000000001e-05,-0.9562310851919388,0.1060260417883469
-8.471125000000001e-05,-0.9572473706806817,0.1056869725445372
-8.458125000000001e-05,-0.9596187034877481,0.1067041802759663
-8.445125000000001e-05,-0.9579248943398435,0.1053479033007274
-8.432125000000001e-05,-0.9589411798285863,0.1053479033007274
-8.419125000000001e-05,-0.9599574653173291,0.1053479033007274
-8.406125000000001e-05,-0.9606349889764909,0.1060260417883469
-8.393125000000001e-05,-0.9599574653173291,0.1060260417883469
-8.380125000000001e-05,-0.9606349889764909,0.1050088340569177
-8.367125000000001e-05,-0.9623287981243956,0.104669764813108
-8.354125000000001e-05,-0.9630063217835575,0.1039916263254886
-8.341125000000001e-05,-0.9650388927610432,0.1036525570816789
-8.328125000000001e-05,-0.9653776545906241,0.104669764813108
-8.315125000000001e-05,-0.9677489873976906,0.1053479033007274
-8.302125000000001e-05,-0.9704590820343381,0.1053479033007274
-8.289125000000001e-05,-0.9697815583751762,0.1043306955692983
-8.276125000000001e-05,-0.9691040347160144,0.1043306955692983
-8.263125000000001e-05,-0.9680877492272715,0.1039916263254886
-8.250125000000001e-05,-0.9684265110568524,0.1039916263254886
-8.237125000000001e-05,-0.9697815583751762,0.1039916263254886
-8.224125e-05,-0.9711366056934999,0.1036525570816789
-8.211125e-05,-0.9741854621597283,0.1043306955692983
-8.198125e-05,-0.9741854621597283,0.104669764813108
-8.185125e-05,-0.9735079385005665,0.1050088340569177
-8.172125e-05,-0.9728304148414046,0.1036525570816789
-8.159125e-05,-0.9752017476484711,0.1053479033007274
-8.146125e-05,-0.9762180331372139,0.1050088340569177
-8.133125e-05,-0.9765567949667949,0.1036525570816789
-8.120125e-05,-0.9789281277738614,0.1050088340569177
-8.107125000000001e-05,-0.9802831750921852,0.1050088340569177
-8.094125000000001e-05,-0.9796056514330233,0.1036525570816789
-8.081125000000001e-05,-0.981299460580928,0.1033134878378691
-8.068125000000001e-05,-0.9809606987513471,0.1033134878378691
-8.055125000000001e-05,-0.981299460580928,0.1033134878378691
-8.042125000000001e-05,-0.9806219369217661,0.1033134878378691
-8.029125000000001e-05,-0.981299460580928,0.1033134878378691
-8.016125000000001e-05,-0.9809606987513471,0.1029744185940594
-8.003125000000001e-05,-0.9836707933879945,0.1026353493502497
-7.990125000000001e-05,-0.9843483170471564,0.1033134878378691
-7.977125000000001e-05,-0.9853646025358992,0.10229628010644
-7.964125000000001e-05,-0.9846870788767373,0.1016181416188205
-7.951125000000001e-05,-0.9850258407063183,0.1012790723750108
-7.938125000000001e-05,-0.9853646025358992,0.1012790723750108
-7.925125000000001e-05,-0.9853646025358992,0.1019572108626303
-7.912125000000001e-05,-0.9850258407063183,0.1019572108626303
-7.899125000000001e-05,-0.9853646025358992,0.09992279539977196
-7.886125000000001e-05,-0.9867196498542229,0.1016181416188205
-7.873125000000001e-05,-0.9857033643654801,0.1006009338873914
-7.860125000000001e-05,-0.9867196498542229,0.1002618646435817
-7.847125000000001e-05,-0.9880746971725467,0.1012790723750108
-7.834125e-05,-0.9870584116838038,0.1002618646435817
-7.821125e-05,-0.9887522208317086,0.1006009338873914
-7.808125e-05,-0.9894297444908704,0.1009400031312011
-7.795125e-05,-0.9897685063204513,0.1009400031312011
-7.782125e-05,-0.9901072681500322,0.1009400031312011
-7.769125e-05,-0.991123553638775,0.09924465691215252
-7.756125e-05,-0.9921398391275179,0.1002618646435817
-7.743125e-05,-0.9924786009570988,0.1002618646435817
-7.730125e-05,-0.9934948864458416,0.09992279539977196
-7.717125000000001e-05,-0.9931561246162607,0.09958372615596224
-7.704125000000001e-05,-0.9938336482754225,0.0989055876683428
-7.691125000000001e-05,-0.9934948864458416,0.09788837993691366
-7.678125000000001e-05,-0.9914623154683559,0.09721024144929422
-7.665125000000001e-05,-0.9934948864458416,0.09822744918072338
-7.652125000000001e-05,-0.9931561246162607,0.09822744918072338
-7.639125000000001e-05,-0.9938336482754225,0.09856651842453309
-7.626125000000001e-05,-0.9938336482754225,0.09754931069310394
-7.613125000000001e-05,-0.9945111719345844,0.09653210296167479
-7.600125000000001e-05,-0.99654374291207,0.09653210296167479
-7.587125000000001e-05,-0.9975600284008128,0.09619303371786507
-7.574125000000001e-05,-0.9989150757191365,0.09517582598643591
-7.561125000000001e-05,-0.9999313612078793,0.09619303371786507
-7.548125000000001e-05,-1.000947646696622,0.09585396447405535
-7.535125000000001e-05,-0.9995925993782984,0.09517582598643591
-7.522125000000001e-05,-0.9982375520599747,0.09449768749881647
-7.509125000000001e-05,-0.9989150757191365,0.09517582598643591
-7.496125000000001e-05,-0.9985763138895556,0.09449768749881647
-7.483125000000001e-05,-0.9995925993782984,0.09314141052357761
-7.470125000000001e-05,-0.9989150757191365,0.09212420279214846
-7.457125000000001e-05,-0.9995925993782984,0.09246327203595817
-7.444125e-05,-1.000947646696622,0.09280234127976789
-7.431125e-05,-1.000608884867041,0.09314141052357761
-7.418125e-05,-1.000608884867041,0.09314141052357761
-7.405125e-05,-0.9992538375487174,0.09280234127976789
-7.392125e-05,-0.9992538375487174,0.09246327203595817
-7.379125e-05,-1.00027012303746,0.09144606430452902
-7.366125e-05,-1.00027012303746,0.09042885657309986
-7.353125e-05,-0.9999313612078793,0.08975071808548044
-7.340125e-05,-1.000947646696622,0.08941164884167072
-7.327125e-05,-1.001625170355784,0.08839444111024156
-7.314125000000001e-05,-1.002302694014946,0.09042885657309986
-7.301125000000001e-05,-1.001625170355784,0.09008978732929016
-7.288125000000001e-05,-1.000947646696622,0.09042885657309986
-7.275125000000001e-05,-1.000947646696622,0.09042885657309986
-7.262125000000001e-05,-1.001625170355784,0.08975071808548044
-7.249125000000001e-05,-1.003318979503689,0.09008978732929016
-7.236125000000001e-05,-1.002302694014946,0.089072579597861
-7.223125000000001e-05,-1.003318979503689,0.08941164884167072
-7.210125000000001e-05,-1.002980217674108,0.089072579597861
-7.197125000000001e-05,-1.002641455844527,0.08771630262262213
-7.184125000000001e-05,-1.001286408526203,0.08737723337881241
-7.171125000000001e-05,-1.001963932185365,0.08737723337881241
-7.158125000000001e-05,-1.001625170355784,0.08602095640357353
-7.145125000000001e-05,-1.002302694014946,0.08534281791595411
-7.132125000000001e-05,-1.001963932185365,0.08534281791595411
-7.119125000000001e-05,-1.003318979503689,0.08432561018452495
-7.106125000000001e-05,-1.002302694014946,0.08364747169690552
-7.093125000000001e-05,-1.002980217674108,0.08432561018452495
-7.080125000000001e-05,-1.00365774133327,0.08398654094071523
-7.067125000000001e-05,-1.002980217674108,0.0833084024530958
-7.054125e-05,-1.002641455844527,0.08364747169690552
-7.041125e-05,-1.002302694014946,0.08296933320928608
-7.028125e-05,-1.002641455844527,0.08195212547785692
-7.015125e-05,-1.001963932185365,0.08195212547785692
-7.002125e-05,-1.002641455844527,0.08059584850261806
-6.989125e-05,-1.001963932185365,0.08161305623404722
-6.976125e-05,-1.002302694014946,0.0812739869902375
-6.963125e-05,-1.000608884867041,0.08025677925880834
-6.950125e-05,-1.000947646696622,0.08059584850261806
-6.937125e-05,-1.000947646696622,0.08025677925880834
-6.924125000000001e-05,-1.001286408526203,0.07957864077118891
-6.911125000000001e-05,-1.002302694014946,0.08025677925880834
-6.898125000000001e-05,-1.001286408526203,0.07991771001499862
-6.885125000000001e-05,-1.001286408526203,0.07957864077118891
-6.872125000000001e-05,-1.001963932185365,0.07923957152737919
-6.859125000000001e-05,-1.001963932185365,0.07822236379595003
-6.846125000000001e-05,-1.002980217674108,0.07788329455214031
-6.833125000000001e-05,-1.002641455844527,0.07754422530833059
-6.820125000000001e-05,-1.001286408526203,0.07652701757690145
-6.807125000000001e-05,-1.001625170355784,0.07550980984547229
-6.794125000000001e-05,-0.9999313612078793,0.07550980984547229
-6.781125000000001e-05,-0.9992538375487174,0.07550980984547229
-6.768125000000001e-05,-1.000608884867041,0.07550980984547229
-6.755125000000001e-05,-0.9992538375487174,0.07449260211404314
-6.742125000000001e-05,-0.9985763138895556,0.07618794833309173
-6.729125000000001e-05,-0.9978987902303937,0.07449260211404314
-6.716125000000001e-05,-0.9989150757191365,0.07211911740737512
-6.703125000000001e-05,-0.9985763138895556,0.07144097891975568
-6.690125000000001e-05,-0.9989150757191365,0.07110190967594597
-6.677125000000001e-05,-0.9989150757191365,0.07110190967594597
-6.664125000000001e-05,-1.00027012303746,0.07042377118832653
-6.651125e-05,-1.00027012303746,0.07008470194451681
-6.638125e-05,-0.9995925993782984,0.06940656345689737
-6.625125e-05,-0.9992538375487174,0.06974563270070709
-6.612125e-05,-0.9989150757191365,0.06805028648165851
-6.599125e-05,-0.99654374291207,0.06872842496927795
-6.586125e-05,-0.9982375520599747,0.06906749421308765
-6.573125e-05,-0.9985763138895556,0.06872842496927795
-6.560125e-05,-0.996882504741651,0.06771121723784879
-6.547125e-05,-0.9982375520599747,0.06669400950641964
-6.534125000000001e-05,-0.9975600284008128,0.06669400950641964
-6.521125000000001e-05,-0.99654374291207,0.06669400950641964
-6.508125000000001e-05,-0.9948499337641653,0.06737214799403907
-6.495125000000001e-05,-0.9948499337641653,0.06703307875022935
-6.482125000000001e-05,-0.9938336482754225,0.06465959404356134
-6.469125000000001e-05,-0.9938336482754225,0.06567680177499048
-6.456125000000001e-05,-0.9938336482754225,0.06330331706832246
-6.443125000000001e-05,-0.9931561246162607,0.06296424782451274
-6.430125000000001e-05,-0.9931561246162607,0.06364238631213218
-6.417125000000001e-05,-0.9931561246162607,0.06262517858070303
-6.404125000000001e-05,-0.9928173627866798,0.06126890160546415
-6.391125000000001e-05,-0.9921398391275179,0.06092983236165445
-6.378125000000001e-05,-0.9907847918091941,0.06092983236165445
-6.365125000000001e-05,-0.9880746971725467,0.06025169387403501
-6.352125000000001e-05,-0.9867196498542229,0.06025169387403501
-6.339125000000001e-05,-0.986380888024642,0.05991262463022529
-6.326125000000001e-05,-0.9867196498542229,0.05991262463022529
-6.313125000000001e-05,-0.9877359353429657,0.05957355538641557
-6.300125000000001e-05,-0.9873971735133847,0.05720007067974754
-6.287125000000001e-05,-0.9853646025358992,0.0561828629483184
-6.274125000000001e-05,-0.9843483170471564,0.05550472446069896
-6.261125e-05,-0.9857033643654801,0.05584379370450868
-6.248125e-05,-0.9853646025358992,0.05550472446069896
-6.235125e-05,-0.9853646025358992,0.05482658597307952
-6.222125e-05,-0.9857033643654801,0.05448751672926981
-6.209125e-05,-0.9853646025358992,0.05313123975403093
-6.196125e-05,-0.9846870788767373,0.05516565521688924
-6.183125e-05,-0.9833320315584135,0.05347030899784065
-6.170125e-05,-0.9826545078992517,0.05380937824165037
-6.157125e-05,-0.9823157460696708,0.05347030899784065
-6.144125e-05,-0.9809606987513471,0.05245310126641151
-6.131125000000001e-05,-0.9789281277738614,0.05109682429117263
-6.118125000000001e-05,-0.9789281277738614,0.0504186858035532
-6.105125000000001e-05,-0.9789281277738614,0.0504186858035532
-6.092125e-05,-0.9782506041146996,0.05211403202260179
-6.079125e-05,-0.9765567949667949,0.05109682429117263
-6.066125e-05,-0.9752017476484711,0.04974054731593376
-6.053125e-05,-0.9745242239893093,0.0487233395845046
-6.040125e-05,-0.9752017476484711,0.04736706260926574
-6.027125e-05,-0.9738467003301474,0.04634985487783658
-6.014125e-05,-0.9745242239893093,0.04567171639021715
-6.001125e-05,-0.9741854621597283,0.04533264714640743
-5.988125e-05,-0.9731691766709856,0.04533264714640743
-5.975125e-05,-0.9718141293526618,0.04499357790259771
-5.962125e-05,-0.9684265110568524,0.04363730092735885
-5.949125e-05,-0.9684265110568524,0.04262009319592969
-5.936125e-05,-0.9677489873976906,0.04262009319592969
-5.923125e-05,-0.9674102255681096,0.04228102395211997
-5.910125e-05,-0.9680877492272715,0.04228102395211997
-5.897125e-05,-0.9674102255681096,0.04126381622069082
-5.884125e-05,-0.9667327019089478,0.04058567773307138
-5.871125e-05,-0.9647001309314622,0.03990753924545196
-5.858125e-05,-0.9633450836131384,0.04024660848926166
-5.845125e-05,-0.9636838454427193,0.03821219302640336
-5.832125e-05,-0.9630063217835575,0.03821219302640336
-5.819125e-05,-0.9633450836131384,0.03787312378259364
-5.806125e-05,-0.9626675599539766,0.03719498529497421
-5.793125e-05,-0.9606349889764909,0.03583870831973533
-5.780125e-05,-0.9596187034877481,0.03516056983211591
-5.767125e-05,-0.9589411798285863,0.03549963907592563
-5.754125e-05,-0.9579248943398435,0.03549963907592563
-5.741125e-05,-0.9572473706806817,0.03482150058830619
-5.728125e-05,-0.9575861325102626,0.03346522361306732
-5.715125e-05,-0.9572473706806817,0.03278708512544788
-5.702125e-05,-0.9562310851919388,0.03143080815020901
-5.689125e-05,-0.9545372760440342,0.03210894663782844
-5.676125e-05,-0.9525047050665485,0.03109173890639929
-5.663125e-05,-0.9525047050665485,0.03007453117497014
-5.650125e-05,-0.9508108959186439,0.02905732344354099
-5.637125e-05,-0.9497946104299011,0.02804011571211183
-5.624125e-05,-0.9508108959186439,0.02871825419973127
-5.611125e-05,-0.9497946104299011,0.02668383873687296
-5.598125e-05,-0.9487783249411582,0.02702290798068268
-5.585125e-05,-0.9487783249411582,0.02668383873687296
-5.572125e-05,-0.9477620394524154,0.0273619772244924
-5.559125e-05,-0.9467457539636727,0.02702290798068268
-5.546125e-05,-0.9457294684749299,0.02600570024925353
-5.533125e-05,-0.9433581356678633,0.02600570024925353
-5.520125e-05,-0.9426806120087015,0.02498849251782437
-5.507125e-05,-0.9426806120087015,0.02431035403020494
-5.494125e-05,-0.9426806120087015,0.02329314629877579
-5.481125e-05,-0.9409868028607967,0.02261500781115635
-5.468125e-05,-0.9406480410312158,0.02227593856734663
-5.455125e-05,-0.9379379463945684,0.0215978000797272
-5.442125e-05,-0.9372604227354064,0.02091966159210776
-5.429125e-05,-0.9375991845649875,0.02091966159210776
-5.416125e-05,-0.93488908992834,0.02058059234829805
-5.403125e-05,-0.9338728044395972,0.02024152310448833
-5.390125e-05,-0.9325177571212734,0.01956338461686889
-5.377125e-05,-0.929807662484626,0.01888524612924946
-5.364125e-05,-0.9281138533367213,0.01786803839782031
-5.351125e-05,-0.9274363296775594,0.01786803839782031
-5.338125e-05,-0.9270975678479785,0.015833622934962
-5.325125e-05,-0.9274363296775594,0.01651176142258143
-5.312125e-05,-0.9257425205296548,0.015833622934962
-5.299125e-05,-0.9247262350409119,0.01549455369115228
-5.286125e-05,-0.9230324258930073,0.01413827671591341
-5.273125e-05,-0.9230324258930073,0.01312106898448426
-5.260125e-05,-0.9209998549155216,0.01278199974067454
-5.247125e-05,-0.9196448075971979,0.01278199974067454
-5.234125e-05,-0.9189672839380361,0.01244293049686482
-5.221125e-05,-0.9162571893013886,0.01278199974067454
-5.208125e-05,-0.9155796656422267,0.01108665352162595
-5.195125e-05,-0.9155796656422267,0.0100694457901968
-5.182125e-05,-0.9149021419830649,0.009391307302577366
-5.169125e-05,-0.9145633801534839,0.009052238058767649
-5.156125e-05,-0.9118532855168364,0.008374099571148213
-5.143125e-05,-0.9098207145393508,0.007356891839719061
-5.130125e-05,-0.9091431908801889,0.006339684108289908
-5.117125e-05,-0.9084656672210271,0.005661545620670473
-5.104125e-05,-0.9081269053914461,0.006678753352099625
-5.091125e-05,-0.9054168107547986,0.006678753352099625
-5.078125e-05,-0.9040617634364749,0.005661545620670473
-5.065125e-05,-0.9023679542885703,0.003627130157812168
-5.052125e-05,-0.9033842397773131,0.003627130157812168
-5.039125e-05,-0.9010129069702465,0.0005755069635247092
-5.026125e-05,-0.8989803359927609,0.001253645451144144
-5.013125e-05,-0.8976252886744371,0.002270853182573297
-5.000125e-05,-0.8962702413561134,0.001592714694953862
-4.987125e-05,-0.8962702413561134,0.0002364377197149915
-4.974125e-05,-0.8952539558673707,-0.0001026315240947261
-4.961125e-05,-0.893221384889885,-0.0007807700117141612
-4.948125e-05,-0.8905112902532375,-0.002137046986953032
-4.935125e-05,-0.8888174811053329,-0.002476116230762749
-4.922125e-05,-0.8878011956165901,-0.003493323962191902
-4.909125e-05,-0.8867849101278473,-0.004171462449811337
-4.896125e-05,-0.8847523391503617,-0.003493323962191902
-4.883125e-05,-0.8850911009799426,-0.004171462449811337
-4.870125e-05,-0.8844135773207807,-0.00518867018124049
-4.857125e-05,-0.8847523391503617,-0.00518867018124049
-4.844125e-05,-0.882719768172876,-0.006205877912669642
-4.831125e-05,-0.8793321498770668,-0.007223085644098796
-4.818125e-05,-0.8769608170700002,-0.008240293375527948
-4.805125e-05,-0.8766220552404193,-0.009596570350766819
-4.792125e-05,-0.8749282460925145,-0.009596570350766819
-4.779125e-05,-0.8745894842629336,-0.01129191656981541
-4.766125e-05,-0.872895675115029,-0.008240293375527948
-4.753125e-05,-0.8718793896262862,-0.01061377808219597
-4.740125e-05,-0.8712018659671243,-0.01230912430124456
-4.727125e-05,-0.8708631041375433,-0.01095284732600569
-4.714125e-05,-0.8688305331600578,-0.01197005505743484
-4.701125e-05,-0.8664592003529912,-0.01298726278886399
-4.688125e-05,-0.8640878675459247,-0.01366540127648343
-4.675125e-05,-0.8630715820571818,-0.01400447052029315
-4.662125e-05,-0.8613777729092772,-0.01434353976410286
-4.649125e-05,-0.8603614874205344,-0.0150216782517223
-4.636125e-05,-0.8593452019317916,-0.0150216782517223
-4.623125e-05,-0.8576513927838869,-0.0170560937145806
-4.610125e-05,-0.8552800599768203,-0.01739516295839032
-4.597125e-05,-0.8546025363176585,-0.01909050917743891
-4.584125e-05,-0.852231203510592,-0.01841237068981948
-4.571125e-05,-0.8498598707035254,-0.01909050917743891
-4.558125e-05,-0.8501986325331063,-0.01942957842124863
-4.545125e-05,-0.8485048233852017,-0.02044678615267778
-4.532125e-05,-0.8457947287485542,-0.02044678615267778
-4.519125e-05,-0.8434233959414876,-0.02010771690886807
-4.506125e-05,-0.8396970158160973,-0.02146399388410693
-4.493125e-05,-0.8376644448386118,-0.02349840934696524
-4.480125e-05,-0.836648159349869,-0.0228202708593458
-4.467125e-05,-0.836648159349869,-0.02349840934696524
-4.454125e-05,-0.8352931120315452,-0.02519375556601383
-4.441125e-05,-0.8352931120315452,-0.02485468632220411
-4.428125e-05,-0.8325830173948978,-0.02485468632220411
-4.415125e-05,-0.8308892082469931,-0.02553282480982354
-4.402125e-05,-0.8302116845878312,-0.02621096329744298
-4.389125e-05,-0.8298729227582503,-0.02756724027268185
-4.376125e-05,-0.8275015899511837,-0.02790630951649157
-4.363125e-05,-0.8247914953145363,-0.02858444800411101
-4.350125e-05,-0.8227589243370507,-0.02892351724792072
-4.337125e-05,-0.8220814006778888,-0.02892351724792072
-4.324125e-05,-0.8193713060412413,-0.02926258649173044
-4.311125e-05,-0.8183550205524985,-0.03027979422315959
-4.298125e-05,-0.8169999732341748,-0.03061886346696931
-4.285125e-05,-0.8149674022566892,-0.03163607119839847
-4.272125e-05,-0.8136123549383655,-0.03231420968601789
-4.259125e-05,-0.8125960694496227,-0.03333141741744705
-4.246125e-05,-0.8102247366425561,-0.03400955590506649
-4.233125e-05,-0.8068371183467468,-0.0343486251488762
-4.220125e-05,-0.8051433091988421,-0.03536583288030536
-4.207125e-05,-0.8044657855396802,-0.03502676363649564
-4.194125e-05,-0.8034495000509374,-0.03570490212411508
-4.181125e-05,-0.8024332145621946,-0.0360439713679248
-4.168125e-05,-0.800400643584709,-0.0363830406117345
-4.155125e-05,-0.7980293107776425,-0.0380783868307831
-4.142125e-05,-0.795319216140995,-0.0380783868307831
-4.129125e-05,-0.7926091215043475,-0.03875652531840253
-4.116125e-05,-0.7909153123564429,-0.04011280229364141
-4.103125e-05,-0.7892215032085382,-0.04011280229364141
-4.090125e-05,-0.7882052177197953,-0.04045187153745113
-4.077125e-05,-0.7865114085718907,-0.04146907926888027
-4.064125e-05,-0.784817599423986,-0.04146907926888027
-4.051125e-05,-0.7834625521056623,-0.04180814851268999
-4.038125e-05,-0.7834625521056623,-0.04214721775649971
-4.025125e-05,-0.7807524574690148,-0.04316442548792886
-4.012125e-05,-0.7777036010027865,-0.04418163321935802
-3.999125e-05,-0.7770260773436245,-0.04485977170697744
-3.986125e-05,-0.7753322681957199,-0.04485977170697744
-3.973125e-05,-0.7732996972182342,-0.04485977170697744
-3.960125e-05,-0.7716058880703296,-0.0458769794384066
-3.947125e-05,-0.7705896025815868,-0.04655511792602604
-3.934125e-05,-0.7668632224561965,-0.04689418716983575
-3.921125e-05,-0.7648306514787109,-0.04621604868221632
-3.908125e-05,-0.7624593186716444,-0.04723325641364547
-3.895125e-05,-0.7600879858645778,-0.04926767187650377
-3.882125e-05,-0.7583941767166732,-0.04858953338888435
-3.869125e-05,-0.7567003675687685,-0.04926767187650377
-3.856125e-05,-0.7550065584208638,-0.04926767187650377
-3.843125e-05,-0.7533127492729591,-0.05062394885174265
-3.830125e-05,-0.7529739874433782,-0.05096301809555237
-3.817125e-05,-0.7516189401250545,-0.05130208733936208
-3.804125e-05,-0.7492476073179879,-0.05198022582698152
-3.791125e-05,-0.7465375126813405,-0.05231929507079124
-3.778125e-05,-0.7451824653630167,-0.05265836431460096
-3.765125e-05,-0.7445049417038548,-0.05299743355841068
-3.752125e-05,-0.7417948470672073,-0.05333650280222038
-3.739125e-05,-0.7397622760897218,-0.05503184902126898
-3.726125e-05,-0.738407228771398,-0.05570998750888841
-3.713125e-05,-0.7373909432826552,-0.05570998750888841
-3.700125e-05,-0.733325801327684,-0.05604905675269813
-3.687125e-05,-0.7316319921797794,-0.05638812599650785
-3.674125e-05,-0.7292606593727128,-0.05672719524031757
-3.661125e-05,-0.7265505647360653,-0.05672719524031757
-3.648125e-05,-0.7245179937585797,-0.05774440297174671
-3.635125e-05,-0.7238404700994179,-0.05774440297174671
-3.622125e-05,-0.7214691372923513,-0.05876161070317587
-3.609125e-05,-0.7194365663148657,-0.05943974919079531
-3.596125e-05,-0.7157101861894755,-0.06011788767841474
-3.583125e-05,-0.7136776152119898,-0.06045695692222446
-3.570125e-05,-0.7119838060640852,-0.0611350954098439
-3.557125e-05,-0.7099512350865995,-0.06181323389746332
-3.544125e-05,-0.7089349495978567,-0.06181323389746332
-3.531125e-05,-0.7058860931316283,-0.06249137238508276
-3.518125e-05,-0.7028372366653999,-0.0631695108727022
-3.505125e-05,-0.7011434275174953,-0.06384764936032164
-3.492125e-05,-0.6991108565400096,-0.06418671860413136
-3.479125e-05,-0.6977558092216859,-0.06452578784794107
-3.466125e-05,-0.6957232382442003,-0.06520392633556051
-3.453125e-05,-0.6940294290962956,-0.06588206482317994
-3.440125e-05,-0.6919968581188101,-0.06588206482317994
-3.427125e-05,-0.6892867634821626,-0.06689927255460909
-3.414125e-05,-0.6875929543342578,-0.06757741104222853
-3.401125e-05,-0.6852216215271913,-0.06825554952984797
-3.388125e-05,-0.6842053360384486,-0.06859461877365768
-3.375125e-05,-0.6835278123792866,-0.06791648028603825
-3.362125e-05,-0.681834003231382,-0.06588206482317994
-3.349125e-05,-0.6781076231059917,-0.0689336880174674
-3.336125e-05,-0.6747200048101823,-0.06961182650508684
-3.323125e-05,-0.6743812429806014,-0.06961182650508684
-3.310125e-05,-0.6706548628552111,-0.06961182650508684
-3.297125e-05,-0.6682835300481446,-0.06961182650508684
-3.284125e-05,-0.6665897209002399,-0.06995089574889655
-3.271125e-05,-0.6635408644340115,-0.07062903423651599
-3.258125e-05,-0.661508293456526,-0.07198531121175486
-3.245125e-05,-0.6591369606494594,-0.07300251894318401
-3.232125e-05,-0.6577819133311357,-0.07232438045556458
-3.219125e-05,-0.6564268660128119,-0.07334158818699373
-3.206125e-05,-0.6527004858874216,-0.07368065743080345
-3.193125e-05,-0.6516842003986788,-0.07368065743080345
-3.180125e-05,-0.6489741057620314,-0.07401972667461316
-3.167125e-05,-0.6472802966141267,-0.07435879591842288
-3.154125e-05,-0.6449089638070601,-0.07503693440604231
-3.141125e-05,-0.6421988691704127,-0.07571507289366175
-3.128125e-05,-0.640166298192927,-0.07537600364985203
-3.115125e-05,-0.6394887745337652,-0.07537600364985203
-3.102125e-05,-0.6377949653858606,-0.07537600364985203
-3.089125e-05,-0.6361011562379558,-0.07605414213747147
-3.076125e-05,-0.6320360142829846,-0.07673228062509091
-3.063125e-05,-0.6293259196463371,-0.07944483457556864
-3.050125000000001e-05,-0.6286483959871753,-0.07910576533175893
-3.037125e-05,-0.6255995395209469,-0.07876669608794921
-3.024125e-05,-0.6222119212251376,-0.07707134986890062
-3.011125e-05,-0.6195018265884901,-0.07707134986890062
-2.998125e-05,-0.6167917319518426,-0.07910576533175893
-2.985125e-05,-0.614759160974357,-0.07978390381937836
-2.972125e-05,-0.614759160974357,-0.07978390381937836
-2.959125e-05,-0.6137428754856141,-0.0804620423069978
-2.946125e-05,-0.610016495360224,-0.08114018079461724
-2.933125e-05,-0.6076451625531574,-0.0824964577698561
-2.920125e-05,-0.6056125915756717,-0.0824964577698561
-2.907125e-05,-0.6035800205981862,-0.08215738852604638
-2.894125e-05,-0.6012086877911196,-0.08215738852604638
-2.881125e-05,-0.5981598313248911,-0.0824964577698561
-2.868125e-05,-0.593755927540339,-0.08419180398890469
-2.855125e-05,-0.5920621183924344,-0.08385273474509497
-2.842125e-05,-0.5907070710741107,-0.08419180398890469
-2.829125e-05,-0.5883357382670441,-0.08419180398890469
-2.816125e-05,-0.5869806909487204,-0.08351366550128525
-2.803125e-05,-0.5846093581416538,-0.08419180398890469
-2.790125e-05,-0.5825767871641682,-0.08588715020795328
-2.777125e-05,-0.5808829780162635,-0.08520901172033385
-2.764125e-05,-0.5778341215500351,-0.08588715020795328
-2.751125e-05,-0.5744465032542257,-0.08656528869557271
-2.738125e-05,-0.5717364086175784,-0.08656528869557271
-2.725125e-05,-0.5693650758105118,-0.08724342718319215
-2.712125e-05,-0.5669937430034452,-0.08792156567081158
-2.699125e-05,-0.5652999338555406,-0.08792156567081158
-2.686125e-05,-0.5622510773893121,-0.08859970415843102
-2.673125e-05,-0.5588634590935028,-0.08893877340224074
-2.660125e-05,-0.5554758407976935,-0.08859970415843102
-2.647125e-05,-0.552765746161046,-0.0882606349146213
-2.634125e-05,-0.5507331751835604,-0.0882606349146213
-2.621125e-05,-0.5487006042060748,-0.0882606349146213
-2.608125e-05,-0.5470067950581701,-0.08859970415843102
-2.595125e-05,-0.5459905095694273,-0.08859970415843102
-2.582125e-05,-0.5432804149327798,-0.08927784264605046
-2.569125e-05,-0.5415866057848752,-0.08893877340224074
-2.556125e-05,-0.5395540348073895,-0.08961691188986018
-2.543125e-05,-0.5361664165115803,-0.08995598113366989
-2.530125e-05,-0.532101274556609,-0.09097318886509904
-2.517125e-05,-0.5297299417495425,-0.08927784264605046
-2.504125e-05,-0.5273586089424759,-0.09199039659652819
-2.491125e-05,-0.5260035616241522,-0.09165132735271848
-2.478125e-05,-0.5246485143058285,-0.09097318886509904
-2.465125e-05,-0.521938419669181,-0.09131225810890876
-2.452125e-05,-0.5182120395437907,-0.09266853508414763
-2.439125e-05,-0.5151631830775623,-0.0940248120593865
-2.426125e-05,-0.5110980411225911,-0.0940248120593865
-2.413125e-05,-0.5073716609972008,-0.09300760432795735
-2.400125e-05,-0.506355375508458,-0.09368574281557679
-2.387125e-05,-0.5046615663605534,-0.09368574281557679
-2.374125e-05,-0.5022902335534868,-0.0940248120593865
-2.361125e-05,-0.5009351862351631,-0.09470295054700593
-2.348125e-05,-0.4975475679393536,-0.09504201979081565
-2.335125e-05,-0.495514996961868,-0.0940248120593865
-2.322125e-05,-0.4924661404956396,-0.09470295054700593
-2.309125e-05,-0.490772331347735,-0.09436388130319621
-2.296125e-05,-0.4887397603702494,-0.09436388130319621
-2.283125e-05,-0.4860296657336018,-0.09504201979081565
-2.270125e-05,-0.4836583329265353,-0.09572015827843509
-2.257125e-05,-0.4806094764603069,-0.09572015827843509
-2.244125e-05,-0.4778993818236594,-0.09673736600986424
-2.231125e-05,-0.4772218581644976,-0.09368574281557679
-2.218125e-05,-0.4741730016982691,-0.09639829676605452
-2.205125e-05,-0.4724791925503645,-0.09538108903462537
-2.192125e-05,-0.4704466215728789,-0.09538108903462537
-2.179125e-05,-0.4663814796179077,-0.09673736600986424
-2.166125e-05,-0.4619775758333555,-0.09741550449748368
-2.153125e-05,-0.4585899575375462,-0.09673736600986424
-2.140125e-05,-0.4548635774121559,-0.09741550449748368
-2.127125e-05,-0.454186053752994,-0.09809364298510312
-2.114125e-05,-0.4528310064346703,-0.09809364298510312
-2.101125e-05,-0.4511371972867657,-0.09809364298510312
-2.088125e-05,-0.4474108171613754,-0.0977545737412934
-2.075125e-05,-0.4463945316726325,-0.09741550449748368
-2.062125e-05,-0.4423293897176613,-0.09843271222891282
-2.049125e-05,-0.4396192950810139,-0.09877178147272254
-2.036125e-05,-0.4362316767852045,-0.09843271222891282
-2.023125e-05,-0.4341991058077189,-0.1001280584479614
-2.010125e-05,-0.4321665348302333,-0.1011452661793906
-1.997125e-05,-0.4301339638527477,-0.09944991996034198
-1.984125e-05,-0.4294564401935858,-0.09944991996034198
-1.971125e-05,-0.4264075837273574,-0.09911085071653226
-1.958125e-05,-0.4206486326244815,-0.0997889892041517
-1.945125e-05,-0.4189548234765769,-0.09843271222891282
-1.932125e-05,-0.4155672051807675,-0.1011452661793906
-1.919125e-05,-0.4121795868849582,-0.1011452661793906
-1.906125e-05,-0.4074369212708251,-0.1001280584479614
-1.893125e-05,-0.4060818739525013,-0.1011452661793906
-1.880125e-05,-0.4050655884637586,-0.1021624739108197
-1.867125e-05,-0.4037105411454348,-0.1011452661793906
-1.854125e-05,-0.4010004465087874,-0.1008061969355808
-1.841125e-05,-0.3982903518721398,-0.1014843354232003
-1.828125e-05,-0.3955802572354924,-0.1014843354232003
-1.815125e-05,-0.3915151152805212,-0.1014843354232003
-1.802125e-05,-0.3877887351551309,-0.1008061969355808
-1.789125e-05,-0.3847398786889025,-0.1004671276917711
-1.776125e-05,-0.3823685458818359,-0.1001280584479614
-1.763125e-05,-0.3803359749043503,-0.1004671276917711
-1.750125e-05,-0.3799972130747694,-0.1011452661793906
-1.737125e-05,-0.3776258802677029,-0.1014843354232003
-1.724125e-05,-0.3732219764831508,-0.1021624739108197
-1.711125e-05,-0.3711894055056651,-0.1011452661793906
-1.698125e-05,-0.3691568345281795,-0.1014843354232003
-1.685125e-05,-0.3657692162323702,-0.1014843354232003
-1.672125e-05,-0.3637366452548846,-0.10182340466701
-1.659125e-05,-0.3600102651294943,-0.1031796816422489
-1.646125e-05,-0.356283885004104,-0.10182340466701
-1.633125e-05,-0.3542513140266184,-0.1025015431546294
-1.620125e-05,-0.35120245756039,-0.1031796816422489
-1.607125e-05,-0.3491698865829044,-0.1014843354232003
-1.594125e-05,-0.3467985537758378,-0.1014843354232003
-1.581125e-05,-0.3447659827983522,-0.1021624739108197
-1.568125e-05,-0.3423946499912857,-0.10182340466701
-1.555125e-05,-0.3386682698658954,-0.10182340466701
-1.542125e-05,-0.3366356988884098,-0.1011452661793906
-1.529125e-05,-0.3349418897405051,-0.1008061969355808
-1.516125e-05,-0.3329093187630195,-0.1001280584479614
-1.503125e-05,-0.330199224126372,-0.1001280584479614
-1.490125e-05,-0.3257953203418199,-0.1004671276917711
-1.477125e-05,-0.3224077020460105,-0.1011452661793906
-1.464125e-05,-0.3193588455797822,-0.0997889892041517
-1.451125e-05,-0.3169875127727156,-0.09944991996034198
-1.438125e-05,-0.3156324654543919,-0.1008061969355808
-1.425125e-05,-0.3129223708177444,-0.10182340466701
-1.412125e-05,-0.3102122761810969,-0.1028406123984392
-1.399125e-05,-0.3081797052036113,-0.10182340466701
-1.386125e-05,-0.3037758014190592,-0.1014843354232003
-1.373125e-05,-0.3003881831232498,-0.1014843354232003
-1.360125e-05,-0.2980168503161833,-0.1025015431546294
-1.347125e-05,-0.2963230411682786,-0.1025015431546294
-1.334125e-05,-0.2936129465316312,-0.1014843354232003
-1.321125e-05,-0.2905640900654027,-0.1021624739108197
-1.308125e-05,-0.2875152335991744,-0.1025015431546294
-1.295125e-05,-0.2827725679850412,-0.10182340466701
-1.282125e-05,-0.2807399970075556,-0.10182340466701
-1.269125e-05,-0.2783686642004891,-0.1021624739108197
-1.256125e-05,-0.2753198077342607,-0.1014843354232003
-1.243125e-05,-0.2732872367567751,-0.1004671276917711
-1.230125e-05,-0.2702383802905467,-0.1001280584479614
-1.217125e-05,-0.2682058093130611,-0.1001280584479614
-1.204125e-05,-0.2661732383355755,-0.10182340466701
-1.191125e-05,-0.2641406673580899,-0.1025015431546294
-1.178125e-05,-0.2607530490622805,-0.10182340466701
-1.165125e-05,-0.2563491452777284,-0.1008061969355808
-1.152125e-05,-0.2522840033227572,-0.1011452661793906
-1.139125e-05,-0.2488963850269478,-0.1004671276917711
-1.126125e-05,-0.2475413377086241,-0.0997889892041517
-1.113125e-05,-0.2458475285607194,-0.09911085071653226
-1.100125e-05,-0.242798672094491,-0.0997889892041517
-1.087125e-05,-0.2411048629465863,-0.09877178147272254
-1.074125e-05,-0.2367009591620342,-0.1004671276917711
-1.061125e-05,-0.2353459118437105,-0.0997889892041517
-1.048125e-05,-0.232635817207063,-0.09843271222891282
-1.035125e-05,-0.2299257225704155,-0.0997889892041517
-1.022125e-05,-0.2251830569562824,-0.1001280584479614
-1.009125e-05,-0.2224729623196349,-0.1004671276917711
-9.961250000000001e-06,-0.2214566768308921,-0.0997889892041517
-9.83125e-06,-0.2163752493871781,-0.0997889892041517
-9.70125e-06,-0.2133263929209497,-0.0997889892041517
-9.571250000000001e-06,-0.2123101074322069,-0.1001280584479614
-9.44125e-06,-0.2099387746251404,-0.09877178147272254
-9.31125e-06,-0.2055348708405882,-0.09843271222891282
-9.18125e-06,-0.201469728885617,-0.09809364298510312
-9.051250000000001e-06,-0.2007922052264551,-0.09843271222891282
-8.92125e-06,-0.1977433487602267,-0.09877178147272254
-8.79125e-06,-0.1950332541235792,-0.09809364298510312
-8.661249999999999e-06,-0.1926619213165127,-0.09741550449748368
-8.531250000000001e-06,-0.1889355411911224,-0.09741550449748368
-8.40125e-06,-0.186225446554475,-0.09741550449748368
-8.27125e-06,-0.1818215427699228,-0.09809364298510312
-8.141249999999999e-06,-0.1811440191107609,-0.09639829676605452
-8.011250000000001e-06,-0.1774176389853707,-0.09707643525367396
-7.88125e-06,-0.1770788771557897,-0.09707643525367396
-7.75125e-06,-0.1730137352008185,-0.09605922752224481
-7.621250000000001e-06,-0.1682710695866854,-0.09639829676605452
-7.49125e-06,-0.1648834512908761,-0.09639829676605452
-7.36125e-06,-0.1625121184838096,-0.09605922752224481
-7.23125e-06,-0.160479547506324,-0.09572015827843509
-7.10125e-06,-0.1577694528696765,-0.09538108903462537
-6.97125e-06,-0.155059358233029,-0.09504201979081565
-6.84125e-06,-0.1516717399372197,-0.09504201979081565
-6.71125e-06,-0.149977930789315,-0.09538108903462537
-6.58125e-06,-0.1462515506639247,-0.09470295054700593
-6.45125e-06,-0.1442189796864391,-0.09538108903462537
-6.32125e-06,-0.1411701232202107,-0.09538108903462537
-6.19125e-06,-0.1391375522427251,-0.09572015827843509
-6.06125e-06,-0.1357499339469157,-0.09504201979081565
-5.93125e-06,-0.1337173629694301,-0.09334667357176707
-5.80125e-06,-0.1306685065032017,-0.09368574281557679
-5.67125e-06,-0.1269421263778114,-0.09334667357176707
-5.54125e-06,-0.1252483172299068,-0.09300760432795735
-5.41125e-06,-0.1218606989340974,-0.09368574281557679
-5.28125e-06,-0.1215219371045165,-0.09165132735271848
-5.15125e-06,-0.1181343188087072,-0.09199039659652819
-5.02125e-06,-0.1133916531945741,-0.09165132735271848
-4.89125e-06,-0.1096652730691838,-0.09097318886509904
-4.76125e-06,-0.1072939402621172,-0.09232946584033791
-4.63125e-06,-0.1049226074550507,-0.09232946584033791
-4.50125e-06,-0.0998411800113367,-0.09199039659652819
-4.37125e-06,-0.09543727622678455,-0.09165132735271848
-4.24125e-06,-0.09340470524929895,-0.09063411962128932
-4.11125e-06,-0.09137213427181334,-0.09097318886509904
-3.98125e-06,-0.08730699231684212,-0.08927784264605046
-3.85125e-06,-0.0859519449985184,-0.08859970415843102
-3.72125e-06,-0.08256432670270905,-0.08792156567081158
-3.59125e-06,-0.08053175572522343,-0.08758249642700187
-3.46125e-06,-0.07748289925899503,-0.0882606349146213
-3.33125e-06,-0.07307899547444288,-0.08690435793938243
-3.20125e-06,-0.06935261534905261,-0.08724342718319215
-3.07125e-06,-0.06867509168989074,-0.08690435793938243
-2.94125e-06,-0.06393242607575765,-0.08758249642700187
-2.81125e-06,-0.06223861692785299,-0.08792156567081158
-2.68125e-06,-0.05918976046162458,-0.08690435793938243
-2.55125e-06,-0.05783471314330084,-0.08690435793938243
-2.42125e-06,-0.0564796658249771,-0.08656528869557271
-2.29125e-06,-0.05241452387000589,-0.08486994247652413
-2.16125e-06,-0.04868814374461561,-0.08486994247652413
-2.03125e-06,-0.04496176361922534,-0.08486994247652413
-1.90125e-06,-0.04292919264173974,-0.08419180398890469
-1.77125e-06,-0.03954157434593039,-0.08486994247652413
-1.64125e-06,-0.03649271787970197,-0.08520901172033385
-1.51125e-06,-0.03412138507263543,-0.08453087323271441
-1.38125e-06,-0.0317500522655689,-0.08385273474509497
-1.25125e-06,-0.02971748128808329,-0.08317459625747554
-1.12125e-06,-0.02666862482185488,-0.0824964577698561
-9.9125e-07,-0.02226472103730274,-0.08114018079461724
-8.6125e-07,-0.01887710274149339,-0.08012297306318808
-7.3125e-07,-0.01413443712736031,-0.08147925003842695
-6.0125e-07,-0.01040805700197003,-0.08147925003842695
-4.7125e-07,-0.008375486024484425,-0.08080111155080752
-3.4125e-07,-0.00566539138783695,-0.07978390381937836
-2.1125e-07,-0.004987867728675081,-0.07978390381937836
-8.124999999999999e-08,-0.001939011262446672,-0.07978390381937836
4.875000000000001e-08,0.000771083374200803,-0.08012297306318808
1.7875e-07,0.003819939840429212,-0.07944483457556864
3.0875e-07,0.007207558136238556,-0.07910576533175893
4.3875e-07,0.0105951764320479,-0.07842762684413949
5.687500000000001e-07,0.01127270009120977,-0.07808855760032977
6.987500000000001e-07,0.01703165119408565,-0.07741041911271034
8.287500000000001e-07,0.020419269489895,-0.07808855760032977
9.587500000000001e-07,0.02414564961528527,-0.07707134986890062
1.08875e-06,0.02516193510402808,-0.07639321138128119
1.21875e-06,0.02719450608151368,-0.07639321138128119
1.34875e-06,0.02990460071816116,-0.07673228062509091
1.47875e-06,0.03058212437732303,-0.07537600364985203
1.60875e-06,0.0332922190139705,-0.07537600364985203
1.73875e-06,0.03667983730977985,-0.07503693440604231
1.86875e-06,0.04074497926475106,-0.0746978651622326
1.99875e-06,0.04582640670846508,-0.07401972667461316
2.12875e-06,0.04853650134511255,-0.07435879591842288
2.25875e-06,0.05023031049301722,-0.07334158818699373
2.38875e-06,0.05361792878882657,-0.07300251894318401
2.51875e-06,0.0559892615958931,-0.07232438045556458
2.64875e-06,0.05937687989170244,-0.07300251894318401
2.77875e-06,0.06140945086918806,-0.07232438045556458
2.90875e-06,0.0637807836762546,-0.07130717272413542
3.03875e-06,0.06818468746080675,-0.07028996499270627
3.16875e-06,0.07055602026787329,-0.06927275726127712
3.29875e-06,0.07326611490452076,-0.06825554952984797
3.42875e-06,0.07597620954116824,-0.06791648028603825
3.55875e-06,0.07936382783697758,-0.06825554952984797
3.68875e-06,0.08241268430320599,-0.06825554952984797
3.81875e-06,0.08410649345111065,-0.06757741104222853
3.94875e-06,0.08580030259901533,-0.06791648028603825
4.078750000000001e-06,0.08749411174692,-0.06689927255460909
4.20875e-06,0.09054296821314842,-0.06723834179841881
4.338750000000001e-06,0.09393058650895776,-0.06723834179841881
4.46875e-06,0.09664068114560523,-0.06588206482317994
4.598750000000001e-06,0.09867325212309083,-0.06520392633556051
4.72875e-06,0.1027383940780621,-0.06384764936032164
4.858750000000001e-06,0.1057872505442905,-0.06384764936032164
4.98875e-06,0.1095136306696807,-0.06384764936032164
5.118750000000001e-06,0.1125624871359091,-0.0631695108727022
5.24875e-06,0.1149338199429757,-0.06283044162889248
5.37875e-06,0.118660200068366,-0.06283044162889248
5.50875e-06,0.1230641038529181,-0.06147416465365362
5.63875e-06,0.1254354366599847,-0.0611350954098439
5.76875e-06,0.1284842931262131,-0.06045695692222446
5.89875e-06,0.1315331495924415,-0.0611350954098439
6.028750000000001e-06,0.1318719114220224,-0.05977881843460502
6.15875e-06,0.1349207678882508,-0.05943974919079531
6.288750000000001e-06,0.1383083861840602,-0.05876161070317587
6.41875e-06,0.1396634335023839,-0.05876161070317587
6.548750000000001e-06,0.1447448609460979,-0.05808347221555643
6.67875e-06,0.1481324792419073,-0.05740533372793701
6.808750000000001e-06,0.1488100029010691,-0.05706626448412729
6.93875e-06,0.1511813357081357,-0.05672719524031757
7.068750000000001e-06,0.154568954003945,-0.05604905675269813
7.19875e-06,0.1593116196180781,-0.05570998750888841
7.328750000000001e-06,0.1626992379138874,-0.05503184902126898
7.45875e-06,0.1654093325505349,-0.05503184902126898
7.588750000000001e-06,0.1671031416984396,-0.05570998750888841
7.718750000000001e-06,0.1694744745055061,-0.05469277977745926
7.84875e-06,0.1718458073125727,-0.05333650280222038
7.97875e-06,0.1759109492675439,-0.05198022582698152
8.108750000000001e-06,0.1799760912225151,-0.05096301809555237
8.23875e-06,0.1820086622000007,-0.05062394885174265
8.36875e-06,0.1837024713479053,-0.0516411565831718
8.498750000000001e-06,0.1870900896437147,-0.0516411565831718
8.628750000000001e-06,0.1891226606212003,-0.04994581036412321
8.75875e-06,0.1925102789170096,-0.04926767187650377
8.88875e-06,0.1972529445311427,-0.04926767187650377
9.018750000000001e-06,0.2006405628269521,-0.04757232565745519
9.148750000000001e-06,0.2026731338044377,-0.04723325641364547
9.27875e-06,0.206399513929828,-0.04689418716983575
9.40875e-06,0.2104646558847992,-0.04689418716983575
9.538750000000001e-06,0.2124972268622848,-0.04757232565745519
9.668750000000001e-06,0.2145297978397704,-0.04655511792602604
9.79875e-06,0.2172398924764179,-0.04553791019459688
9.92875e-06,0.2192724634539035,-0.04519884095078716
1.005875e-05,0.2213050344313891,-0.04485977170697744
1.018875e-05,0.2233376054088747,-0.04418163321935802
1.031875e-05,0.2263864618751031,-0.04418163321935802
1.044875e-05,0.2297740801709124,-0.0438425639755483
1.057875e-05,0.2328229366371408,-0.04214721775649971
1.070875e-05,0.2348555076146265,-0.04248628700030943
1.083875e-05,0.2358717931033693,-0.04180814851268999
1.096875e-05,0.2385818877400167,-0.04011280229364141
1.109875e-05,0.2406144587175023,-0.04045187153745113
1.122875e-05,0.2443408388428926,-0.04045187153745113
1.135875e-05,0.2484059807978638,-0.03909559456221225
1.148875e-05,0.2511160754345113,-0.03706117909935394
1.161875e-05,0.2541649319007397,-0.03740024834316366
1.174875e-05,0.257552550196549,-0.03672210985554422
1.187875e-05,0.2602626448331966,-0.03468769439268592
1.200875e-05,0.2646665486177487,-0.03672210985554422
1.213875e-05,0.2666991195952343,-0.03502676363649564
1.226875e-05,0.2700867378910436,-0.03367048666125677
1.239875e-05,0.273474356186853,-0.03265327892982761
1.252875e-05,0.2755069271643386,-0.03367048666125677
1.265875e-05,0.2775394981418242,-0.03231420968601789
1.278875e-05,0.2782170218009861,-0.03231420968601789
1.291875e-05,0.2809271164376335,-0.03265327892982761
1.304875e-05,0.2832984492447,-0.03231420968601789
1.317875e-05,0.2870248293700903,-0.03163607119839847
1.330875e-05,0.2910899713250615,-0.03061886346696931
1.343875e-05,0.2934613041321281,-0.02960165573554016
1.356875e-05,0.2965101605983565,-0.02858444800411101
1.369875e-05,0.298881493405423,-0.02858444800411101
1.382875e-05,0.3029466353603942,-0.02790630951649157
1.395875e-05,0.3063342536562036,-0.0265500325412527
1.408875e-05,0.309383110122432,-0.0265500325412527
1.421875e-05,0.3131094902478223,-0.02621096329744298
1.434875e-05,0.3151420612253079,-0.02587189405363326
1.447875e-05,0.3175133940323744,-0.02485468632220411
1.460875e-05,0.3185296795211172,-0.02451561707839439
1.473875e-05,0.3225948214760884,-0.02587189405363326
1.486875e-05,0.3253049161127359,-0.02349840934696524
1.499875e-05,0.3276762489198025,-0.02417654783458468
1.512875e-05,0.3293700580677071,-0.02383747859077496
1.525875e-05,0.3310638672156118,-0.02146399388410693
1.538875e-05,0.3344514855114212,-0.02010771690886807
1.551875e-05,0.3378391038072305,-0.01976864766505835
1.564875e-05,0.3408879602734589,-0.02044678615267778
1.577875e-05,0.3425817694213636,-0.0207858553964875
1.590875e-05,0.3449531022284301,-0.02010771690886807
1.603875e-05,0.3496957678425632,-0.02010771690886807
1.616875e-05,0.3524058624792107,-0.01841237068981948
1.629875e-05,0.3537609097975344,-0.01841237068981948
1.642875e-05,0.35579348077502,-0.01773423220220004
1.655875e-05,0.3588423372412484,-0.0170560937145806
1.668875e-05,0.3625687173666387,-0.01569981673934174
1.681875e-05,0.3639237646849625,-0.01468260900791258
1.694875e-05,0.3669726211511908,-0.01434353976410286
1.707875e-05,0.3696827157878383,-0.01366540127648343
1.720875e-05,0.371037763106162,-0.01230912430124456
1.733875e-05,0.3744253814019714,-0.01264819354505428
1.746875e-05,0.3781517615273617,-0.01468260900791258
1.759875e-05,0.3798455706752664,-0.01095284732600569
1.772875e-05,0.3828944271414947,-0.01197005505743484
1.785875e-05,0.3852657599485613,-0.01129191656981541
1.798875e-05,0.3889921400739516,-0.01027470883838625
1.811875e-05,0.3910247110514372,-0.009596570350766819
1.824875e-05,0.3937348056880847,-0.009257501106957101
1.837875e-05,0.3964449003247321,-0.008579362619337666
1.850875e-05,0.3988162331317987,-0.008240293375527948
1.863875e-05,0.4015263277684462,-0.007223085644098796
1.876875e-05,0.4049139460642555,-0.00654494715647936
1.889875e-05,0.4069465170417411,-0.00654494715647936
1.902875e-05,0.4103341353375505,-0.005866808668859925
1.915875e-05,0.4133829918037789,-0.005527739425050207
1.928875e-05,0.4147380391221026,-0.003493323962191902
1.941875e-05,0.4194807047362357,-0.001797977743143314
1.954875e-05,0.4221907993728832,-0.001458908499333596
1.967875e-05,0.4245621321799497,-0.0007807700117141612
1.980875e-05,0.4269334649870162,-0.0007807700117141612
1.993875e-05,0.4299823214532447,-0.0001026315240947261
2.006875e-05,0.4296435596236637,0.0005755069635247092
2.019875e-05,0.4316761306011493,0.0005755069635247092
2.032875e-05,0.433369939749054,0.00193178393876358
2.045875e-05,0.4354025107265396,0.001253645451144144
2.058875e-05,0.4387901290223489,0.003627130157812168
2.071875e-05,0.4425165091477392,0.003627130157812168
2.084875e-05,0.4472591747618723,0.00193178393876358
2.097875e-05,0.4496305075689389,0.004305268645431602
2.110875e-05,0.4509855548872626,0.00600061486448019
2.123875e-05,0.4547119350126528,0.006678753352099625
2.136875e-05,0.4567445059901384,0.007017822595909344
2.149875e-05,0.458777076967624,0.007356891839719061
2.162875e-05,0.4618259334338525,0.008035030327338495
2.175875e-05,0.464197266240919,0.009391307302577366
2.188875e-05,0.4645360280704999,0.009391307302577366
2.201875e-05,0.4672461227071474,0.009391307302577366
2.214875e-05,0.4702949791733758,0.009730376546387084
2.227875e-05,0.4730050738100233,0.0100694457901968
2.240875e-05,0.4763926921058326,0.01040851503400652
2.253875e-05,0.4801190722312229,0.01176479200924539
2.266875e-05,0.4828291668678704,0.01278199974067454
2.279875e-05,0.4858780233340988,0.0137992074721037
2.292875e-05,0.4879105943115844,0.01413827671591341
2.305875e-05,0.4916369744369747,0.01447734595972313
2.318875e-05,0.4940083072440412,0.01346013822829398
2.331875e-05,0.4946858309032031,0.01515548444734257
2.344875e-05,0.4963796400511078,0.01481641520353285
2.357875e-05,0.4990897346877552,0.01481641520353285
2.370875e-05,0.5004447820060789,0.01651176142258143
2.383875e-05,0.5038324003018883,0.01685083066639115
2.396875e-05,0.5072200185976976,0.01718989991020087
2.409875e-05,0.510268875063926,0.01786803839782031
2.422875e-05,0.5123014460414116,0.01854617688543974
2.435875e-05,0.51535030250764,0.01854617688543974
2.448875e-05,0.5173828734851257,0.01956338461686889
2.461875e-05,0.5197542062921922,0.02058059234829805
2.474875e-05,0.5228030627584206,0.02193686932353692
2.487875e-05,0.5248356337359062,0.02261500781115635
2.500875e-05,0.5278844902021346,0.02295407705496607
2.513875e-05,0.5316108703275249,0.02295407705496607
2.526875e-05,0.5349984886233342,0.02295407705496607
2.539875e-05,0.5366922977712389,0.02431035403020494
2.552875e-05,0.5366922977712389,0.02600570024925353
2.565875e-05,0.5370310596008199,0.02668383873687296
2.578875e-05,0.5407574397262102,0.02668383873687296
2.591875e-05,0.5438062961924385,0.02702290798068268
2.604875e-05,0.546516390829086,0.02668383873687296
2.617875e-05,0.5488877236361526,0.02804011571211183
2.630875e-05,0.5509202946136381,0.02905732344354099
2.643875e-05,0.5532916274207047,0.02770104646830212
2.656875e-05,0.5549854365686093,0.02973546193116042
2.669875e-05,0.5583730548644187,0.03041360041877986
2.682875e-05,0.5614219113306471,0.03109173890639929
2.695875e-05,0.5631157204785517,0.03176987739401872
2.708875e-05,0.5648095296264565,0.03210894663782844
2.721875e-05,0.5685359097518468,0.03176987739401872
2.734875e-05,0.5709072425589132,0.03278708512544788
2.747875e-05,0.5729398135363989,0.03346522361306732
2.760875e-05,0.5759886700026273,0.03380429285687703
2.773875e-05,0.5783600028096938,0.03516056983211591
2.786875e-05,0.5803925737871795,0.03516056983211591
2.799875e-05,0.583102668423827,0.03583870831973533
2.812875e-05,0.5854740012308934,0.03651684680735477
2.825875e-05,0.5892003813562837,0.03719498529497421
2.838875e-05,0.5908941905041885,0.03821219302640336
2.851875e-05,0.5922492378225122,0.04024660848926166
2.864875e-05,0.5939430469704168,0.04024660848926166
2.877875e-05,0.5963143797774834,0.03990753924545196
2.890875e-05,0.5963143797774834,0.04058567773307138
2.903875e-05,0.6000407599028736,0.03922940075783252
2.916875e-05,0.6030896163691021,0.03990753924545196
2.929875e-05,0.6047834255170067,0.0409247469768811
2.942875e-05,0.6068159964944924,0.04228102395211997
2.955875e-05,0.6108811384494636,0.04329823168354913
2.968875e-05,0.6142687567452729,0.04397637017116857
2.981875e-05,0.6149462804044348,0.04431543941497827
2.994875e-05,0.6159625658931775,0.04465450865878799
3.007875e-05,0.6186726605298251,0.04601078563402687
3.020875e-05,0.6193501841889869,0.0466889241216463
3.033875e-05,0.6234153261439581,0.04702799336545602
3.046875e-05,0.6271417062693484,0.04702799336545602
3.059875000000001e-05,0.6295130390764149,0.04736706260926574
3.072875000000001e-05,0.6315456100539005,0.04702799336545602
3.085875e-05,0.6325618955426433,0.04770613185307546
3.098875e-05,0.6349332283497099,0.04770613185307546
3.111875e-05,0.6379820848159383,0.0483842703406949
3.124875e-05,0.6396758939638429,0.04940147807212404
3.137875e-05,0.6410309412821666,0.05007961655974348
3.150875e-05,0.6430635122596523,0.0504186858035532
3.163875e-05,0.644418559577976,0.05007961655974348
3.176875e-05,0.6467898923850426,0.05177496277879207
3.189875e-05,0.6481449397033663,0.05279217051022121
3.202875e-05,0.6501775106808519,0.05347030899784065
3.215875e-05,0.6525488434879184,0.05448751672926981
3.228875e-05,0.6555976999541469,0.05482658597307952
3.241875000000001e-05,0.6579690327612134,0.05550472446069896
3.254875000000001e-05,0.6606791273978608,0.05652193219212812
3.267875000000001e-05,0.6633892220345083,0.0561828629483184
3.280875e-05,0.6650830311824131,0.05686100143593784
3.293875e-05,0.6657605548415749,0.05787820916736698
3.306875e-05,0.6681318876486414,0.05652193219212812
3.319875e-05,0.6715195059444508,0.05652193219212812
3.332875e-05,0.6749071242402601,0.05720007067974754
3.345875e-05,0.6772784570473267,0.05720007067974754
3.358875e-05,0.6786335043656504,0.05753913992355726
3.371875e-05,0.6820211226614598,0.0582172784111767
3.384875e-05,0.6826986463206216,0.05923448614260585
3.397875e-05,0.6843924554685263,0.05923448614260585
3.410875e-05,0.6877800737643356,0.05991262463022529
3.423875e-05,0.6887963592530785,0.06126890160546415
3.436875000000001e-05,0.6911676920601449,0.06228610933689331
3.449875000000001e-05,0.6932002630376306,0.06296424782451274
3.462875000000001e-05,0.6945553103559543,0.06499866328737104
3.475875e-05,0.6969266431630209,0.06499866328737104
3.488875e-05,0.6999754996292493,0.06567680177499048
3.501875e-05,0.7023468324363158,0.06567680177499048
3.514875e-05,0.7050569270729633,0.0660158710188002
3.527875e-05,0.7070894980504489,0.0660158710188002
3.540875e-05,0.7081057835391917,0.06669400950641964
3.553875e-05,0.7084445453687727,0.06771121723784879
3.566875e-05,0.7101383545166773,0.06805028648165851
3.579875e-05,0.7131872109829057,0.06872842496927795
3.592875e-05,0.7155585437899723,0.06906749421308765
3.605875e-05,0.7175911147674578,0.07008470194451681
3.618875e-05,0.7196236857449435,0.06974563270070709
3.631875000000001e-05,0.72199501855201,0.06940656345689737
3.644875000000001e-05,0.7247051131886575,0.06940656345689737
3.657875000000001e-05,0.7277539696548859,0.06906749421308765
3.670875e-05,0.7291090169732096,0.07042377118832653
3.683875e-05,0.7308028261211142,0.0717800481635654
3.696875e-05,0.732496635269019,0.07279725589499456
3.709875e-05,0.7338516825873427,0.0738144636264237
3.722875e-05,0.737578062712733,0.07313632513880428
3.735875e-05,0.7389331100310568,0.07347539438261398
3.748875e-05,0.7413044428381232,0.07279725589499456
3.761875e-05,0.742998251986028,0.07347539438261398
3.774875e-05,0.7450308229635135,0.0738144636264237
3.787875e-05,0.7467246321114183,0.07584887908928201
3.800875e-05,0.7484184412593229,0.07686608682071117
3.813875e-05,0.7521448213847132,0.07652701757690145
3.826875000000001e-05,0.7538386305326178,0.07720515606452089
3.839875000000001e-05,0.7545161541917798,0.07720515606452089
3.852875000000001e-05,0.7551936778509416,0.07720515606452089
3.865875000000001e-05,0.7572262488284272,0.07686608682071117
3.878875e-05,0.7589200579763319,0.07720515606452089
3.891875e-05,0.7592588198059128,0.07754422530833059
3.904875e-05,0.7612913907833984,0.07822236379595003
3.917875e-05,0.7623076762721412,0.07957864077118891
3.930875e-05,0.7650177709087886,0.07957864077118891
3.943875e-05,0.7680666273750171,0.08025677925880834
3.956875e-05,0.7700991983525027,0.07991771001499862
3.969875e-05,0.7728092929891501,0.07991771001499862
3.982875e-05,0.773825578477893,0.08059584850261806
3.995875e-05,0.7755193876257976,0.08161305623404722
4.008875e-05,0.7765356731145404,0.08296933320928608
4.021875000000001e-05,0.778907005921607,0.0812739869902375
4.034875000000001e-05,0.7795845295807688,0.08398654094071523
4.047875000000001e-05,0.7836496715357401,0.08296933320928608
4.060875000000001e-05,0.7843271951949019,0.0833084024530958
4.073875e-05,0.7850047188540638,0.08398654094071523
4.086875e-05,0.7883923371498731,0.08500374867214439
4.099875e-05,0.7900861462977778,0.08500374867214439
4.112875e-05,0.7921187172752634,0.08534281791595411
4.125875e-05,0.7941512882527491,0.08534281791595411
4.138875e-05,0.7958450974006537,0.08669909489119297
4.151875e-05,0.7972001447189775,0.08669909489119297
4.164875e-05,0.799232715696463,0.08737723337881241
4.177875e-05,0.8005877630147867,0.08703816413500269
4.190875e-05,0.8009265248443677,0.08669909489119297
4.203875e-05,0.8019428103331105,0.08703816413500269
4.216875000000001e-05,0.8036366194810152,0.08703816413500269
4.229875000000001e-05,0.8070242377768245,0.08839444111024156
4.242875000000001e-05,0.8090568087543102,0.09008978732929016
4.255875000000001e-05,0.8110893797317957,0.0911069950607193
4.268875e-05,0.8121056652205385,0.09008978732929016
4.281875e-05,0.8151545216867669,0.08941164884167072
4.294875e-05,0.8171870926642526,0.08941164884167072
4.307875e-05,0.8178646163234145,0.08975071808548044
4.320875e-05,0.8192196636417381,0.089072579597861
4.333875e-05,0.8212522346192238,0.08975071808548044
4.346875e-05,0.8222685201079666,0.09076792581690958
4.359875e-05,0.8243010910854521,0.09144606430452902
4.372875e-05,0.8259949002333569,0.09246327203595817
4.385875e-05,0.8263336620629378,0.09212420279214846
4.398875e-05,0.8283662330404234,0.09280234127976789
4.411875000000001e-05,0.8300600421883281,0.09246327203595817
4.424875000000001e-05,0.8300600421883281,0.09348047976738733
4.437875000000001e-05,0.8314150895066518,0.09381954901119705
4.450875000000001e-05,0.8327701368249756,0.09449768749881647
4.463875e-05,0.8348027078024611,0.09483675674262619
4.476875e-05,0.8375128024391086,0.09415861825500677
4.489875e-05,0.8385290879278514,0.09449768749881647
4.502875e-05,0.8398841352461751,0.09517582598643591
4.515875e-05,0.8412391825644989,0.09551489523024563
4.528875e-05,0.8439492772011464,0.09585396447405535
4.541875e-05,0.845981848178632,0.09585396447405535
4.554875e-05,0.8473368954969557,0.09483675674262619
4.567875e-05,0.8480144191561176,0.09551489523024563
4.580875e-05,0.8490307046448604,0.09754931069310394
4.593875e-05,0.8537733702589935,0.09619303371786507
4.606875000000001e-05,0.8551284175773172,0.09788837993691366
4.619875000000001e-05,0.8558059412364791,0.09958372615596224
4.632875000000001e-05,0.8571609885548028,0.09754931069310394
4.645875000000001e-05,0.8588547977027075,0.09721024144929422
4.658875000000001e-05,0.8598710831914503,0.09788837993691366
4.671875e-05,0.861226130509774,0.0989055876683428
4.684875e-05,0.8625811778280977,0.09856651842453309
4.697875e-05,0.8635974633168406,0.0989055876683428
4.710875e-05,0.8656300342943262,0.09924465691215252
4.723875e-05,0.8680013671013928,0.09924465691215252
4.736875e-05,0.8686788907605546,0.09992279539977196
4.749875e-05,0.8696951762492974,0.1006009338873914
4.762875e-05,0.8703726999084592,0.09992279539977196
4.775875e-05,0.872066509056364,0.09992279539977196
4.788875e-05,0.8737603182042686,0.09992279539977196
4.801875000000001e-05,0.8754541273521733,0.09958372615596224
4.814875000000001e-05,0.8761316510113352,0.09992279539977196
4.827875000000001e-05,0.8788417456479826,0.1012790723750108
4.840875000000001e-05,0.8805355547958873,0.1009400031312011
4.853875000000001e-05,0.8815518402846301,0.1009400031312011
4.866875e-05,0.8822293639437919,0.1006009338873914
4.879875e-05,0.8835844112621157,0.1019572108626303
4.892875e-05,0.8866332677283441,0.1009400031312011
4.905875e-05,0.8876495532170869,0.1009400031312011
4.918875e-05,0.887310791387506,0.1026353493502497
4.931875e-05,0.8883270768762488,0.10229628010644
4.944875e-05,0.8896821241945725,0.1016181416188205
4.957875e-05,0.8913759333424772,0.10229628010644
4.970875e-05,0.8937472661495437,0.1033134878378691
4.983875e-05,0.8937472661495437,0.1033134878378691
4.996875000000001e-05,0.8961185989566103,0.1029744185940594
5.009875000000001e-05,0.8971348844453531,0.1039916263254886
5.022875000000001e-05,0.8995062172524196,0.1029744185940594
5.035875000000001e-05,0.9012000264003243,0.1026353493502497
5.048875000000001e-05,0.902893835548229,0.1029744185940594
5.061875e-05,0.9032325973778099,0.10229628010644
5.074875e-05,0.9035713592073908,0.1029744185940594
5.087875e-05,0.9049264065257145,0.1039916263254886
5.100875e-05,0.9062814538440382,0.1036525570816789
5.113875e-05,0.9072977393327811,0.1036525570816789
5.126875e-05,0.907975262991943,0.1036525570816789
5.139875e-05,0.9089915484806858,0.1050088340569177
5.152875e-05,0.9106853576285905,0.1043306955692983
5.165875e-05,0.912717928606076,0.1053479033007274
5.178875e-05,0.9120404049469142,0.1053479033007274
5.191875e-05,0.9120404049469142,0.1050088340569177
5.204875000000001e-05,0.9150892614131426,0.1073823187635857
5.217875000000001e-05,0.9164443087314663,0.1073823187635857
5.230875000000001e-05,0.9174605942202091,0.1073823187635857
5.243875000000001e-05,0.918476879708952,0.1067041802759663
5.256875e-05,0.9205094506864375,0.1063651110321566
5.269875e-05,0.9225420216639232,0.1067041802759663
5.282875e-05,0.9242358308118278,0.1063651110321566
5.295875e-05,0.9255908781301515,0.1060260417883469
5.308875e-05,0.9259296399597325,0.1053479033007274
5.321875e-05,0.9269459254484753,0.1060260417883469
5.334875e-05,0.9289784964259609,0.1060260417883469
5.347875e-05,0.9293172582555418,0.1056869725445372
5.360875e-05,0.9299947819147037,0.1067041802759663
5.373875e-05,0.9320273528921893,0.1063651110321566
5.386875e-05,0.9330436383809321,0.1056869725445372
5.399875000000001e-05,0.933721162040094,0.1063651110321566
5.412875000000001e-05,0.933721162040094,0.1063651110321566
5.425875000000001e-05,0.933721162040094,0.1067041802759663
5.438875000000001e-05,0.9354149711879987,0.1053479033007274
5.451875000000001e-05,0.9360924948471605,0.1060260417883469
5.464875e-05,0.9377863039950652,0.1060260417883469
5.477875e-05,0.9384638276542271,0.1056869725445372
5.490875e-05,0.9394801131429699,0.1050088340569177
5.503875e-05,0.9401576368021317,0.1060260417883469
5.516875e-05,0.9408351604612936,0.1060260417883469
5.529875e-05,0.9415126841204555,0.1056869725445372
5.542875e-05,0.9428677314387792,0.1063651110321566
5.555875e-05,0.9449003024162648,0.1063651110321566
5.568875e-05,0.9459165879050077,0.1067041802759663
5.581875e-05,0.9455778260754267,0.1063651110321566
5.594875000000001e-05,0.9479491588824932,0.1063651110321566
5.607875000000001e-05,0.9469328733937504,0.1060260417883469
5.620875000000001e-05,0.9476103970529123,0.107043249519776
5.633875000000001e-05,0.948965444371236,0.1063651110321566
5.646875000000001e-05,0.9496429680303979,0.1060260417883469
5.659875e-05,0.9499817298599789,0.1067041802759663
5.672875e-05,0.9523530626670453,0.1063651110321566
5.685875e-05,0.9533693481557882,0.1060260417883469
5.698875e-05,0.9547243954741119,0.1060260417883469
5.711875e-05,0.9550631573036928,0.1056869725445372
5.724875e-05,0.9554019191332738,0.107043249519776
5.737875e-05,0.9557406809628547,0.1067041802759663
5.750875e-05,0.9557406809628547,0.1063651110321566
5.763875e-05,0.9554019191332738,0.1067041802759663
5.776875e-05,0.9564182046220165,0.1056869725445372
5.789875000000001e-05,0.9581120137699213,0.1067041802759663
5.802875000000001e-05,0.9604833465769878,0.1063651110321566
5.815875000000001e-05,0.9628546793840543,0.1056869725445372
5.828875000000001e-05,0.964548488531959,0.1067041802759663
5.841875000000001e-05,0.964548488531959,0.1067041802759663
5.854875e-05,0.96488725036154,0.1060260417883469
5.867875e-05,0.9665810595094446,0.1060260417883469
5.880875e-05,0.9669198213390255,0.1063651110321566
5.893875e-05,0.9672585831686065,0.1063651110321566
5.906875e-05,0.9669198213390255,0.1056869725445372
5.919875e-05,0.9679361068277683,0.1053479033007274
5.932875e-05,0.9686136304869302,0.1053479033007274
5.945875e-05,0.9682748686573492,0.1060260417883469
5.958875e-05,0.9689523923165112,0.1053479033007274
5.971875e-05,0.969968677805254,0.1050088340569177
5.984875000000001e-05,0.9692911541460921,0.1053479033007274
5.997875000000001e-05,0.969968677805254,0.1043306955692983
6.010875000000001e-05,0.9706462014644158,0.1056869725445372
6.023875000000001e-05,0.9733562961010633,0.1056869725445372
6.036875000000001e-05,0.975050105248968,0.1050088340569177
6.049875e-05,0.9774214380560345,0.1036525570816789
6.062875e-05,0.9780989617151964,0.1043306955692983
6.075875e-05,0.9780989617151964,0.1039916263254886
6.088875e-05,0.9770826762264536,0.1039916263254886
6.101875e-05,0.9770826762264536,0.1053479033007274
6.114875e-05,0.9784377235447773,0.1050088340569177
6.127875e-05,0.9791152472039392,0.1036525570816789
6.140875e-05,0.9794540090335201,0.104669764813108
6.153874999999999e-05,0.9791152472039392,0.1043306955692983
6.166874999999999e-05,0.9794540090335201,0.1043306955692983
6.179874999999999e-05,0.9811478181814248,0.1033134878378691
6.192874999999999e-05,0.9835191509884913,0.1019572108626303
6.205874999999999e-05,0.9848741983068151,0.1016181416188205
6.218874999999999e-05,0.9835191509884913,0.1019572108626303
6.231874999999999e-05,0.9831803891589104,0.1026353493502497
6.244874999999999e-05,0.985212960136396,0.1033134878378691
6.257874999999999e-05,0.985551721965977,0.1039916263254886
6.270874999999999e-05,0.985551721965977,0.1029744185940594
6.283875e-05,0.9858904837955579,0.10229628010644
6.296875e-05,0.9865680074547197,0.1019572108626303
6.309875e-05,0.985551721965977,0.10229628010644
6.322875e-05,0.985212960136396,0.1012790723750108
6.335875e-05,0.9858904837955579,0.1016181416188205
6.348875e-05,0.9872455311138816,0.1009400031312011
6.361875e-05,0.9875842929434625,0.1009400031312011
6.374875e-05,0.9879230547730434,0.1019572108626303
6.387875e-05,0.9896168639209482,0.1016181416188205
6.400875e-05,0.9886005784322054,0.1012790723750108
6.413875e-05,0.9879230547730434,0.1006009338873914
6.426875e-05,0.9899556257505291,0.1012790723750108
6.439875e-05,0.9909719112392719,0.1009400031312011
6.452875e-05,0.9923269585575957,0.09958372615596224
6.465875e-05,0.9919881967280146,0.0989055876683428
6.478875e-05,0.9926657203871766,0.09924465691215252
6.491875e-05,0.9930044822167575,0.09924465691215252
6.504875e-05,0.9933432440463384,0.09788837993691366
6.517875e-05,0.9930044822167575,0.09721024144929422
6.530875e-05,0.9933432440463384,0.09619303371786507
6.543875e-05,0.9943595295350812,0.09619303371786507
6.556874999999999e-05,0.9950370531942431,0.09619303371786507
6.569874999999999e-05,0.9950370531942431,0.09653210296167479
6.582874999999999e-05,0.9950370531942431,0.09653210296167479
6.595874999999999e-05,0.9946982913646621,0.09619303371786507
6.608874999999999e-05,0.9946982913646621,0.09449768749881647
6.621874999999999e-05,0.9936820058759194,0.09551489523024563
6.634874999999999e-05,0.9957145768534049,0.09551489523024563
6.647874999999999e-05,0.9950370531942431,0.09619303371786507
6.660874999999999e-05,0.9957145768534049,0.09483675674262619
6.673875e-05,0.996053338682986,0.09449768749881647
6.686875e-05,0.9957145768534049,0.09415861825500677
6.699875e-05,0.9967308623421478,0.09449768749881647
6.712875e-05,0.9974083860013097,0.09348047976738733
6.725875e-05,0.9994409569787952,0.09381954901119705
6.738875e-05,0.9987634333196334,0.09280234127976789
6.751875e-05,0.9994409569787952,0.09212420279214846
6.764875e-05,1.000118480637957,0.09314141052357761
6.777875e-05,0.9997797188083761,0.09246327203595817
6.790875e-05,0.9991021951492143,0.09144606430452902
6.803875e-05,0.9987634333196334,0.09076792581690958
6.816875e-05,0.9991021951492143,0.09042885657309986
6.829875e-05,0.9994409569787952,0.09008978732929016
6.842875e-05,1.000457242467538,0.0911069950607193
6.855875e-05,1.001473527956281,0.09008978732929016
6.868875e-05,1.002151051615443,0.09042885657309986
6.881875e-05,1.0011347661267,0.08975071808548044
6.894875e-05,1.000457242467538,0.08873351035405128
6.907875e-05,1.0011347661267,0.08873351035405128
6.920875e-05,1.000118480637957,0.08941164884167072
6.933875e-05,1.000796004297119,0.089072579597861
6.946874999999999e-05,1.000118480637957,0.08839444111024156
6.959874999999999e-05,1.001473527956281,0.08737723337881241
6.972874999999999e-05,1.000796004297119,0.08771630262262213
6.985874999999999e-05,1.000118480637957,0.08636002564738325
6.998874999999999e-05,0.9997797188083761,0.08602095640357353
7.011874999999999e-05,1.001473527956281,0.08602095640357353
7.024874999999999e-05,1.003167337104186,0.08669909489119297
7.037874999999999e-05,1.003844860763347,0.08636002564738325
7.050874999999999e-05,1.002828575274605,0.08602095640357353
7.063875e-05,1.002151051615443,0.08568188715976383
7.076875e-05,1.000457242467538,0.08500374867214439
7.089875e-05,1.000457242467538,0.08466467942833467
7.102875e-05,0.9991021951492143,0.08432561018452495
7.115875e-05,0.9987634333196334,0.0833084024530958
7.128875e-05,0.9994409569787952,0.08161305623404722
7.141875e-05,0.9984246714900524,0.08195212547785692
7.154875e-05,0.9997797188083761,0.08025677925880834
7.167875e-05,0.9997797188083761,0.0812739869902375
7.180875e-05,1.0011347661267,0.0812739869902375
7.193875e-05,1.001812289785862,0.08229119472166664
7.206875e-05,1.002489813445024,0.08093491774642778
7.219875e-05,1.0011347661267,0.08093491774642778
7.232875e-05,1.000796004297119,0.07991771001499862
7.245875e-05,1.000796004297119,0.07991771001499862
7.258875e-05,0.9994409569787952,0.07923957152737919
7.271875e-05,0.9994409569787952,0.07923957152737919
7.284875e-05,1.000118480637957,0.07754422530833059
7.297875e-05,0.9991021951492143,0.07550980984547229
7.310875e-05,0.9984246714900524,0.07517074060166258
7.323875e-05,0.9991021951492143,0.07584887908928201
7.336874999999999e-05,0.9984246714900524,0.07652701757690145
7.349874999999999e-05,0.9984246714900524,0.07584887908928201
7.362874999999999e-05,0.9977471478308906,0.07584887908928201
7.375874999999999e-05,0.9984246714900524,0.07517074060166258
7.388874999999999e-05,0.9984246714900524,0.07517074060166258
7.401874999999999e-05,0.9980859096604715,0.07517074060166258
7.414874999999999e-05,0.9977471478308906,0.07449260211404314
7.427874999999999e-05,0.9977471478308906,0.07313632513880428
7.440874999999999e-05,0.9970696241717287,0.07279725589499456
7.453875e-05,0.9987634333196334,0.07279725589499456
7.466875e-05,0.9994409569787952,0.07211911740737512
7.479875e-05,0.9997797188083761,0.07110190967594597
7.492875e-05,0.9987634333196334,0.07042377118832653
7.505875e-05,0.9984246714900524,0.06974563270070709
7.518875e-05,0.9991021951492143,0.06940656345689737
7.531875e-05,0.9987634333196334,0.06805028648165851
7.544875e-05,0.9970696241717287,0.06805028648165851
7.557875e-05,0.9963921005125669,0.06838935572546823
7.570875e-05,0.996053338682986,0.06940656345689737
7.583875e-05,0.996053338682986,0.06838935572546823
7.596875e-05,0.9967308623421478,0.06771121723784879
7.609875e-05,0.995375815023824,0.06771121723784879
7.622875e-05,0.9940207677055003,0.06771121723784879
7.635875e-05,0.9933432440463384,0.06669400950641964
7.648875e-05,0.9936820058759194,0.06635494026260992
7.661875e-05,0.9936820058759194,0.06499866328737104
7.674875e-05,0.9926657203871766,0.06432052479975162
7.687875e-05,0.9926657203871766,0.06432052479975162
7.700875e-05,0.9926657203871766,0.06059076311784473
7.713875e-05,0.9916494348984337,0.06262517858070303
7.726875e-05,0.9919881967280146,0.06160797084927387
7.739874999999999e-05,0.9906331494096909,0.06126890160546415
7.752874999999999e-05,0.9889393402617863,0.06262517858070303
7.765874999999999e-05,0.99029438758011,0.06160797084927387
7.778874999999999e-05,0.9909719112392719,0.06160797084927387
7.791874999999999e-05,0.9909719112392719,0.05923448614260585
7.804874999999999e-05,0.9889393402617863,0.05889541689879614
7.817874999999999e-05,0.9886005784322054,0.05889541689879614
7.830874999999999e-05,0.9886005784322054,0.0582172784111767
7.843875e-05,0.9882618166026245,0.05787820916736698
7.856875e-05,0.9858904837955579,0.0561828629483184
7.869875e-05,0.9858904837955579,0.05482658597307952
7.882875e-05,0.985212960136396,0.05550472446069896
7.895875e-05,0.9848741983068151,0.05414844748546009
7.908875e-05,0.9838579128180722,0.05516565521688924
7.921875e-05,0.9838579128180722,0.05584379370450868
7.934875e-05,0.9831803891589104,0.0561828629483184
7.947875e-05,0.9831803891589104,0.05516565521688924
7.960875e-05,0.9831803891589104,0.05414844748546009
7.973875e-05,0.9828416273293294,0.05177496277879207
7.986875e-05,0.9808090563518439,0.05347030899784065
7.999875e-05,0.9825028654997485,0.05075775504736291
8.012875e-05,0.9828416273293294,0.05075775504736291
8.025875e-05,0.9821641036701676,0.05075775504736291
8.038875e-05,0.9794540090335201,0.0504186858035532
8.051875e-05,0.9770826762264536,0.04974054731593376
8.064875e-05,0.9764051525672917,0.04906240882831432
8.077875e-05,0.9760663907377107,0.0483842703406949
8.090875e-05,0.9757276289081298,0.04736706260926574
8.103875e-05,0.9753888670785489,0.04634985487783658
8.116875e-05,0.9753888670785489,0.04567171639021715
8.129874999999999e-05,0.9740338197602252,0.04567171639021715
8.142874999999999e-05,0.9720012487827395,0.04499357790259771
8.155874999999999e-05,0.969968677805254,0.04499357790259771
8.168874999999999e-05,0.9706462014644158,0.04465450865878799
8.181874999999999e-05,0.9713237251235777,0.04431543941497827
8.194874999999999e-05,0.9709849632939968,0.04363730092735885
8.207874999999999e-05,0.9713237251235777,0.04295916243973941
8.220874999999999e-05,0.9692911541460921,0.04262009319592969
8.233874999999999e-05,0.9679361068277683,0.04160288546450054
8.246875e-05,0.9679361068277683,0.0409247469768811
8.259875e-05,0.9665810595094446,0.04126381622069082
8.272875e-05,0.9659035358502828,0.03990753924545196
8.285875e-05,0.96488725036154,0.03990753924545196
8.298875e-05,0.9652260121911209,0.0388903315140228
8.311875e-05,0.96488725036154,0.03787312378259364
8.324875e-05,0.9631934412136353,0.03821219302640336
8.337875e-05,0.9614996320657306,0.03787312378259364
8.350875e-05,0.9625159175544734,0.03787312378259364
8.363875e-05,0.9611608702361497,0.03651684680735477
8.376875e-05,0.9591282992586641,0.03583870831973533
8.389875e-05,0.959467061088245,0.03516056983211591
8.402875e-05,0.9598058229178259,0.03482150058830619
8.415875e-05,0.9598058229178259,0.0331261543692576
8.428875e-05,0.9598058229178259,0.0331261543692576
8.441875e-05,0.9567569664515975,0.03210894663782844
8.454875e-05,0.954385633644531,0.03176987739401872
8.467875e-05,0.9520143008374644,0.03143080815020901
8.480875e-05,0.9523530626670453,0.03075266966258957
8.493875e-05,0.9520143008374644,0.03041360041877986
8.506875e-05,0.9499817298599789,0.03109173890639929
8.519875e-05,0.9486266825416551,0.03041360041877986
8.532874999999999e-05,0.948965444371236,0.0293963926873507
8.545874999999999e-05,0.948965444371236,0.02871825419973127
8.558874999999999e-05,0.9499817298599789,0.02600570024925353
8.571874999999999e-05,0.9479491588824932,0.02634476949306325
8.584874999999999e-05,0.9469328733937504,0.02600570024925353
8.597874999999999e-05,0.9452390642458457,0.02600570024925353
8.610874999999999e-05,0.9452390642458457,0.02464942327401466
8.623874999999999e-05,0.9445615405866838,0.02498849251782437
8.636875e-05,0.9428677314387792,0.02329314629877579
8.649875e-05,0.9415126841204555,0.02227593856734663
8.662875e-05,0.9401576368021317,0.02261500781115635
8.675875e-05,0.9391413513133889,0.02397128478639522
8.688875e-05,0.9377863039950652,0.02295407705496607
8.701875e-05,0.9371087803359033,0.02125873083591748
8.714875e-05,0.9357537330175796,0.01990245386067861
8.727875e-05,0.9347374475288368,0.01956338461686889
8.740875e-05,0.9350762093584177,0.01854617688543974
8.753875e-05,0.9320273528921893,0.01820710764163002
8.766875e-05,0.9306723055738656,0.01820710764163002
8.779875e-05,0.9306723055738656,0.01820710764163002
8.792875e-05,0.9316885910626084,0.01786803839782031
8.805875e-05,0.9313498292330274,0.015833622934962
8.818875e-05,0.9293172582555418,0.015833622934962
8.831875e-05,0.9269459254484753,0.015833622934962
8.844875e-05,0.9266071636188944,0.01447734595972313
8.857875e-05,0.9259296399597325,0.01278199974067454
8.870875e-05,0.9245745926414087,0.01312106898448426
8.883875e-05,0.9228807834935041,0.01142572276543567
8.896875e-05,0.9215257361751803,0.01142572276543567
8.909875e-05,0.9208482125160184,0.01040851503400652
8.922874999999999e-05,0.9208482125160184,0.009052238058767649
8.935874999999999e-05,0.9181381178793711,0.008374099571148213
8.948874999999999e-05,0.9171218323906282,0.008374099571148213
8.961874999999999e-05,0.9161055469018854,0.008035030327338495
8.974874999999999e-05,0.9144117377539808,0.008035030327338495
8.987874999999999e-05,0.9147504995835617,0.006678753352099625
9.000874999999999e-05,0.9133954522652379,0.00600061486448019
9.013874999999999e-05,0.913056690435657,0.00600061486448019
9.026875e-05,0.9123791667764951,0.003627130157812168
9.039875e-05,0.9106853576285905,0.004305268645431602
9.052875e-05,0.9076365011623621,0.00464433788924132
9.065875e-05,0.9062814538440382,0.004305268645431602
9.078875e-05,0.9049264065257145,0.002609922426383015
9.091875e-05,0.9045876446961336,0.001592714694953862
9.104875e-05,0.9039101210369718,0.0009145762073344267
9.117875e-05,0.9012000264003243,0.00193178393876358
9.130875e-05,0.9008612645707433,-0.0004417007679044436
9.143875e-05,0.8991674554228387,-0.001797977743143314
9.156875e-05,0.8964573607861912,-0.001458908499333596
9.169875e-05,0.8961185989566103,-0.001458908499333596
9.182875e-05,0.8967961226157721,-0.001797977743143314
9.195875e-05,0.8954410752974484,-0.002137046986953032
9.208875e-05,0.8917146951720581,-0.002476116230762749
9.221875e-05,0.8906984096833153,-0.002815185474572467
9.234875e-05,0.8893433623649916,-0.003493323962191902
9.247875e-05,0.8893433623649916,-0.004171462449811337
9.260875e-05,0.8890046005354106,-0.004849600937430773
9.273875e-05,0.8876495532170869,-0.005866808668859925
9.286875e-05,0.8852782204100204,-0.00654494715647936
9.299875e-05,0.8842619349212776,-0.00790122413171823
9.312875000000001e-05,0.8825681257733728,-0.009257501106957101
9.325874999999999e-05,0.8825681257733728,-0.009596570350766819
9.338874999999999e-05,0.8805355547958873,-0.008918431863147383
9.351874999999999e-05,0.8791805074775636,-0.009257501106957101
9.364874999999999e-05,0.8781642219888207,-0.009596570350766819
9.377874999999999e-05,0.8764704128409161,-0.01027470883838625
9.390874999999999e-05,0.8740990800338495,-0.01095284732600569
9.403874999999999e-05,0.8737603182042686,-0.01434353976410286
9.416875e-05,0.8707114617380401,-0.01298726278886399
9.429875e-05,0.8700339380788783,-0.01400447052029315
9.442875e-05,0.8696951762492974,-0.01569981673934174
9.455875e-05,0.8683401289309737,-0.01434353976410286
9.468875e-05,0.8659687961239071,-0.01434353976410286
9.481875e-05,0.8656300342943262,-0.0150216782517223
9.494875e-05,0.8632587014872596,-0.01569981673934174
9.507875e-05,0.8598710831914503,-0.0170560937145806
9.520875e-05,0.8595323213618694,-0.01841237068981948
9.533875e-05,0.8595323213618694,-0.01807330144600976
9.546875e-05,0.8595323213618694,-0.01841237068981948
9.559875e-05,0.8578385122139647,-0.02010771690886807
9.572875e-05,0.856483464895641,-0.01942957842124863
9.585875e-05,0.8558059412364791,-0.02010771690886807
9.598875e-05,0.8544508939181553,-0.02146399388410693
9.611875e-05,0.8514020374519269,-0.02180306312791665
9.624875e-05,0.8486919428152795,-0.02214213237172637
9.637875e-05,0.8463206100082129,-0.02214213237172637
9.650875e-05,0.8439492772011464,-0.02248120161553609
9.663875e-05,0.8432717535419845,-0.02315934010315552
9.676875e-05,0.8425942298828226,-0.02519375556601383
9.689875e-05,0.8395453734165942,-0.02451561707839439
9.702875000000001e-05,0.8375128024391086,-0.02722817102887213
9.715874999999999e-05,0.8358189932912039,-0.02790630951649157
9.728874999999999e-05,0.8337864223137184,-0.02756724027268185
9.741874999999999e-05,0.8320926131658136,-0.02858444800411101
9.754874999999999e-05,0.8297212803587471,-0.02892351724792072
9.767874999999999e-05,0.8293825185291662,-0.02960165573554016
9.780874999999999e-05,0.8297212803587471,-0.02960165573554016
9.793874999999999e-05,0.8276887093812615,-0.02960165573554016
9.806875e-05,0.8239623292558712,-0.03027979422315959
9.819875e-05,0.8212522346192238,-0.03129700195458875
9.832875e-05,0.8195584254713191,-0.03197514044220819
9.845875e-05,0.8188809018121572,-0.03333141741744705
9.858875e-05,0.8175258544938335,-0.03400955590506649
9.871875e-05,0.8154932835163479,-0.03400955590506649
9.884875e-05,0.8137994743684432,-0.0343486251488762
9.897875e-05,0.8121056652205385,-0.03468769439268592
9.910875e-05,0.8104118560726339,-0.03536583288030536
9.923875e-05,0.8080405232655673,-0.03672210985554422
9.936875e-05,0.8070242377768245,-0.03706117909935394
9.949875e-05,0.804314143140177,-0.03773931758697338
9.962875e-05,0.8002490011852058,-0.03672210985554422
9.975875e-05,0.8005877630147867,-0.03875652531840253
9.988875e-05,0.8002490011852058,-0.03841745607459281
0.00010001875,0.7988939538668821,-0.0380783868307831
0.00010014875,0.7975389065485584,-0.04079094078126083
0.00010027875,0.79449005008233,-0.04180814851268999
0.00010040875,0.7934737645935872,-0.04113001002507055
0.00010053875,0.7927962409344252,-0.04045187153745113
0.00010066875,0.7914411936161015,-0.04214721775649971
0.00010079875,0.788731098979454,-0.04316442548792886
0.00010092875,0.7883923371498731,-0.04350349473173858
0.00010105875,0.7853434806836447,-0.04316442548792886
0.00010118875,0.7853434806836447,-0.04282535624411914
0.00010131875,0.7826333860469973,-0.04452070246316774
0.00010144875,0.7799232914103498,-0.04621604868221632
0.00010157875,0.7775519586032832,-0.0458769794384066
0.00010170875,0.7772131967737023,-0.04689418716983575
0.00010183875,0.7761969112849595,-0.04723325641364547
0.00010196875,0.7728092929891501,-0.04723325641364547
0.00010209875,0.7724705311595692,-0.04825046414507463
0.00010222875,0.7697604365229217,-0.04791139490126491
0.00010235875,0.7673891037158552,-0.04960674112031349
0.00010248875,0.7650177709087886,-0.04960674112031349
0.00010261875,0.7643402472496268,-0.05198022582698152
0.00010274875,0.7629851999313031,-0.05198022582698152
0.00010287875,0.7602751052946556,-0.0516411565831718
0.00010300875,0.758581296146751,-0.0516411565831718
0.00010313875,0.7562099633396844,-0.05299743355841068
0.00010326875,0.7545161541917798,-0.05231929507079124
0.00010339875,0.7531611068734559,-0.0536755720460301
0.00010352875,0.7511285358959704,-0.05435371053364954
0.00010365875,0.7487572030889038,-0.05401464128983982
0.00010378875,0.7463858702818372,-0.05401464128983982
0.00010391875,0.7463858702818372,-0.05503184902126898
0.00010404875,0.7436757756451898,-0.05604905675269813
0.00010417875,0.742320728326866,-0.05740533372793701
0.00010430875,0.7402881573493805,-0.05808347221555643
0.00010443875,0.7365617772239902,-0.05910067994698559
0.00010456875,0.7345292062465045,-0.05842254145936615
0.00010469875,0.7338516825873427,-0.05910067994698559
0.00010482875,0.7328353970985999,-0.05977881843460502
0.00010495875,0.7308028261211142,-0.05977881843460502
0.00010508875,0.727415207825305,-0.05977881843460502
0.00010521875,0.7250438750182384,-0.05943974919079531
0.00010534875,0.7236888276999147,-0.06079602616603418
0.00010547875,0.7192849239153626,-0.06011788767841474
0.00010560875,0.7196236857449435,-0.06181323389746332
0.00010573875,0.716913591108296,-0.06384764936032164
0.00010586875,0.7155585437899723,-0.06520392633556051
0.00010599875,0.7131872109829057,-0.06554299557937023
0.00010612875,0.7097995926870964,-0.06520392633556051
0.00010625875,0.7091220690279345,-0.06452578784794107
0.00010638875,0.7070894980504489,-0.06520392633556051
0.00010651875,0.7047181652433824,-0.06520392633556051
0.00010664875,0.7037018797546396,-0.06520392633556051
0.00010677875,0.7003142614588302,-0.06689927255460909
0.00010690875,0.6989592141405064,-0.06825554952984797
0.00010703875,0.69658788133344,-0.06825554952984797
0.00010716875,0.6952328340151162,-0.06825554952984797
0.00010729875,0.6921839775488878,-0.0689336880174674
0.00010742875,0.6884575974234975,-0.06961182650508684
0.00010755875,0.686086264616431,-0.06995089574889655
0.00010768875,0.6850699791276882,-0.0709681034803257
0.00010781875,0.6833761699797835,-0.07130717272413542
0.00010794875,0.681004837172717,-0.07062903423651599
0.00010807875,0.6796497898543932,-0.07164624196794514
0.00010820875,0.6772784570473267,-0.0709681034803257
0.00010833875,0.675584647899422,-0.0726634496993743
0.00010846875,0.6742296005810983,-0.0726634496993743
0.00010859875,0.6708419822852889,-0.07198531121175486
0.00010872875,0.6694869349669652,-0.07334158818699373
0.00010885875,0.6677931258190605,-0.0746978651622326
0.00010898875,0.6637279838640893,-0.0746978651622326
0.00010911875,0.6633892220345083,-0.07537600364985203
0.00010924875,0.6606791273978608,-0.07605414213747147
0.00010937875,0.6586465564203753,-0.07639321138128119
0.00010950875,0.6579690327612134,-0.07605414213747147
0.00010963875,0.6566139854428896,-0.07639321138128119
0.00010976875,0.6542426526358232,-0.07774948835652006
0.00010989875,0.6525488434879184,-0.07842762684413949
0.00011002875,0.6501775106808519,-0.07842762684413949
0.00011015875,0.6471286542146235,-0.07910576533175893
0.00011028875,0.6450960832371379,-0.07944483457556864
0.00011041875,0.6417084649413286,-0.08012297306318808
0.00011054875,0.6396758939638429,-0.07944483457556864
0.00011067875,0.6376433229863574,-0.07944483457556864
0.00011080875,0.6339169428609671,-0.08114018079461724
0.00011093875,0.6315456100539005,-0.08215738852604638
0.00011106875,0.6312068482243196,-0.08283552701366582
0.00011119875,0.6295130390764149,-0.08283552701366582
0.00011132875,0.6264641826101865,-0.08215738852604638
0.00011145875,0.6247703734622818,-0.08351366550128525
0.00011158875,0.6223990406552153,-0.08283552701366582
0.00011171875,0.6193501841889869,-0.08385273474509497
0.00011184875,0.6173176132115012,-0.08486994247652413
0.00011197875,0.6149462804044348,-0.08588715020795328
0.00011210875,0.6125749475973682,-0.08656528869557271
0.00011223875,0.6088485674719779,-0.08656528869557271
0.00011236875,0.6071547583240733,-0.08656528869557271
0.00011249875,0.6051221873465876,-0.08588715020795328
0.00011262875,0.6027508545395212,-0.08656528869557271
0.00011275875,0.6003795217324546,-0.08588715020795328
0.00011288875,0.598008188925388,-0.08656528869557271
0.00011301875,0.5946205706295787,-0.08758249642700187
0.00011314875,0.5922492378225122,-0.0882606349146213
0.00011327875,0.5919104759929312,-0.08927784264605046
0.00011340875,0.5892003813562837,-0.0902950503774796
0.00011353875,0.5847964775717316,-0.08995598113366989
0.00011366875,0.583102668423827,-0.09063411962128932
0.00011379875,0.5800538119575985,-0.08927784264605046
0.00011392875,0.5793762882984367,-0.09097318886509904
0.00011405875,0.5753111463434655,-0.09131225810890876
0.00011418875,0.5739560990251417,-0.09097318886509904
0.00011431875,0.5719235280476561,-0.09165132735271848
0.00011444875,0.5702297188997514,-0.09131225810890876
0.00011457875,0.567519624263104,-0.09097318886509904
0.00011470875,0.5641320059672946,-0.09232946584033791
0.00011483875,0.562099434989809,-0.09334667357176707
0.00011496875,0.5607443876714853,-0.09334667357176707
0.00011509875,0.5587118166939996,-0.0940248120593865
0.00011522875,0.5553241983981902,-0.0940248120593865
0.00011535875,0.5539691510798666,-0.09334667357176707
0.00011548875,0.5515978182728,-0.09334667357176707
0.00011561875,0.5475326763178288,-0.09470295054700593
0.00011574875,0.5458388671699241,-0.09504201979081565
0.00011587875,0.5434675343628576,-0.09605922752224481
0.00011600875,0.5407574397262102,-0.09572015827843509
0.00011613875,0.5394023924078863,-0.09639829676605452
0.00011626875,0.5377085832599817,-0.09605922752224481
0.00011639875,0.5356760122824961,-0.09605922752224481
0.00011652875,0.5322883939866868,-0.09538108903462537
0.00011665875,0.5295782993500393,-0.09741550449748368
0.00011678875,0.5251743955654872,-0.09504201979081565
0.00011691875,0.5231418245880015,-0.09673736600986424
0.00011704875,0.521109253610516,-0.09809364298510312
0.00011717875,0.5187379208034494,-0.09809364298510312
0.00011730875,0.5163665879963828,-0.09809364298510312
0.00011743875,0.51535030250764,-0.09911085071653226
0.00011756875,0.5139952551893163,-0.09944991996034198
0.00011769875,0.5092525895751833,-0.09809364298510312
0.00011782875,0.505526209449793,-0.09809364298510312
0.00011795875,0.5034936384723073,-0.09877178147272254
0.00011808875,0.5014610674948218,-0.09877178147272254
0.00011821875,0.4984122110285934,-0.09843271222891282
0.00011834875,0.4980734491990125,-0.09944991996034198
0.00011847875,0.4940083072440412,-0.1001280584479614
0.00011860875,0.4912982126073938,-0.1001280584479614
0.00011873875,0.4896044034594891,-0.1008061969355808
0.00011886875,0.4865555469932607,-0.1004671276917711
0.00011899875,0.4841842141861941,-0.1014843354232003
0.00011912875,0.4824904050382895,-0.1021624739108197
0.00011925875,0.4787640249128992,-0.1031796816422489
0.00011938875,0.4757151684466708,-0.10182340466701
0.00011951875,0.474360121128347,-0.1028406123984392
0.00011964875,0.4709725028325377,-0.1014843354232003
0.00011977875,0.4689399318550521,-0.1021624739108197
0.00011990875,0.4672461227071474,-0.1035187508860586
0.00012003875,0.4638585044113381,-0.1028406123984392
0.00012016875,0.4625034570930143,-0.1025015431546294
0.00012029875,0.4608096479451096,-0.1028406123984392
0.00012042875,0.4570832678197194,-0.1028406123984392
0.00012055875,0.4533568876943291,-0.1035187508860586
0.00012068875,0.4489529839097769,-0.1038578201298683
0.00012081875,0.4469204129322913,-0.104196889373678
0.00012094875,0.4452266037843867,-0.1038578201298683
0.00012107875,0.4428552709773201,-0.1035187508860586
0.00012120875,0.4421777473181583,-0.1038578201298683
0.00012133875,0.4404839381702536,-0.104196889373678
0.00012146875,0.4381126053631871,-0.1055531663489169
0.00012159875,0.4350637488969586,-0.1062313048365363
0.00012172875,0.433031177919473,-0.1062313048365363
0.00012185875,0.42828851230534,-0.1055531663489169
0.00012198875,0.4249008940095306,-0.1048750278612975
0.00012211875,0.4218520375433022,-0.1055531663489169
0.00012224875,0.4184644192474929,-0.1058922355927266
0.00012237875,0.418125657417912,-0.1079266510555849
0.00012250875,0.4147380391221026,-0.1075875818117752
0.00012263875,0.4137217536333598,-0.1079266510555849
0.00012276875,0.4106728971671314,-0.1082657202993946
0.00012289875,0.4079628025304839,-0.1072485125679655
0.00012302875,0.4042364224050936,-0.1065703740803461
0.00012315875,0.402203851427608,-0.1072485125679655
0.00012328875,0.3991549949613796,-0.1075875818117752
0.00012341875,0.3957673766655703,-0.1069094433241558
0.00012354875,0.3940735675176656,-0.1062313048365363
0.00012367875,0.3917022347105991,-0.1062313048365363
0.00012380875,0.3900084255626944,-0.1062313048365363
0.00012393875,0.386959569096466,-0.1069094433241558
0.00012406875,0.3835719508006566,-0.1069094433241558
0.00012419875,0.3805230943344282,-0.1075875818117752
0.00012432875,0.376457952379457,-0.1079266510555849
0.00012445875,0.3734090959132286,-0.1089438587870141
0.00012458875,0.3706990012765811,-0.1089438587870141
0.00012471875,0.3679889066399337,-0.1082657202993946
0.00012484875,0.3673113829807718,-0.1075875818117752
0.00012497875,0.3632462410258006,-0.1079266510555849
0.00012510875,0.3605361463891531,-0.1079266510555849
0.00012523875,0.3568097662637628,-0.1079266510555849
0.00012536875,0.3534221479679535,-0.1089438587870141
0.00012549875,0.3520671006496298,-0.1092829280308238
0.00012562875,0.3496957678425632,-0.1089438587870141
0.00012575875,0.3476631968650776,-0.1096219972746335
0.00012588875,0.3449531022284301,-0.1089438587870141
0.00012601875,0.3419042457622017,-0.1086047895432044
0.00012614875,0.3388553892959733,-0.1079266510555849
0.00012627875,0.3361452946593258,-0.1096219972746335
0.00012640875,0.3344514855114212,-0.1103001357622529
0.00012653875,0.3317413908747737,-0.1103001357622529
0.00012666875,0.3293700580677071,-0.1096219972746335
0.00012679875,0.3259824397718978,-0.1096219972746335
0.00012692875,0.324966154283155,-0.1089438587870141
0.00012705875,0.3229335833056694,-0.1089438587870141
0.00012718875,0.3185296795211172,-0.1099610665184432
0.00012731875,0.314464537566146,-0.1082657202993946
0.00012744875,0.3127707284182413,-0.1082657202993946
0.00012757875,0.3107381574407557,-0.1072485125679655
0.00012770875,0.3090443482928511,-0.1075875818117752
0.00012783875,0.3059954918266227,-0.1086047895432044
0.00012796875,0.3026078735308133,-0.1082657202993946
0.00012809875,0.3002365407237468,-0.1079266510555849
0.00012822875,0.2978652079166803,-0.1082657202993946
0.00012835875,0.2948163514504518,-0.1082657202993946
0.00012848875,0.2917674949842234,-0.1075875818117752
0.00012861875,0.2870248293700903,-0.1079266510555849
0.00012874875,0.283637211074281,-0.1086047895432044
0.00012887875,0.2816046400967954,-0.1089438587870141
0.00012900875,0.2812658782672144,-0.1079266510555849
0.00012913875,0.2772007363122432,-0.1079266510555849
0.00012926875,0.2741518798460149,-0.1082657202993946
0.00012939875,0.2727968325276911,-0.1089438587870141
0.00012952875,0.2700867378910436,-0.1089438587870141
0.00012965875,0.2663603577656534,-0.1092829280308238
0.00012978875,0.2633115012994249,-0.1092829280308238
0.00012991875,0.2599238830036156,-0.1099610665184432
0.00013004875,0.2565362647078063,-0.1103001357622529
0.00013017875,0.2541649319007397,-0.1096219972746335
0.00013030875,0.2514548372640922,-0.1096219972746335
0.00013043875,0.2487447426274448,-0.1096219972746335
0.00013056875,0.2460346479907973,-0.1089438587870141
0.00013069875,0.2436633151837307,-0.1079266510555849
0.00013082875,0.242308267865407,-0.1082657202993946
0.00013095875,0.2382431259104358,-0.1075875818117752
0.00013108875,0.2348555076146265,-0.1072485125679655
0.00013121875,0.2328229366371408,-0.1069094433241558
0.00013134875,0.2294353183413315,-0.1062313048365363
0.00013147875,0.2257089382159412,-0.1062313048365363
0.00013160875,0.2229988435792938,-0.1062313048365363
0.00013173875,0.2199499871130653,-0.1069094433241558
0.00013186875,0.2162236069876751,-0.1075875818117752
0.00013199875,0.2152073214989323,-0.1075875818117752
0.00013212875,0.2128359886918657,-0.1075875818117752
0.00013225875,0.2094483703960564,-0.1082657202993946
0.00013238875,0.2057219902706661,-0.1075875818117752
0.00013251875,0.2033506574635996,-0.1072485125679655
0.00013264875,0.201318086486114,-0.1062313048365363
0.00013277875,0.1969141827015618,-0.1069094433241558
0.00013290875,0.1952203735536571,-0.1058922355927266
0.00013303875,0.1918327552578478,-0.1052140971051072
0.00013316875,0.1891226606212003,-0.1045359586174878
0.00013329875,0.1867513278141338,-0.1045359586174878
0.00013342875,0.1823474240295816,-0.1031796816422489
0.00013355875,0.1813311385408388,-0.1038578201298683
0.00013368875,0.180314853052096,-0.1045359586174878
0.00013381875,0.1759109492675439,-0.1048750278612975
0.00013394875,0.1728620928013155,-0.1045359586174878
0.00013407875,0.1708295218238298,-0.1052140971051072
0.00013420875,0.1684581890167633,-0.1052140971051072
0.00013433875,0.1654093325505349,-0.1052140971051072
0.00013446875,0.1613441905955637,-0.1048750278612975
0.00013459875,0.1576178104701734,-0.1045359586174878
0.00013472875,0.1552464776631069,-0.1045359586174878
0.00013485875,0.1535526685152022,-0.1045359586174878
0.00013498875,0.1505038120489738,-0.1045359586174878
0.00013511875,0.1491487647306501,-0.1038578201298683
0.00013524875,0.1460999082644217,-0.1031796816422489
0.00013537875,0.1423735281390314,-0.1031796816422489
0.00013550875,0.1383083861840602,-0.1021624739108197
0.00013563875,0.1335657205699271,-0.10182340466701
0.00013576875,0.1318719114220224,-0.1031796816422489
0.00013589875,0.128823054955794,-0.1025015431546294
0.00013602875,0.1274680076374703,-0.10182340466701
0.00013615875,0.1244191511712418,-0.1011452661793906
0.00013628875,0.1227253420233372,-0.1011452661793906
0.00013641875,0.1200152473866897,-0.1014843354232003
0.00013654875,0.1149338199429757,-0.1014843354232003
0.00013667875,0.1125624871359091,-0.1021624739108197
0.00013680875,0.1101911543288426,-0.1014843354232003
0.00013693875,0.1071422978626142,-0.1011452661793906
0.00013706875,0.1040934413963858,-0.1001280584479614
0.00013719875,0.1020608704189002,-0.09877178147272254
0.00013732875,0.09935077578225271,-0.1001280584479614
0.00013745875,0.09630191931602429,-0.09843271222891282
0.00013758875,0.09189801553147214,-0.09673736600986424
0.00013771875,0.08986544455398654,-0.0977545737412934
0.00013784875,0.08715534991733907,-0.09673736600986424
0.00013797875,0.08410649345111065,-0.09741550449748368
0.00013810875,0.08207392247362505,-0.09809364298510312
0.00013823875,0.07936382783697758,-0.09911085071653226
0.00013836875,0.07495992405242544,-0.09809364298510312
0.00013849875,0.07055602026787329,-0.0977545737412934
0.00013862875,0.06750716380164487,-0.09639829676605452
0.00013875875,0.06784592563122581,-0.09605922752224481
0.00013888875,0.0627644981875118,-0.09673736600986424
0.00013901875,0.06107068903960712,-0.09741550449748368
0.00013914875,0.05903811806212152,-0.09605922752224481
0.00013927875,0.05632802342547404,-0.09504201979081565
0.00013940875,0.05327916695924563,-0.09504201979081565
0.00013953875,0.04989154866343629,-0.09572015827843509
0.00013966875,0.04650393036762694,-0.09504201979081565
0.00013979875,0.04481012121972228,-0.09470295054700593
0.00013992875,0.04176126475349386,-0.0940248120593865
0.00014005875,0.04006745560558919,-0.0940248120593865
0.00014018875,0.03566355182103705,-0.09131225810890876
0.00014031875,0.03193717169564676,-0.09300760432795735
0.00014044875,0.02787202974067555,-0.0940248120593865
0.00014057875,0.02414564961528527,-0.09266853508414763
0.00014070875,0.0214355549786378,-0.09300760432795735
0.00014083875,0.01906422217157126,-0.09300760432795735
0.00014096875,0.01669288936450472,-0.09199039659652819
0.00014109875,0.01432155655743818,-0.09097318886509904
0.00014122875,0.0116114619207907,-0.08995598113366989
0.00014135875,0.00991765277288603,-0.08995598113366989
0.00014148875,0.00754631996581949,-0.08995598113366989
0.00014161875,0.004836225329172016,-0.09063411962128932
0.00014174875,0.002803654351686409,-0.08859970415843102
0.00014187875,-0.0005839639441229344,-0.08893877340224074
0.00014200875,-0.005326629558256015,-0.08859970415843102
0.00014213875,-0.008036724194903491,-0.08859970415843102
0.00014226875,-0.01142434249071283,-0.08758249642700187
0.00014239875,-0.01481196078652218,-0.08758249642700187
0.00014252875,-0.01752205542316965,-0.08724342718319215
0.00014265875,-0.02124843554855993,-0.08656528869557271
0.00014278875,-0.02429729201478834,-0.08554808096414356
0.00014291875,-0.02632986299227395,-0.08656528869557271
0.00014304875,-0.02870119579934048,-0.08385273474509497
0.00014317875,-0.03005624311766423,-0.08317459625747554
0.00014330875,-0.03310509958389263,-0.08453087323271441
0.00014343875,-0.03784776519802571,-0.08385273474509497
0.00014356875,-0.04089662166425412,-0.08385273474509497
0.00014369875,-0.0436067163009016,-0.08351366550128525
0.00014382875,-0.04665557276713,-0.08351366550128525
0.00014395875,-0.04868814374461561,-0.08351366550128525
0.00014408875,-0.05173700021084403,-0.08351366550128525
0.00014421875,-0.05614090399539617,-0.0824964577698561
0.00014434875,-0.0574959513137199,-0.08215738852604638
0.00014447875,-0.05952852229120552,-0.08080111155080752
0.00014460875,-0.06291614058701485,-0.0804620423069978
0.00014473875,-0.06562623522366233,-0.08080111155080752
0.00014486875,-0.06969137717863354,-0.08080111155080752
0.00014499875,-0.07206270998570008,-0.07978390381937836
0.00014512875,-0.07307899547444288,-0.07978390381937836
0.00014525875,-0.07511156645192849,-0.07944483457556864
0.00014538875,-0.07883794657731877,-0.07910576533175893
0.00014551875,-0.08188680304354717,-0.07876669608794921
0.00014564875,-0.08527442133935652,-0.07876669608794921
0.00014577875,-0.0890008014647468,-0.07774948835652006
0.00014590875,-0.09272718159013708,-0.07673228062509091
0.00014603875,-0.09679232354510829,-0.07571507289366175
0.00014616875,-0.09950241818175576,-0.07537600364985203
0.00014629875,-0.1025512746479842,-0.07605414213747147
0.00014642875,-0.1056001311142126,-0.07605414213747147
0.00014655875,-0.1062776547733744,-0.07537600364985203
0.00014668875,-0.108648987580441,-0.07401972667461316
0.00014681875,-0.1110203203875075,-0.07334158818699373
0.00014694875,-0.1147467005128978,-0.07300251894318401
0.00014707875,-0.1177955569791262,-0.0726634496993743
0.00014720875,-0.1198281279566118,-0.07164624196794514
0.00014733875,-0.1221994607636784,-0.07164624196794514
0.00014746875,-0.1249095554003258,-0.07062903423651599
0.00014759875,-0.1282971736961352,-0.0709681034803257
0.00014772875,-0.1327010774806873,-0.07062903423651599
0.00014785875,-0.1357499339469157,-0.06995089574889655
0.00014798875,-0.1384600285835632,-0.0689336880174674
0.00014811875,-0.139815075901887,-0.06927275726127712
0.00014824875,-0.1428639323681154,-0.06859461877365768
0.00014837875,-0.1462515506639247,-0.06791648028603825
0.00014850875,-0.149977930789315,-0.06689927255460909
0.00014863875,-0.1509942162780578,-0.06656020331079937
0.00014876875,-0.1543818345738671,-0.06588206482317994
0.00014889875,-0.1560756437217718,-0.06486485709175079
0.00014902875,-0.1608183093359049,-0.06554299557937023
0.00014915875,-0.1648834512908761,-0.06418671860413136
0.00014928875,-0.1682710695866854,-0.06350858011651192
0.00014941875,-0.1719974497120757,-0.06249137238508276
0.00014954875,-0.1733524970303995,-0.06215230314127304
0.00014967875,-0.1753850680078851,-0.06181323389746332
0.00014980875,-0.1777564008149516,-0.06249137238508276
0.00014993875,-0.1821603045995037,-0.06215230314127304
0.00015006875,-0.1841928755769894,-0.06079602616603418
0.00015019875,-0.185886684724894,-0.05910067994698559
0.00015032875,-0.1889355411911224,-0.06011788767841474
0.00015045875,-0.1919843976573508,-0.05977881843460502
0.00015058875,-0.1940169686348364,-0.05943974919079531
0.00015071875,-0.196388301441903,-0.05876161070317587
0.00015084875,-0.1987596342489695,-0.05774440297174671
0.00015097875,-0.2035022998631026,-0.05774440297174671
0.00015110875,-0.2075674418180738,-0.05638812599650785
0.00015123875,-0.2106162982843022,-0.05638812599650785
0.00015136875,-0.2126488692617878,-0.05638812599650785
0.00015149875,-0.2156977257280162,-0.05537091826507869
0.00015162875,-0.2180690585350828,-0.05503184902126898
0.00015175875,-0.2207791531717303,-0.05435371053364954
0.00015188875,-0.2238280096379587,-0.05333650280222038
0.00015201875,-0.2261993424450252,-0.05265836431460096
0.00015214875,-0.2285706752520918,-0.0516411565831718
0.00015227875,-0.2306032462295774,-0.05231929507079124
0.00015240875,-0.2336521026958058,-0.05130208733936208
0.00015253875,-0.2360234355028723,-0.05130208733936208
0.00015266875,-0.2400885774578435,-0.0516411565831718
0.00015279875,-0.2421211484353291,-0.05096301809555237
0.00015292875,-0.2438149575832338,-0.05028487960793293
0.00015305875,-0.2485576231973669,-0.04892860263269407
0.00015318875,-0.2522840033227572,-0.04858953338888435
0.00015331875,-0.2546553361298237,-0.04723325641364547
0.00015344875,-0.2573654307664712,-0.04689418716983575
0.00015357875,-0.2590592399143758,-0.04655511792602604
0.00015370875,-0.2614305727214424,-0.04519884095078716
0.00015383875,-0.2627856200397661,-0.04553791019459688
0.00015396875,-0.2658344765059945,-0.04553791019459688
0.00015409875,-0.2695608566313848,-0.04519884095078716
0.00015422875,-0.273625998586356,-0.04553791019459688
0.00015435875,-0.2759973313934226,-0.04248628700030943
0.00015448875,-0.27870742603007,-0.04180814851268999
0.00015461875,-0.2817562824962985,-0.04180814851268999
0.00015474875,-0.2844663771329459,-0.04146907926888027
0.00015487875,-0.2888702809174981,-0.03977373304983169
0.00015500875,-0.2912416137245646,-0.03977373304983169
0.00015513875,-0.2929354228724693,-0.04045187153745113
0.00015526875,-0.2949679938499549,-0.04045187153745113
0.00015539875,-0.2966618029978595,-0.04079094078126083
0.00015552875,-0.2993718976345071,-0.03943466380602197
0.00015565875,-0.3017432304415736,-0.03841745607459281
0.00015578875,-0.3064858960557066,-0.03773931758697338
0.00015591875,-0.309873514351516,-0.0363830406117345
0.00015604875,-0.3125836089881635,-0.0363830406117345
0.00015617875,-0.31495494179523,-0.0360439713679248
0.00015630875,-0.3193588455797822,-0.03468769439268592
0.00015643875,-0.3217301783868487,-0.03400955590506649
0.00015656875,-0.3237627493643343,-0.03400955590506649
0.00015669875,-0.3264728440009818,-0.03468769439268592
0.00015682875,-0.3288441768080483,-0.0343486251488762
0.00015695875,-0.3318930332742767,-0.03299234817363733
0.00015708875,-0.3366356988884098,-0.02960165573554016
0.00015721875,-0.3366356988884098,-0.03095793271077903
0.00015734875,-0.3403620790138001,-0.02960165573554016
0.00015747875,-0.3430721736504476,-0.02790630951649157
0.00015760875,-0.3451047446279332,-0.02858444800411101
0.00015773875,-0.3467985537758378,-0.02722817102887213
0.00015786875,-0.3505249339012281,-0.02621096329744298
0.00015799875,-0.3522187430491328,-0.02587189405363326
0.00015812875,-0.3549288376857803,-0.02553282480982354
0.00015825875,-0.356283885004104,-0.02485468632220411
0.00015838875,-0.3589939796407515,-0.02383747859077496
0.00015851875,-0.3637366452548846,-0.02417654783458468
0.00015864875,-0.366446739891532,-0.02383747859077496
0.00015877875,-0.3684793108690176,-0.02248120161553609
0.00015890875,-0.3701731200169223,-0.0228202708593458
0.00015903875,-0.3732219764831508,-0.02180306312791665
0.00015916875,-0.3779646420972838,-0.0207858553964875
0.00015929875,-0.3799972130747694,-0.01976864766505835
0.00015942875,-0.3823685458818359,-0.01942957842124863
0.00015955875,-0.3850786405184835,-0.01841237068981948
0.00015968875,-0.3891437824734547,-0.01875143993362919
0.00015981875,-0.3915151152805212,-0.01841237068981948
0.00015994875,-0.392531400769264,-0.01942957842124863
0.00016007875,-0.3969353045538161,-0.01739516295839032
0.00016020875,-0.3996453991904636,-0.01637795522696117
0.00016033875,-0.4043880648045967,-0.0150216782517223
0.00016046875,-0.4050655884637586,-0.0150216782517223
0.00016059875,-0.407775683100406,-0.01468260900791258
0.00016072875,-0.4098082540778916,-0.01366540127648343
0.00016085875,-0.4128571105441201,-0.01332633203267371
0.00016098875,-0.4135346342032819,-0.01264819354505428
0.00016111875,-0.4159059670103484,-0.01197005505743484
0.00016124875,-0.4175997761582531,-0.01163098581362512
0.00016137875,-0.4199711089653197,-0.01061377808219597
0.00016150875,-0.4230199654315481,-0.01027470883838625
0.00016163875,-0.4264075837273574,-0.008918431863147383
0.00016176875,-0.428440154704843,-0.008579362619337666
0.00016189875,-0.4301339638527477,-0.008240293375527948
0.00016202875,-0.4341991058077189,-0.007562154887908513
0.00016215875,-0.4382642477626901,-0.007562154887908513
0.00016228875,-0.4392805332514329,-0.005866808668859925
0.00016241875,-0.4409743423993376,-0.00518867018124049
0.00016254875,-0.4436844370359851,-0.004510531693621055
0.00016267875,-0.4470720553317944,-0.003493323962191902
0.00016280875,-0.4511371972867657,-0.002137046986953032
0.00016293875,-0.4524922446050894,-0.003493323962191902
0.00016306875,-0.4548635774121559,-0.003493323962191902
0.00016319875,-0.4582511957079652,-0.001458908499333596
0.00016332875,-0.4602837666854508,-0.002137046986953032
0.00016345875,-0.4626550994925174,-0.001797977743143314
0.00016358875,-0.4653651941291649,-0.0007807700117141612
0.00016371875,-0.4680752887658123,-0.0001026315240947261
0.00016384875,-0.4690915742545552,0.0002364377197149915
0.00016397875,-0.4731567162095264,0.001592714694953862
0.00016410875,-0.4755280490165929,0.002609922426383015
0.00016423875,-0.4785769054828213,0.003627130157812168
0.00016436875,-0.4809482382898879,0.00328806091400245
0.00016449875,-0.4819645237786306,0.003627130157812168
0.00016462875,-0.4850133802448591,0.00464433788924132
0.00016475875,-0.4877234748815065,0.006339684108289908
0.00016488875,-0.4914498550068968,0.008035030327338495
0.00016501875,-0.4934824259843824,0.008374099571148213
0.00016514875,-0.4968700442801918,0.008374099571148213
0.00016527875,-0.5005964244055821,0.008035030327338495
0.00016540875,-0.5026289953830677,0.009391307302577366
0.00016553875,-0.5026289953830677,0.008035030327338495
0.00016566875,-0.5060166136788771,0.0100694457901968
0.00016579875,-0.5090654701451055,0.01040851503400652
0.00016592875,-0.5124530884409149,0.01142572276543567
0.00016605875,-0.5151631830775623,0.01278199974067454
0.00016618875,-0.5175345158846288,0.01413827671591341
0.00016631875,-0.5202446105212764,0.0137992074721037
0.00016644875,-0.5232934669875047,0.01447734595972313
0.00016657875,-0.5232934669875047,0.01447734595972313
0.00016670875,-0.5256647997945713,0.015833622934962
0.00016683875,-0.5280361326016377,0.015833622934962
0.00016696875,-0.5304074654087043,0.01718989991020087
0.00016709875,-0.5331175600453518,0.01718989991020087
0.00016722875,-0.5365051783411612,0.01685083066639115
0.00016735875,-0.5402315584665515,0.01718989991020087
0.00016748875,-0.5426028912736179,0.01820710764163002
0.00016761875,-0.5449742240806845,0.01922431537305918
0.00016774875,-0.5453129859102654,0.01956338461686889
0.00016787875,-0.5487006042060748,0.02058059234829805
0.00016800875,-0.5517494606723032,0.01990245386067861
0.00016813875,-0.5547983171385316,0.02024152310448833
0.00016826875,-0.5558146026272744,0.02091966159210776
0.00016839875,-0.5568308881160172,0.01990245386067861
0.00016852875,-0.5595409827526647,0.02261500781115635
0.00016865875,-0.5615735537301503,0.02227593856734663
0.00016878875,-0.5622510773893121,0.02329314629877579
0.00016891875,-0.5656386956851215,0.02532756176163409
0.00016904875,-0.568348790321769,0.02634476949306325
0.00016917875,-0.5717364086175784,0.02634476949306325
0.00016930875,-0.5744465032542257,0.0273619772244924
0.00016943875,-0.5768178360612923,0.02804011571211183
0.00016956875,-0.578850407038778,0.02804011571211183
0.00016969875,-0.5818992635050063,0.02837918495592155
0.00016982875,-0.5852868818008157,0.02871825419973127
0.00016995875,-0.5863031672895584,0.02973546193116042
0.00017008875,-0.5896907855853678,0.03109173890639929
0.00017021875,-0.5917233565628535,0.03210894663782844
0.00017034875,-0.5930784038811772,0.03244801588163816
0.00017047875,-0.5951109748586628,0.03176987739401872
0.00017060875,-0.5974823076657293,0.03176987739401872
0.00017073875,-0.5988373549840531,0.03210894663782844
0.00017086875,-0.6005311641319577,0.03448243134449647
0.00017099875,-0.6039187824277671,0.03516056983211591
0.00017112875,-0.6059513534052526,0.03516056983211591
0.00017125875,-0.6083226862123192,0.03685591605116449
0.00017138875,-0.6106940190193858,0.03617777756354505
0.00017151875,-0.6144203991447761,0.03685591605116449
0.00017164875,-0.6188243029293282,0.03821219302640336
0.00017177875,-0.6201793502476519,0.03787312378259364
0.00017190875,-0.6218731593955567,0.04024660848926166
0.00017203875,-0.6235669685434613,0.0409247469768811
0.00017216875,-0.6252607776913659,0.03956847000164224
0.00017229875,-0.6276321104984325,0.03956847000164224
0.00017242875,-0.6306809669646609,0.03990753924545196
0.00017255875,-0.6330522997717274,0.03956847000164224
0.00017268875,-0.635423632578794,0.04160288546450054
0.00017281875,-0.6374562035562796,0.04295916243973941
0.00017294875,-0.6408438218520889,0.04329823168354913
0.00017307875,-0.6415213455112508,0.04329823168354913
0.00017320875,-0.6432151546591555,0.04431543941497827
0.00017333875,-0.6452477256366411,0.04533264714640743
0.00017346875,-0.6493128675916123,0.04567171639021715
0.00017359875,-0.6503291530803551,0.04601078563402687
0.00017372875,-0.6527004858874216,0.04634985487783658
0.00017385875,-0.6540555332057454,0.04634985487783658
0.00017398875,-0.6554105805240691,0.04804520109688518
0.00017411875,-0.6581206751607166,0.04736706260926574
0.00017424875,-0.661169531626945,0.0487233395845046
0.00017437875,-0.6618470552861069,0.04940147807212404
0.00017450875,-0.6632021026044306,0.0483842703406949
0.00017463875,-0.666250959070659,0.04974054731593376
0.00017476875,-0.6689610537073065,0.05109682429117263
0.00017489875,-0.6703161010256302,0.05075775504736291
0.00017502875,-0.6740424811510205,0.05177496277879207
0.00017515875,-0.6774300994468299,0.05211403202260179
0.00017528875,-0.6784463849355726,0.05313123975403093
0.00017541875,-0.6798014322538963,0.05313123975403093
0.00017554875,-0.6814952414018011,0.05380937824165037
0.00017567875,-0.6848828596976104,0.05414844748546009
0.00017580875,-0.6875929543342578,0.05482658597307952
0.00017593875,-0.6889480016525816,0.05516565521688924
0.00017606875,-0.6899642871413244,0.0561828629483184
0.00017619875,-0.6930131436075528,0.05686100143593784
0.00017632875,-0.6947069527554575,0.05720007067974754
0.00017645875,-0.6977558092216859,0.05787820916736698
0.00017658875,-0.6997883801991716,0.05855634765498642
0.00017671875,-0.7011434275174953,0.05889541689879614
0.00017684875,-0.7028372366653999,0.05855634765498642
0.00017697875,-0.7055473313020474,0.06059076311784473
0.00017710875,-0.707918664109114,0.05957355538641557
0.00017723875,-0.7089349495978567,0.06025169387403501
0.00017736875,-0.7106287587457614,0.06160797084927387
0.00017749875,-0.7140163770415707,0.06025169387403501
0.00017762875,-0.7153714243598945,0.06126890160546415
0.00017775875,-0.7174039953373801,0.06160797084927387
0.00017788875,-0.7180815189965419,0.06194704009308359
0.00017801875,-0.7201140899740276,0.06330331706832246
0.00017814875,-0.723501708269837,0.0639814555559419
0.00017827875,-0.7258730410769034,0.06465959404356134
0.00017840875,-0.7279056120543891,0.06499866328737104
0.00017853875,-0.7299381830318746,0.06533773253118076
0.00017866875,-0.7309544685206175,0.06635494026260992
0.00017879875,-0.7329870394981031,0.06635494026260992
0.00017892875,-0.7370521814530743,0.06805028648165851
0.00017905875,-0.7377297051122361,0.06771121723784879
0.00017918875,-0.738745990600979,0.06805028648165851
0.00017931875,-0.7411173234080455,0.06872842496927795
0.00017944875,-0.7431498943855311,0.06974563270070709
0.00017957875,-0.7448437035334358,0.07110190967594597
0.00017970875,-0.7475537981700833,0.07144097891975568
0.00017983875,-0.7482313218292451,0.06974563270070709
0.00017996875,-0.7509414164658926,0.07076284043213625
0.00018009875,-0.7526352256137973,0.07144097891975568
0.00018022875,-0.7533127492729591,0.07144097891975568
0.00018035875,-0.7550065584208638,0.07211911740737512
0.00018048875,-0.7577166530575112,0.07245818665118484
0.00018061875,-0.7604267476941587,0.07245818665118484
0.00018074875,-0.7624593186716444,0.07279725589499456
0.00018087875,-0.7648306514787109,0.0738144636264237
0.00018100875,-0.7648306514787109,0.07483167135785286
0.00018113875,-0.7665244606266156,0.07517074060166258
0.00018126875,-0.7682182697745202,0.07618794833309173
0.00018139875,-0.7705896025815868,0.07618794833309173
0.00018152875,-0.7726221735590724,0.07686608682071117
0.00018165875,-0.7756710300253008,0.07618794833309173
0.00018178875,-0.7773648391732054,0.07652701757690145
0.00018191875,-0.7787198864915292,0.07686608682071117
0.00018204875,-0.7787198864915292,0.07686608682071117
0.00018217875,-0.779736171980272,0.07788329455214031
0.00018230875,-0.7827850284465004,0.07923957152737919
0.00018243875,-0.7858338849127289,0.07957864077118891
0.00018256875,-0.7875276940606335,0.07957864077118891
0.00018269875,-0.7888827413789572,0.0812739869902375
0.00018282875,-0.7888827413789572,0.08093491774642778
0.00018295875,-0.7919315978451856,0.07991771001499862
0.00018308875,-0.7956579779705759,0.08161305623404722
0.00018321875,-0.7976905489480616,0.0812739869902375
0.00018334875,-0.7980293107776425,0.08195212547785692
0.00018347875,-0.800061881755128,0.08263026396547636
0.00018360875,-0.8027719763917756,0.08263026396547636
0.00018373875,-0.8041270237100993,0.08263026396547636
0.00018386875,-0.805820832858004,0.0833084024530958
0.00018399875,-0.8061595946875849,0.0833084024530958
0.00018412875,-0.8078534038354895,0.0833084024530958
0.00018425875,-0.8081921656650705,0.08364747169690552
0.00018438875,-0.810563498472137,0.08432561018452495
0.00018451875,-0.8132735931087846,0.08500374867214439
0.00018464875,-0.815644925915851,0.08568188715976383
0.00018477875,-0.8163224495750129,0.08500374867214439
0.00018490875,-0.8186937823820795,0.08568188715976383
0.00018503875,-0.8227589243370507,0.08703816413500269
0.00018516875,-0.8224201625074697,0.08737723337881241
0.00018529875,-0.8227589243370507,0.08805537186643185
0.00018542875,-0.8254690189736982,0.08839444111024156
0.00018555875,-0.826485304462441,0.08839444111024156
0.00018568875,-0.8285178754399266,0.08873351035405128
0.00018581875,-0.831227970076574,0.089072579597861
0.00018594875,-0.8315667319061549,0.08805537186643185
0.00018607875,-0.8335993028836406,0.089072579597861
0.00018620875,-0.8339380647132215,0.08975071808548044
0.00018633875,-0.8332605410540597,0.09076792581690958
0.00018646875,-0.8363093975202881,0.09076792581690958
0.00018659875,-0.8383419684977736,0.09144606430452902
0.00018672875,-0.8407133013048402,0.0911069950607193
0.00018685875,-0.8413908249640021,0.09144606430452902
0.00018698875,-0.8424071104527449,0.09042885657309986
0.00018711875,-0.8454559669189733,0.0911069950607193
0.00018724875,-0.8485048233852017,0.09076792581690958
0.00018737875,-0.8512149180218491,0.09178513354833874
0.00018750875,-0.8518924416810111,0.09178513354833874
0.00018763875,-0.8525699653401729,0.09246327203595817
0.00018776875,-0.8532474889993348,0.09246327203595817
0.00018789875,-0.8542637744880776,0.09381954901119705
0.00018802875,-0.8562963454655632,0.09449768749881647
0.00018815875,-0.8579901546134678,0.09551489523024563
0.00018828875,-0.8596839637613726,0.09415861825500677
0.00018841875,-0.862055296568439,0.09619303371786507
0.00018854875,-0.8627328202276009,0.09585396447405535
0.00018867875,-0.8630715820571818,0.09517582598643591
0.00018880875,-0.8647653912050866,0.09551489523024563
0.00018893875,-0.8661204385234103,0.0968711722054845
0.00018906875,-0.8674754858417341,0.0968711722054845
0.00018919875,-0.8691692949896387,0.0968711722054845
0.00018932875,-0.8701855804783815,0.09619303371786507
0.00018945875,-0.8742507224333527,0.09585396447405535
0.00018958875,-0.8752670079220956,0.09585396447405535
0.00018971875,-0.8759445315812574,0.09619303371786507
0.00018984875,-0.8762832934108383,0.0968711722054845
0.00018997875,-0.8783158643883239,0.09754931069310394
0.00019010875,-0.8806871971953905,0.09822744918072338
0.00019023875,-0.8823810063432951,0.09856651842453309
0.00019036875,-0.8844135773207807,0.0989055876683428
0.00019049875,-0.8854298628095235,0.09822744918072338
0.00019062875,-0.8847523391503617,0.09754931069310394
0.00019075875,-0.8857686246391044,0.09721024144929422
0.00019088875,-0.8874624337870092,0.09856651842453309
0.00019101875,-0.8905112902532375,0.09856651842453309
0.00019114875,-0.8915275757419804,0.09822744918072338
0.00019127875,-0.893221384889885,0.0989055876683428
0.00019140875,-0.8938989085490469,0.09992279539977196
0.00019153875,-0.8955927176969516,0.09924465691215252
0.00019166875,-0.8972865268448562,0.1002618646435817
0.00019179875,-0.8979640505040181,0.1002618646435817
0.00019192875,-0.9010129069702465,0.1002618646435817
0.00019205875,-0.9010129069702465,0.1002618646435817
0.00019218875,-0.9030454779477322,0.1002618646435817
0.00019231875,-0.9040617634364749,0.1012790723750108
0.00019244875,-0.9060943344139605,0.1016181416188205
0.00019257875,-0.9060943344139605,0.1016181416188205
0.00019270875,-0.9071106199027034,0.1009400031312011
0.00019283875,-0.9084656672210271,0.1016181416188205
0.00019296875,-0.9084656672210271,0.1026353493502497
0.00019309875,-0.908804429050608,0.10229628010644
0.00019322875,-0.9108370000280936,0.1026353493502497
0.00019335875,-0.9115145236872555,0.1033134878378691
0.00019348875,-0.9132083328351601,0.1033134878378691
0.00019361875,-0.913885856494322,0.1033134878378691
0.00019374875,-0.9152409038126458,0.1036525570816789
0.00019387875,-0.9172734747901313,0.1039916263254886
0.00019400875,-0.9165959511309695,0.1033134878378691
0.00019413875,-0.9182897602788742,0.1033134878378691
0.00019426875,-0.9206610930859407,0.1036525570816789
0.00019439875,-0.9216773785746835,0.1033134878378691
0.00019452875,-0.9226936640634263,0.1039916263254886
0.00019465875,-0.9233711877225882,0.1039916263254886
0.00019478875,-0.9233711877225882,0.1039916263254886
0.00019491875,-0.9250649968704928,0.1036525570816789
0.00019504875,-0.9264200441888166,0.1036525570816789
0.00019517875,-0.9284526151663022,0.1039916263254886
0.00019530875,-0.9294689006550449,0.1039916263254886
0.00019543875,-0.9301464243142069,0.104669764813108
0.00019556875,-0.929807662484626,0.1043306955692983
0.00019569875,-0.9308239479733688,0.1039916263254886
0.00019582875,-0.9338728044395972,0.1043306955692983
0.00019595875,-0.9359053754170827,0.104669764813108
0.00019608875,-0.9362441372466637,0.1043306955692983
0.00019621875,-0.9372604227354064,0.1043306955692983
0.00019634875,-0.9382767082241493,0.1053479033007274
0.00019647875,-0.9382767082241493,0.1056869725445372
0.00019660875,-0.9389542318833112,0.1056869725445372
0.00019673875,-0.9406480410312158,0.1063651110321566
0.00019686875,-0.9392929937128921,0.1053479033007274
0.00019699875,-0.9403092792016349,0.104669764813108
0.00019712875,-0.9426806120087015,0.1056869725445372
0.00019725875,-0.9433581356678633,0.1060260417883469
0.00019738875,-0.9430193738382824,0.1053479033007274
0.00019751875,-0.944713182986187,0.1063651110321566
0.00019764875,-0.9470845157932536,0.107043249519776
0.00019777875,-0.9460682303045108,0.1067041802759663
0.00019790875,-0.9477620394524154,0.107043249519776
0.00019803875,-0.9504721340890629,0.1060260417883469
0.00019816875,-0.9511496577482248,0.1060260417883469
0.00019829875,-0.9518271814073866,0.1063651110321566
0.00019842875,-0.9511496577482248,0.1056869725445372
0.00019855875,-0.9525047050665485,0.104669764813108
0.00019868875,-0.9541985142144532,0.1039916263254886
0.00019881875,-0.9548760378736151,0.1043306955692983
0.00019894875,-0.9572473706806817,0.1043306955692983
0.00019907875,-0.9579248943398435,0.1043306955692983
0.00019920875,-0.9586024179990054,0.1043306955692983
0.00019933875,-0.9599574653173291,0.1039916263254886
0.00019946875,-0.9606349889764909,0.1043306955692983
0.00019959875,-0.9619900362948147,0.1036525570816789
0.00019972875,-0.9633450836131384,0.1043306955692983
0.00019985875,-0.9640226072723003,0.1053479033007274
0.00019998875,-0.9633450836131384,0.1039916263254886
0.00020011875,-0.9636838454427193,0.1043306955692983
0.00020024875,-0.9647001309314622,0.1039916263254886
0.00020037875,-0.965716416420205,0.104669764813108
0.00020050875,-0.9667327019089478,0.1053479033007274
0.00020063875,-0.9667327019089478,0.1056869725445372
0.00020076875,-0.9674102255681096,0.1053479033007274
0.00020089875,-0.9680877492272715,0.1053479033007274
0.00020102875,-0.9694427965455953,0.1053479033007274
0.00020115875,-0.9684265110568524,0.1053479033007274
0.00020128875,-0.9694427965455953,0.104669764813108
0.00020141875,-0.970797843863919,0.1039916263254886
0.00020154875,-0.9718141293526618,0.1050088340569177
0.00020167875,-0.9721528911822427,0.104669764813108
0.00020180875,-0.9738467003301474,0.1036525570816789
0.00020193875,-0.9741854621597283,0.10229628010644
0.00020206875,-0.9752017476484711,0.1016181416188205
0.00020219875,-0.975879271307633,0.10229628010644
0.00020232875,-0.9796056514330233,0.1036525570816789
0.00020245875,-0.9789281277738614,0.1039916263254886
0.00020258875,-0.9782506041146996,0.1043306955692983
0.00020271875,-0.9775730804555377,0.1043306955692983
0.00020284875,-0.9799444132626042,0.1033134878378691
0.00020297875,-0.9809606987513471,0.1026353493502497
0.00020310875,-0.9819769842400898,0.1029744185940594
0.00020323875,-0.9826545078992517,0.1029744185940594
0.00020336875,-0.9819769842400898,0.1019572108626303
0.00020349875,-0.9816382224105089,0.1026353493502497
0.00020362875,-0.9826545078992517,0.1029744185940594
0.00020375875,-0.9840095552175754,0.1029744185940594
0.00020388875,-0.9840095552175754,0.10229628010644
0.00020401875,-0.9833320315584135,0.1029744185940594
0.00020414875,-0.9833320315584135,0.1019572108626303
0.00020427875,-0.9850258407063183,0.1009400031312011
0.00020440875,-0.9857033643654801,0.1006009338873914
0.00020453875,-0.986380888024642,0.1002618646435817
0.00020466875,-0.9873971735133847,0.1006009338873914
0.00020479875,-0.9877359353429657,0.1006009338873914
0.00020492875,-0.9877359353429657,0.1006009338873914
0.00020505875,-0.9884134590021276,0.1016181416188205
0.00020518875,-0.9884134590021276,0.09924465691215252
0.00020531875,-0.9901072681500322,0.1019572108626303
0.00020544875,-0.9904460299796132,0.10229628010644
0.00020557875,-0.9904460299796132,0.1006009338873914
0.00020570875,-0.9918010772979369,0.1009400031312011
0.00020583875,-0.9924786009570988,0.1006009338873914
0.00020596875,-0.9934948864458416,0.09958372615596224
0.00020609875,-0.9931561246162607,0.0989055876683428
0.00020622875,-0.9918010772979369,0.09924465691215252
0.00020635875,-0.9921398391275179,0.09856651842453309
0.00020648875,-0.9928173627866798,0.09822744918072338
0.00020661875,-0.9938336482754225,0.09754931069310394
0.00020674875,-0.9941724101050035,0.09754931069310394
0.00020687875,-0.9931561246162607,0.09653210296167479
0.00020700875,-0.9945111719345844,0.0968711722054845
0.00020713875,-0.9945111719345844,0.09619303371786507
0.00020726875,-0.9938336482754225,0.09483675674262619
0.00020739875,-0.9951886955937462,0.09619303371786507
0.00020752875,-0.9951886955937462,0.09551489523024563
0.00020765875,-0.9962049810824891,0.09619303371786507
0.00020778875,-0.9975600284008128,0.09551489523024563
0.00020791875,-0.9992538375487174,0.09653210296167479
0.00020804875,-0.9975600284008128,0.09483675674262619
0.00020817875,-0.9989150757191365,0.09754931069310394
0.00020830875,-0.9985763138895556,0.0968711722054845
0.00020843875,-0.9975600284008128,0.09483675674262619
0.00020856875,-0.9985763138895556,0.09449768749881647
0.00020869875,-0.9978987902303937,0.09483675674262619
0.00020882875,-0.996882504741651,0.09415861825500677
0.00020895875,-0.9972212665712319,0.09381954901119705
0.00020908875,-0.9972212665712319,0.09483675674262619
0.00020921875,-0.9978987902303937,0.09449768749881647
0.00020934875,-0.9989150757191365,0.09314141052357761
0.00020947875,-0.9995925993782984,0.09212420279214846
0.00020960875,-0.9999313612078793,0.09246327203595817
0.00020973875,-0.9999313612078793,0.09348047976738733
0.00020986875,-0.9999313612078793,0.09212420279214846
0.00020999875,-1.00027012303746,0.09178513354833874
0.00021012875,-1.001286408526203,0.09076792581690958
0.00021025875,-1.001625170355784,0.09042885657309986
0.00021038875,-1.002302694014946,0.08975071808548044
0.00021051875,-1.001963932185365,0.08941164884167072
0.00021064875,-1.003318979503689,0.08975071808548044
0.00021077875,-1.002641455844527,0.09042885657309986
0.00021090875,-1.001963932185365,0.08737723337881241
0.00021103875,-1.002641455844527,0.089072579597861
0.00021116875,-1.002641455844527,0.08975071808548044
0.00021129875,-1.001625170355784,0.08805537186643185
0.00021142875,-1.002302694014946,0.089072579597861
0.00021155875,-1.002641455844527,0.08975071808548044
0.00021168875,-1.001286408526203,0.08839444111024156
0.00021181875,-1.001963932185365,0.08771630262262213
0.00021194875,-1.00027012303746,0.08669909489119297
0.00021207875,-0.9995925993782984,0.08669909489119297
0.00021220875,-1.000608884867041,0.08669909489119297
0.00021233875,-1.000947646696622,0.08703816413500269
0.00021246875,-1.002980217674108,0.08636002564738325
0.00021259875,-1.002980217674108,0.08534281791595411
0.00021272875,-1.00365774133327,0.08466467942833467
0.00021285875,-1.003996503162851,0.08364747169690552
0.00021298875,-1.003318979503689,0.08364747169690552
0.00021311875,-1.004674026822012,0.08364747169690552
0.00021324875,-1.00365774133327,0.08364747169690552
0.00021337875,-1.003996503162851,0.08364747169690552
0.00021350875,-1.003318979503689,0.08364747169690552
0.00021363875,-1.003318979503689,0.08229119472166664
0.00021376875,-1.002980217674108,0.08466467942833467
0.00021389875,-1.000608884867041,0.08364747169690552
0.00021402875,-0.9999313612078793,0.08161305623404722
0.00021415875,-1.001625170355784,0.08229119472166664
0.00021428875,-1.00027012303746,0.08059584850261806
0.00021441875,-1.000947646696622,0.08025677925880834
0.00021454875,-0.9995925993782984,0.07957864077118891
0.00021467875,-1.002302694014946,0.07890050228356947
0.00021480875,-1.002980217674108,0.07856143303975975
0.00021493875,-1.001963932185365,0.07754422530833059
0.00021506875,-0.9999313612078793,0.07686608682071117
0.00021519875,-0.9992538375487174,0.07618794833309173
0.00021532875,-1.00027012303746,0.07584887908928201
0.00021545875,-0.9999313612078793,0.07584887908928201
0.00021558875,-1.00027012303746,0.07550980984547229
0.00021571875,-1.000608884867041,0.07584887908928201
0.00021584875,-1.000608884867041,0.07517074060166258
0.00021597875,-1.00027012303746,0.07483167135785286
0.00021610875,-1.000608884867041,0.07483167135785286
0.00021623875,-1.000608884867041,0.07449260211404314
0.00021636875,-1.00027012303746,0.07313632513880428
0.00021649875,-1.000608884867041,0.07449260211404314
0.00021662875,-0.9982375520599747,0.07245818665118484
0.00021675875,-0.9978987902303937,0.07245818665118484
0.00021688875,-0.9978987902303937,0.0717800481635654
0.00021701875,-0.9982375520599747,0.07076284043213625
0.00021714875,-0.9982375520599747,0.07042377118832653
0.00021727875,-0.9989150757191365,0.07008470194451681
0.00021740875,-0.9975600284008128,0.07008470194451681
0.00021753875,-0.9972212665712319,0.06974563270070709
0.00021766875,-0.9955274574233272,0.06872842496927795
0.00021779875,-0.9951886955937462,0.06805028648165851
0.00021792875,-0.9951886955937462,0.06838935572546823
0.00021805875,-0.9958662192529082,0.06737214799403907
0.00021818875,-0.9958662192529082,0.0660158710188002
0.00021831875,-0.9958662192529082,0.06533773253118076
0.00021844875,-0.9958662192529082,0.06499866328737104
0.00021857875,-0.9958662192529082,0.06533773253118076
0.00021870875,-0.9938336482754225,0.06499866328737104
0.00021883875,-0.9931561246162607,0.06567680177499048
0.00021896875,-0.9928173627866798,0.0660158710188002
0.00021909875,-0.9924786009570988,0.06499866328737104
0.00021922875,-0.9931561246162607,0.0639814555559419
0.00021935875,-0.9931561246162607,0.06296424782451274
0.00021948875,-0.9931561246162607,0.06194704009308359
0.00021961875,-0.991123553638775,0.06262517858070303
0.00021974875,-0.9887522208317086,0.06296424782451274
0.00021987875,-0.9884134590021276,0.06126890160546415
0.00022000875,-0.9887522208317086,0.06025169387403501
0.00022013875,-0.9897685063204513,0.05991262463022529
0.00022026875,-0.9894297444908704,0.06059076311784473
0.00022039875,-0.9890909826612895,0.06059076311784473
0.00022052875,-0.9890909826612895,0.05957355538641557
0.00022065875,-0.9890909826612895,0.0582172784111767
0.00022078875,-0.9870584116838038,0.0561828629483184
0.00022091875,-0.9857033643654801,0.05550472446069896
0.00022104875,-0.9850258407063183,0.05584379370450868
0.00022117875,-0.9846870788767373,0.05516565521688924
0.00022130875,-0.9840095552175754,0.05482658597307952
0.00022143875,-0.9816382224105089,0.05448751672926981
0.00022156875,-0.9829932697288326,0.05414844748546009
0.00022169875,-0.9829932697288326,0.05245310126641151
0.00022182875,-0.9823157460696708,0.05245310126641151
0.00022195875,-0.981299460580928,0.05279217051022121
0.00022208875,-0.9809606987513471,0.05347030899784065
0.00022221875,-0.9789281277738614,0.05177496277879207
0.00022234875,-0.9796056514330233,0.05245310126641151
0.00022247875,-0.9779118422851186,0.05211403202260179
0.00022260875,-0.9772343186259568,0.04906240882831432
0.00022273875,-0.9785893659442805,0.0504186858035532
0.00022286875,-0.9775730804555377,0.05007961655974348
0.00022299875,-0.9768955567963759,0.04906240882831432
0.00022312875,-0.975879271307633,0.0483842703406949
0.00022325875,-0.9745242239893093,0.04770613185307546
0.00022338875,-0.9724916530118237,0.04702799336545602
0.00022351875,-0.9728304148414046,0.04499357790259771
0.00022364875,-0.9731691766709856,0.04567171639021715
0.00022377875,-0.9728304148414046,0.04499357790259771
0.00022390875,-0.9714753675230808,0.04397637017116857
0.00022403875,-0.970797843863919,0.04295916243973941
0.00022416875,-0.9701203202047571,0.04228102395211997
0.00022429875,-0.9704590820343381,0.04228102395211997
0.00022442875,-0.9684265110568524,0.04295916243973941
0.00022455875,-0.9677489873976906,0.04194195470831026
0.00022468875,-0.9653776545906241,0.04126381622069082
0.00022481875,-0.9653776545906241,0.04160288546450054
0.00022494875,-0.9636838454427193,0.04058567773307138
0.00022507875,-0.9640226072723003,0.03990753924545196
0.00022520875,-0.9643613691018812,0.03956847000164224
0.00022533875,-0.9630063217835575,0.0388903315140228
0.00022546875,-0.9626675599539766,0.03922940075783252
0.00022559875,-0.9623287981243956,0.03821219302640336
0.00022572875,-0.9619900362948147,0.03753405453878393
0.00022585875,-0.9606349889764909,0.03685591605116449
0.00022598875,-0.9592799416581672,0.03583870831973533
0.00022611875,-0.9586024179990054,0.03549963907592563
0.00022624875,-0.9579248943398435,0.03516056983211591
0.00022637875,-0.9586024179990054,0.03482150058830619
0.00022650875,-0.9569086088511007,0.0331261543692576
0.00022663875,-0.9565698470215197,0.0331261543692576
0.00022676875,-0.9548760378736151,0.03210894663782844
0.00022689875,-0.9545372760440342,0.03143080815020901
0.00022702875,-0.9541985142144532,0.03176987739401872
0.00022715875,-0.9518271814073866,0.03041360041877986
0.00022728875,-0.9511496577482248,0.03075266966258957
0.00022741875,-0.9504721340890629,0.03041360041877986
0.00022754875,-0.9484395631115773,0.02905732344354099
0.00022767875,-0.9470845157932536,0.02770104646830212
0.00022780875,-0.9481008012819964,0.0273619772244924
0.00022793875,-0.9481008012819964,0.02532756176163409
0.00022806875,-0.945390706645349,0.02498849251782437
0.00022819875,-0.944713182986187,0.02464942327401466
0.00022832875,-0.9436968974974442,0.02363221554258551
0.00022845875,-0.9426806120087015,0.02363221554258551
0.00022858875,-0.9426806120087015,0.02532756176163409
0.00022871875,-0.9406480410312158,0.02363221554258551
0.00022884875,-0.939631755542473,0.02329314629877579
0.00022897875,-0.9386154700537302,0.02261500781115635
0.00022910875,-0.9372604227354064,0.02125873083591748
0.00022923875,-0.9352278517579209,0.02024152310448833
0.00022936875,-0.9359053754170827,0.02024152310448833
0.00022949875,-0.9342115662691781,0.01956338461686889
0.00022962875,-0.9331952807804352,0.01956338461686889
0.00022975875,-0.9318402334621115,0.01956338461686889
0.00022988875,-0.9284526151663022,0.01956338461686889
0.00023001875,-0.929130138825464,0.01888524612924946
0.00023014875,-0.9287913769958831,0.01854617688543974
0.00023027875,-0.9294689006550449,0.01820710764163002
0.00023040875,-0.9281138533367213,0.01685083066639115
0.00023053875,-0.9264200441888166,0.015833622934962
0.00023066875,-0.9247262350409119,0.0137992074721037
0.00023079875,-0.9233711877225882,0.0137992074721037
0.00023092875,-0.9213386167451025,0.01346013822829398
0.00023105875,-0.9199835694267788,0.01142572276543567
0.00023118875,-0.9189672839380361,0.01244293049686482
0.00023131875,-0.9172734747901313,0.01176479200924539
0.00023144875,-0.9169347129605504,0.01176479200924539
0.00023157875,-0.9165959511309695,0.009730376546387084
0.00023170875,-0.9152409038126458,0.009052238058767649
0.00023183875,-0.9155796656422267,0.008713168814957931
0.00023196875,-0.9132083328351601,0.008035030327338495
0.00023209875,-0.913885856494322,0.008035030327338495
0.00023222875,-0.9121920473464173,0.008035030327338495
0.00023235875,-0.9108370000280936,0.008374099571148213
0.00023248875,-0.9091431908801889,0.007356891839719061
0.00023261875,-0.9084656672210271,0.007017822595909344
0.00023274875,-0.9067718580731224,0.005661545620670473
0.00023287875,-0.9050780489252177,0.00328806091400245
0.00023300875,-0.9027067161181512,0.00328806091400245
0.00023313875,-0.9013516687998274,0.002609922426383015
0.00023326875,-0.9003353833110846,0.001592714694953862
0.00023339875,-0.8993190978223419,0.001592714694953862
0.00023352875,-0.8979640505040181,0.0002364377197149915
0.00023365875,-0.8966090031856944,0.001253645451144144
0.00023378875,-0.8966090031856944,0.0002364377197149915
0.00023391875,-0.8952539558673707,-0.0007807700117141612
0.00023404875,-0.893221384889885,-0.0004417007679044436
0.00023417875,-0.8901725284236566,-0.001119839255523879
0.00023430875,-0.8888174811053329,-0.001797977743143314
0.00023443875,-0.8874624337870092,-0.002137046986953032
0.00023456875,-0.8884787192757519,-0.002815185474572467
0.00023469875,-0.8864461482982663,-0.003493323962191902
0.00023482875,-0.8854298628095235,-0.003154254718382184
0.00023495875,-0.8840748154911998,-0.003832393206001619
0.00023508875,-0.8820422445137142,-0.006205877912669642
0.00023521875,-0.8817034826841332,-0.006205877912669642
0.00023534875,-0.8783158643883239,-0.007562154887908513
0.00023547875,-0.8783158643883239,-0.007562154887908513
0.00023560875,-0.8769608170700002,-0.00790122413171823
0.00023573875,-0.8762832934108383,-0.008579362619337666
0.00023586875,-0.8756057697516765,-0.009596570350766819
0.00023599875,-0.8742507224333527,-0.009596570350766819
0.00023612875,-0.8722181514558671,-0.009935639594576537
0.00023625875,-0.8701855804783815,-0.008918431863147383
0.00023638875,-0.8681530095008959,-0.01061377808219597
0.00023651875,-0.8695080568192196,-0.01095284732600569
0.00023664875,-0.8681530095008959,-0.01163098581362512
0.00023677875,-0.8634103438867629,-0.01366540127648343
0.00023690875,-0.8617165347388581,-0.01434353976410286
0.00023703875,-0.8613777729092772,-0.01434353976410286
0.00023716875,-0.8603614874205344,-0.01536074749553202
0.00023729875,-0.8583289164430488,-0.01671702447077089
0.00023742875,-0.8569738691247251,-0.01773423220220004
0.00023755875,-0.8556188218064014,-0.0170560937145806
0.00023768875,-0.8535862508289157,-0.01807330144600976
0.00023781875,-0.8508761561922682,-0.01909050917743891
0.00023794875,-0.8495211088739445,-0.01976864766505835
0.00023807875,-0.8485048233852017,-0.01909050917743891
0.00023820875,-0.8471497760668779,-0.02044678615267778
0.00023833875,-0.8447784432598114,-0.02112492464029722
0.00023846875,-0.8424071104527449,-0.02146399388410693
0.00023859875,-0.8420683486231639,-0.02248120161553609
0.00023872875,-0.841729586793583,-0.02214213237172637
0.00023885875,-0.8413908249640021,-0.02248120161553609
0.00023898875,-0.8393582539865164,-0.02248120161553609
0.00023911875,-0.8356318738611261,-0.02519375556601383
0.00023924875,-0.8349543502019643,-0.0228202708593458
0.00023937875,-0.8322442555653169,-0.02451561707839439
0.00023950875,-0.8295341609286694,-0.02587189405363326
0.00023963875,-0.8281791136103457,-0.02587189405363326
0.00023976875,-0.826485304462441,-0.02722817102887213
0.00023989875,-0.826485304462441,-0.02722817102887213
0.00024002875,-0.8254690189736982,-0.02790630951649157
0.00024015875,-0.8247914953145363,-0.02858444800411101
0.00024028875,-0.8237752098257934,-0.02926258649173044
0.00024041875,-0.8200488297004032,-0.02960165573554016
0.00024054875,-0.8193713060412413,-0.02960165573554016
0.00024067875,-0.8173387350637558,-0.03061886346696931
0.00024080875,-0.8153061640862701,-0.03129700195458875
0.00024093875,-0.815644925915851,-0.03163607119839847
0.00024106875,-0.8115797839608798,-0.03231420968601789
0.00024119875,-0.8102247366425561,-0.03367048666125677
0.00024132875,-0.8078534038354895,-0.03367048666125677
0.00024145875,-0.8054820710284231,-0.03400955590506649
0.00024158875,-0.8037882618805183,-0.03502676363649564
0.00024171875,-0.8017556909030328,-0.03570490212411508
0.00024184875,-0.800400643584709,-0.03672210985554422
0.00024197875,-0.8007394054142899,-0.03570490212411508
0.00024210875,-0.7987068344368043,-0.03773931758697338
0.00024223875,-0.7963355016297378,-0.0380783868307831
0.00024236875,-0.795319216140995,-0.03773931758697338
0.00024249875,-0.7926091215043475,-0.03977373304983169
0.00024262875,-0.7912540741860238,-0.03977373304983169
0.00024275875,-0.7895602650381192,-0.03943466380602197
0.00024288875,-0.7892215032085382,-0.04045187153745113
0.00024301875,-0.7878664558902144,-0.04113001002507055
0.00024314875,-0.7858338849127289,-0.04146907926888027
0.00024327875,-0.7821075047873386,-0.04248628700030943
0.00024340875,-0.7807524574690148,-0.04282535624411914
0.00024353875,-0.779736171980272,-0.04248628700030943
0.00024366875,-0.7773648391732054,-0.04282535624411914
0.00024379875,-0.7753322681957199,-0.04418163321935802
0.00024392875,-0.7726221735590724,-0.04485977170697744
0.00024405875,-0.7712671262407487,-0.0458769794384066
0.00024418875,-0.7695733170928439,-0.0458769794384066
0.00024431875,-0.7672019842857775,-0.04655511792602604
0.00024444875,-0.7648306514787109,-0.04689418716983575
0.00024457875,-0.7634756041603872,-0.04757232565745519
0.00024470875,-0.7621205568420635,-0.04791139490126491
0.00024483875,-0.7597492240349969,-0.04960674112031349
0.00024496875,-0.7577166530575112,-0.04926767187650377
0.00024509875,-0.7580554148870923,-0.04926767187650377
0.00024522875,-0.7553453202504448,-0.05028487960793293
0.00024535875,-0.754329034761702,-0.05062394885174265
0.00024548875,-0.7509414164658926,-0.05231929507079124
0.00024561875,-0.748570083658826,-0.0516411565831718
0.00024574875,-0.7455212271925976,-0.05265836431460096
0.00024587875,-0.7448437035334358,-0.05333650280222038
0.00024600875,-0.7414560852376264,-0.05333650280222038
0.00024613875,-0.7404397997488836,-0.05265836431460096
0.00024626875,-0.738745990600979,-0.05299743355841068
0.00024639875,-0.7373909432826552,-0.05435371053364954
0.00024652875,-0.7346808486460078,-0.05570998750888841
0.00024665875,-0.7319707540093603,-0.05638812599650785
0.00024678875,-0.7299381830318746,-0.05740533372793701
0.00024691875,-0.7275668502248082,-0.05842254145936615
0.00024704875,-0.7255342792473225,-0.05842254145936615
0.00024717875,-0.7245179937585797,-0.05842254145936615
0.00024730875,-0.7224854227810941,-0.05842254145936615
0.00024743875,-0.7197753281444467,-0.05876161070317587
0.00024756875,-0.717742757166961,-0.06011788767841474
0.00024769875,-0.7167264716782182,-0.05842254145936615
0.00024782875,-0.7157101861894755,-0.05977881843460502
0.00024795875,-0.713000091552828,-0.0611350954098439
0.00024808875,-0.7109675205753423,-0.06011788767841474
0.00024821875,-0.7096124732570186,-0.06147416465365362
0.00024834875,-0.7082574259386949,-0.06181323389746332
0.00024847875,-0.7065636167907902,-0.06181323389746332
0.00024860875,-0.7031759984949808,-0.06283044162889248
0.00024873875,-0.702498474835819,-0.06350858011651192
0.00024886875,-0.7008046656879143,-0.06418671860413136
0.00024899875,-0.6984333328808477,-0.06554299557937023
0.00024912875,-0.6957232382442003,-0.06588206482317994
0.00024925875,-0.6933519054371338,-0.06418671860413136
0.00024938875,-0.692335619948391,-0.06520392633556051
0.00024951875,-0.6886092398230007,-0.06588206482317994
0.00024964875,-0.686576668845515,-0.06554299557937023
0.00024977875,-0.6838665742088675,-0.06622113406698966
0.00024990875,-0.6821727650609629,-0.06723834179841881
0.00025003875,-0.6798014322538963,-0.06757741104222853
0.00025016875,-0.6770913376172489,-0.06825554952984797
0.00025029875,-0.6753975284693442,-0.06927275726127712
0.00025042875,-0.6737037193214396,-0.06927275726127712
0.00025055875,-0.6716711483439539,-0.06961182650508684
0.00025068875,-0.6682835300481446,-0.07028996499270627
0.00025081875,-0.6669284827298209,-0.06995089574889655
0.00025094875,-0.6665897209002399,-0.06995089574889655
0.00025107875,-0.6648959117523353,-0.07062903423651599
0.00025120875,-0.6628633407748497,-0.0709681034803257
0.00025133875,-0.6594757224790403,-0.07130717272413542
0.00025146875,-0.6577819133311357,-0.07164624196794514
0.00025159875,-0.6550718186944882,-0.0726634496993743
0.00025172875,-0.6530392477170026,-0.07300251894318401
0.00025185875,-0.6523617240578407,-0.07334158818699373
0.00025198875,-0.6499903912507742,-0.07435879591842288
0.00025211875,-0.6479578202732885,-0.07503693440604231
0.00025224875,-0.6449089638070601,-0.07537600364985203
0.00025237875,-0.6425376309999936,-0.07605414213747147
0.00025250875,-0.6391500127041843,-0.07503693440604231
0.00025263875,-0.6371174417266986,-0.07605414213747147
0.00025276875,-0.6340685852604703,-0.07673228062509091
0.00025289875,-0.6320360142829846,-0.07741041911271034
0.00025302875,-0.63034220513508,-0.07774948835652006
0.00025315875,-0.6289871578167562,-0.07707134986890062
0.00025328875,-0.6266158250096897,-0.07808855760032977
0.00025341875,-0.6239057303730422,-0.07808855760032977
0.00025354875,-0.6208568739068138,-0.07876669608794921
0.00025367875,-0.6174692556110044,-0.07910576533175893
0.00025380875,-0.6154366846335189,-0.07944483457556864
0.00025393875,-0.6137428754856141,-0.07978390381937836
0.00025406875,-0.6123878281672904,-0.08114018079461724
0.00025419875,-0.6106940190193858,-0.08147925003842695
0.00025432875,-0.6086614480419001,-0.0804620423069978
0.00025445875,-0.6069676388939955,-0.08114018079461724
0.00025458875,-0.6029024969390243,-0.08114018079461724
0.00025471875,-0.6012086877911196,-0.08147925003842695
0.00025484875,-0.5981598313248911,-0.08181831928223667
0.00025497875,-0.5951109748586628,-0.08181831928223667
0.00025510875,-0.5934171657107581,-0.08215738852604638
0.00025523875,-0.5910458329036916,-0.08317459625747554
0.00025536875,-0.5896907855853678,-0.08351366550128525
0.00025549875,-0.5856256436303966,-0.08385273474509497
0.00025562875,-0.5829155489937492,-0.08622621945176299
0.00025575875,-0.5808829780162635,-0.08690435793938243
0.00025588875,-0.5802054543571017,-0.08622621945176299
0.00025601875,-0.5778341215500351,-0.08656528869557271
0.00025614875,-0.5751240269133877,-0.08588715020795328
0.00025627875,-0.5720751704471593,-0.08486994247652413
0.00025640875,-0.5690263139809308,-0.08588715020795328
0.00025653875,-0.5673325048330262,-0.08656528869557271
0.00025666875,-0.5656386956851215,-0.08690435793938243
0.00025679875,-0.5625898392188931,-0.08724342718319215
0.00025692875,-0.5605572682414075,-0.0882606349146213
0.00025705875,-0.55784717360476,-0.08927784264605046
0.00025718875,-0.5571696499455981,-0.08893877340224074
0.00025731875,-0.5537820316497888,-0.08961691188986018
0.00025744875,-0.5524269843314651,-0.08961691188986018
0.00025757875,-0.5497168896948176,-0.08927784264605046
0.00025770875,-0.5470067950581701,-0.08961691188986018
0.00025783875,-0.5432804149327798,-0.0902950503774796
0.00025796875,-0.5415866057848752,-0.09097318886509904
0.00025809875,-0.5381989874890658,-0.09131225810890876
0.00025822875,-0.5361664165115803,-0.09131225810890876
0.00025835875,-0.5334563218749327,-0.09097318886509904
0.00025848875,-0.5293911799199615,-0.09165132735271848
0.00025861875,-0.5290524180903806,-0.09165132735271848
0.00025874875,-0.5263423234537331,-0.09266853508414763
0.00025887875,-0.5236322288170856,-0.09334667357176707
0.00025900875,-0.5215996578396001,-0.09334667357176707
0.00025913875,-0.5195670868621144,-0.09334667357176707
0.00025926875,-0.5171957540550479,-0.09368574281557679
0.00025939875,-0.5151631830775623,-0.09300760432795735
0.00025952875,-0.5121143266113338,-0.09334667357176707
0.00025965875,-0.5107592792930101,-0.09368574281557679
0.00025978875,-0.5080491846563626,-0.0940248120593865
0.00025991875,-0.5053390900197152,-0.0940248120593865
0.00026004875,-0.5022902335534868,-0.09470295054700593
0.00026017875,-0.4995801389168392,-0.09436388130319621
0.00026030875,-0.4978863297689346,-0.09504201979081565
0.00026043875,-0.4941599496435443,-0.09572015827843509
0.00026056875,-0.490772331347735,-0.09605922752224481
0.00026069875,-0.4884009985406684,-0.09673736600986424
0.00026082875,-0.4863684275631828,-0.09538108903462537
0.00026095875,-0.4846746184152781,-0.09470295054700593
0.00026108875,-0.4809482382898879,-0.09436388130319621
0.00026121875,-0.4778993818236594,-0.09504201979081565
0.00026134875,-0.475189287187012,-0.09673736600986424
0.00026147875,-0.4731567162095264,-0.0977545737412934
0.00026160875,-0.4714629070616217,-0.09809364298510312
0.00026173875,-0.4684140505953933,-0.0977545737412934
0.00026186875,-0.4660427177883267,-0.0977545737412934
0.00026199875,-0.4629938613220984,-0.0977545737412934
0.00026212875,-0.4599450048558699,-0.09707643525367396
0.00026225875,-0.4582511957079652,-0.09741550449748368
0.00026238875,-0.4555411010713178,-0.09741550449748368
0.00026251875,-0.4524922446050894,-0.0977545737412934
0.00026264875,-0.4518147209459275,-0.09673736600986424
0.00026277875,-0.4484271026501181,-0.0977545737412934
0.00026290875,-0.4447007225247279,-0.09843271222891282
0.00026303875,-0.4423293897176613,-0.09877178147272254
0.00026316875,-0.4406355805697567,-0.09809364298510312
0.00026329875,-0.4386030095922711,-0.09843271222891282
0.00026342875,-0.4365704386147854,-0.0977545737412934
0.00026355875,-0.4345378676372998,-0.09809364298510312
0.00026368875,-0.4314890111710714,-0.09877178147272254
0.00026381875,-0.4274238692161002,-0.09911085071653226
0.00026394875,-0.4240362509202909,-0.1004671276917711
0.00026407875,-0.423358727261129,-0.09911085071653226
0.00026420875,-0.4213261562836434,-0.09877178147272254
0.00026433875,-0.4186160616469959,-0.09911085071653226
0.00026446875,-0.4142121578624438,-0.09877178147272254
0.00026459875,-0.4118408250553772,-0.09944991996034198
0.00026472875,-0.4087919685891488,-0.1001280584479614
0.00026485875,-0.4057431121229204,-0.1011452661793906
0.00026498875,-0.402694255656692,-0.1004671276917711
0.00026511875,-0.4003229228496255,-0.1008061969355808
0.00026524875,-0.3969353045538161,-0.1014843354232003
0.00026537875,-0.3938864480875877,-0.1028406123984392
0.00026550875,-0.3938864480875877,-0.1011452661793906
0.00026563875,-0.392192638939683,-0.10182340466701
0.00026576875,-0.3888050206438737,-0.1025015431546294
0.00026589875,-0.3860949260072262,-0.1028406123984392
0.00026602875,-0.3833848313705788,-0.1028406123984392
0.00026615875,-0.3796584512451885,-0.1025015431546294
0.00026628875,-0.3776258802677029,-0.1011452661793906
0.00026641875,-0.3745770238014745,-0.1014843354232003
0.00026654875,-0.3711894055056651,-0.1014843354232003
0.00026667875,-0.3674630253802749,-0.1025015431546294
0.00026680875,-0.3657692162323702,-0.10182340466701
0.00026693875,-0.3640754070844655,-0.1014843354232003
0.00026706875,-0.3610265506182371,-0.1011452661793906
0.00026719875,-0.3586552178111705,-0.1011452661793906
0.00026732875,-0.3552675995153612,-0.1014843354232003
0.00026745875,-0.3535737903674565,-0.1011452661793906
0.00026758875,-0.3508636957308091,-0.10182340466701
0.00026771875,-0.3474760774349997,-0.10182340466701
0.00026784875,-0.3434109354800285,-0.1021624739108197
0.00026797875,-0.3400233171842192,-0.10182340466701
0.00026810875,-0.3376519843771526,-0.1031796816422489
0.00026823875,-0.3379907462067335,-0.1001280584479614
0.00026836875,-0.3339256042517623,-0.1008061969355808
0.00026849875,-0.3312155096151149,-0.1021624739108197
0.00026862875,-0.3295217004672102,-0.1021624739108197
0.00026875875,-0.3264728440009818,-0.1008061969355808
0.00026888875,-0.3217301783868487,-0.1014843354232003
0.00026901875,-0.3196976074093631,-0.1011452661793906
0.00026914875,-0.3173262746022966,-0.10182340466701
0.00026927875,-0.3142774181360681,-0.1014843354232003
0.00026940875,-0.3115673234994207,-0.1014843354232003
0.00026953875,-0.3095347525219351,-0.1014843354232003
0.00026966875,-0.3068246578852876,-0.1008061969355808
0.00026979875,-0.304453325078221,-0.10182340466701
0.00026992875,-0.3007269449528308,-0.1011452661793906
0.00027005875,-0.2963230411682786,-0.1021624739108197
0.00027018875,-0.294290470190793,-0.1011452661793906
0.00027031875,-0.2912416137245646,-0.10182340466701
0.00027044875,-0.2905640900654027,-0.1014843354232003
0.00027057875,-0.2875152335991744,-0.1008061969355808
0.00027070875,-0.2848051389625268,-0.1004671276917711
0.00027083875,-0.2814175206667175,-0.10182340466701
0.00027096875,-0.2783686642004891,-0.1001280584479614
0.00027109875,-0.273964760415937,-0.10182340466701
0.00027122875,-0.2719321894384514,-0.1011452661793906
0.00027135875,-0.2709159039497085,-0.1004671276917711
0.00027148875,-0.2692220948018039,-0.1011452661793906
0.00027161875,-0.2671895238243183,-0.1008061969355808
0.00027174875,-0.2644794291876708,-0.1008061969355808
0.00027187875,-0.2610918108918615,-0.1011452661793906
0.00027200875,-0.258381716255214,-0.1008061969355808
0.00027213875,-0.2549940979594046,-0.10182340466701
0.00027226875,-0.2522840033227572,-0.1008061969355808
0.00027239875,-0.2492351468565288,-0.09944991996034198
0.00027252875,-0.2461862903903003,-0.0997889892041517
0.00027265875,-0.2424599102649101,-0.09944991996034198
0.00027278875,-0.2394110537986817,-0.0997889892041517
0.00027291875,-0.2356846736732914,-0.1004671276917711
0.00027304875,-0.2333133408662248,-0.10182340466701
0.00027317875,-0.2309420080591583,-0.1011452661793906
0.00027330875,-0.2292481989112536,-0.1004671276917711
0.00027343875,-0.2278931515929299,-0.1004671276917711
0.00027356875,-0.2265381042746062,-0.0997889892041517
0.00027369875,-0.222134200490054,-0.1001280584479614
0.00027382875,-0.2197628676829875,-0.09809364298510312
0.00027395875,-0.2156977257280162,-0.09911085071653226
0.00027408875,-0.2133263929209497,-0.09877178147272254
0.00027421875,-0.2096000127955594,-0.09877178147272254
0.00027434875,-0.2048573471814263,-0.09944991996034198
0.00027447875,-0.2031635380335217,-0.09911085071653226
0.00027460875,-0.2004534433968742,-0.09843271222891282
0.00027473875,-0.1987596342489695,-0.09877178147272254
0.00027486875,-0.1953720159531602,-0.09877178147272254
0.00027499875,-0.191306873998189,-0.09843271222891282
0.00027512875,-0.1872417320432178,-0.09741550449748368
0.00027525875,-0.1852091610657322,-0.09707643525367396
0.00027538875,-0.1831765900882465,-0.09673736600986424
0.00027551875,-0.1801277336220181,-0.09809364298510312
0.00027564875,-0.1784339244741135,-0.09741550449748368
0.00027577875,-0.175723829837466,-0.09707643525367396
0.00027590875,-0.1730137352008185,-0.09639829676605452
0.00027603875,-0.1692873550754282,-0.09605922752224481
0.00027616875,-0.1662384986091998,-0.09538108903462537
0.00027629875,-0.1648834512908761,-0.09538108903462537
0.00027642875,-0.1625121184838096,-0.09470295054700593
0.00027655875,-0.1587857383584193,-0.09538108903462537
0.00027668875,-0.1567531673809337,-0.09504201979081565
0.00027681875,-0.1503166926188959,-0.09605922752224481
0.00027694875,-0.1465903124935057,-0.09436388130319621
0.00027707875,-0.144896503345601,-0.09266853508414763
0.00027720875,-0.1432026941976963,-0.09334667357176707
0.00027733875,-0.1425251705385344,-0.09334667357176707
0.00027746875,-0.1408313613906298,-0.09300760432795735
0.00027759875,-0.1364274576060776,-0.09368574281557679
0.00027772875,-0.1310072683327827,-0.09334667357176707
0.00027785875,-0.1269421263778114,-0.09368574281557679
0.00027798875,-0.1255870790594877,-0.09334667357176707
0.00027811875,-0.1235545080820021,-0.09300760432795735
0.00027824875,-0.1211831752749356,-0.09266853508414763
0.00027837875,-0.1184730806382881,-0.09199039659652819
0.00027850875,-0.1150854623424787,-0.09097318886509904
0.00027863875,-0.1116978440466694,-0.09063411962128932
0.00027876875,-0.108648987580441,-0.08995598113366989
0.00027889875,-0.1072939402621172,-0.08995598113366989
0.00027902875,-0.1039063219663079,-0.08961691188986018
0.00027915875,-0.0998411800113367,-0.08961691188986018
0.00027928875,-0.09679232354510829,-0.09063411962128932
0.00027941875,-0.09475975256762269,-0.0882606349146213
0.00027954875,-0.09069461061265147,-0.08995598113366989
0.00027967875,-0.08832327780558492,-0.08995598113366989
0.00027980875,-0.08866203963516586,-0.0882606349146213
0.00027993875,-0.08425813585061372,-0.08893877340224074
0.00028006875,-0.08222556487312811,-0.0882606349146213
0.00028019875,-0.07985423206606157,-0.0882606349146213
0.00028032875,-0.07545032828150942,-0.08927784264605046
0.00028045875,-0.07206270998570008,-0.08961691188986018
0.00028058875,-0.06765880620114793,-0.08961691188986018
0.00028071875,-0.06664252071240513,-0.08927784264605046
0.00028084875,-0.06325490241659579,-0.08893877340224074
0.00028097875,-0.05986728412078644,-0.08792156567081158
0.00028110875,-0.05715718948413898,-0.08622621945176299
0.00028123875,-0.05207576204042495,-0.08588715020795328
0.00028136875,-0.04902690557419655,-0.08520901172033385
0.00028149875,-0.04699433459671094,-0.08486994247652413
0.00028162875,-0.04530052544880626,-0.08520901172033385
0.00028175875,-0.04225166898257786,-0.08453087323271441
0.00028188875,-0.03988033617551132,-0.08486994247652413
0.00028201875,-0.03649271787970197,-0.08554808096414356
0.00028214875,-0.03547643239095917,-0.08554808096414356
0.00028227875,-0.0327663377543117,-0.08351366550128525
0.00028240875,-0.02903995762892142,-0.08351366550128525
0.00028253875,-0.02632986299227395,-0.08215738852604638
0.00028266875,-0.02090967371897899,-0.08215738852604638
0.00028279875,-0.01786081725275059,-0.08317459625747554
0.00028292875,-0.01515072261610311,-0.0824964577698561
0.00028305875,-0.01379567529777937,-0.08181831928223667
0.00028318875,-0.01074681883155097,-0.08147925003842695
0.00028331875,-0.007359200535741622,-0.08080111155080752
0.00028344875,-0.004310344069513213,-0.08012297306318808
0.00028357875,-0.001261487603284803,-0.07944483457556864
0.00028370875,9.355971503893432e-05,-0.07876669608794921
0.00028383875,0.003142416181267343,-0.07910576533175893
0.00028396875,0.00822384362498136,-0.07910576533175893
0.00028409875,0.01228898557995257,-0.07808855760032977
0.00028422875,0.01533784204618098,-0.07707134986890062
0.00028435875,0.01635412753492379,-0.07639321138128119
0.00028448875,0.01770917485324752,-0.07639321138128119
0.00028461875,0.01974174583073313,-0.07707134986890062
0.00028474875,0.02211307863779967,-0.07707134986890062
0.00028487875,0.02583945876318994,-0.07673228062509091
0.00028500875,0.02888831522941835,-0.07639321138128119
0.00028513875,0.03092088620690396,-0.0746978651622326
0.00028526875,0.03464726633229424,-0.07537600364985203
0.00028539875,0.03803488462810359,-0.07571507289366175
0.00028552875,0.03972869377600825,-0.07368065743080345
0.00028565875,0.04142250292391293,-0.07435879591842288
0.00028578875,0.046165168538046,-0.07435879591842288
0.00028591875,0.04853650134511255,-0.0746978651622326
0.00028604875,0.05158535781134095,-0.0726634496993743
0.00028617875,0.05361792878882657,-0.07130717272413542
0.00028630875,0.05632802342547404,-0.06995089574889655
0.00028643875,0.06005440355086432,-0.07028996499270627
0.00028656875,0.0627644981875118,-0.07028996499270627
0.00028669875,0.06581335465374021,-0.06995089574889655
0.00028682875,0.06953973477913049,-0.0709681034803257
0.00028695875,0.0736048767341017,-0.06995089574889655
0.00028708875,0.07428240039326356,-0.06927275726127712
0.00028721875,0.0776700186890729,-0.06927275726127712
0.00028734875,0.07936382783697758,-0.06859461877365768
0.00028747875,0.08376773162152973,-0.06757741104222853
0.00028760875,0.08580030259901533,-0.06656020331079937
0.00028773875,0.0885103972356628,-0.06656020331079937
0.00028786875,0.09257553919063402,-0.06656020331079937
0.00028799875,0.09596315748644337,-0.06825554952984797
0.00028812875,0.09867325212309083,-0.06588206482317994
0.00028825875,0.1003670612709955,-0.06486485709175079
0.00028838875,0.1037546795668049,-0.06520392633556051
0.00028851875,0.1044322032259667,-0.06350858011651192
0.00028864875,0.1078198215217761,-0.06283044162889248
0.00028877875,0.1115462016471663,-0.06384764936032164
0.00028890875,0.1149338199429757,-0.06283044162889248
0.00028903875,0.1200152473866897,-0.06249137238508276
0.00028916875,0.1223865801937562,-0.0611350954098439
0.00028929875,0.1240803893416609,-0.06079602616603418
0.00028942875,0.1278067694670512,-0.06011788767841474
0.00028955875,0.1311943877628605,-0.05943974919079531
0.00028968875,0.1349207678882508,-0.05876161070317587
0.00028981875,0.1376308625248983,-0.05774440297174671
0.00028994875,0.1400021953319648,-0.05774440297174671
0.00029007875,0.1423735281390314,-0.05774440297174671
0.00029020875,0.1437285754573551,-0.05774440297174671
0.00029033875,0.1457611464348407,-0.05808347221555643
0.00029046875,0.149487526560231,-0.05876161070317587
0.00029059875,0.1532139066856213,-0.05876161070317587
0.00029072875,0.1552464776631069,-0.05638812599650785
0.00029085875,0.159650381447659,-0.05740533372793701
0.00029098875,0.1610054287659828,-0.05672719524031757
0.00029111875,0.1633767615730493,-0.05469277977745926
0.00029124875,0.1677806653576014,-0.05570998750888841
0.00029137875,0.1708295218238298,-0.05435371053364954
0.00029150875,0.1725233309717345,-0.05333650280222038
0.00029163875,0.1745559019492201,-0.05231929507079124
0.00029176875,0.1779435202450295,-0.05198022582698152
0.00029189875,0.180314853052096,-0.05231929507079124
0.00029202875,0.1843799950070672,-0.05231929507079124
0.00029215875,0.1864125659845528,-0.0516411565831718
0.00029228875,0.1884451369620384,-0.05062394885174265
0.00029241875,0.1911552315986859,-0.04994581036412321
0.00029254875,0.1942040880649143,-0.04926767187650377
0.00029267875,0.1979304681903046,-0.04858953338888435
0.00029280875,0.1992855155086283,-0.04757232565745519
0.00029293875,0.2033506574635996,-0.04689418716983575
0.00029306875,0.2067382757594089,-0.04621604868221632
0.00029319875,0.2077545612481517,-0.0458769794384066
0.00029332875,0.211480941373542,-0.0458769794384066
0.00029345875,0.2148685596693513,-0.04553791019459688
0.00029358875,0.2185949397947416,-0.0458769794384066
0.00029371875,0.22164379626097,-0.04282535624411914
0.00029384875,0.2240151290680366,-0.04316442548792886
0.00029397875,0.2274027473638459,-0.04350349473173858
0.00029410875,0.2304516038300743,-0.04214721775649971
0.00029423875,0.231806651148398,-0.04146907926888027
0.00029436875,0.2348555076146265,-0.04180814851268999
0.00029449875,0.237226840421693,-0.04146907926888027
0.00029462875,0.2399369350583405,-0.04113001002507055
0.00029475875,0.2433245533541498,-0.04146907926888027
0.00029488875,0.2463734098203782,-0.04113001002507055
0.00029501875,0.2497610281161876,-0.04079094078126083
0.00029514875,0.252809884582416,-0.03977373304983169
0.00029527875,0.2558587410486444,-0.03773931758697338
0.00029540875,0.2585688356852919,-0.0363830406117345
0.00029553875,0.2609401684923584,-0.03570490212411508
0.00029566875,0.2650053104473296,-0.03570490212411508
0.00029579875,0.2673766432543961,-0.03536583288030536
0.00029592875,0.268392928743139,-0.0343486251488762
0.00029605875,0.2714417852093673,-0.03367048666125677
0.00029618875,0.2744906416755958,-0.03265327892982761
0.00029631875,0.2782170218009861,-0.03367048666125677
0.00029644875,0.2788945454601479,-0.03095793271077903
0.00029657875,0.2822821637559573,-0.03197514044220819
0.00029670875,0.2846534965630238,-0.03163607119839847
0.00029683875,0.2883798766884141,-0.02994072497934987
0.00029696875,0.2907512094954806,-0.03027979422315959
0.00029709875,0.2931225423025471,-0.02994072497934987
0.00029722875,0.2944775896208709,-0.02892351724792072
0.00029735875,0.2961713987687756,-0.02858444800411101
0.00029748875,0.3002365407237468,-0.02858444800411101
0.00029761875,0.3039629208491371,-0.02756724027268185
0.00029774875,0.3066730154857845,-0.02756724027268185
0.00029787875,0.3100606337815939,-0.02688910178506242
0.00029800875,0.3117544429294986,-0.02587189405363326
0.00029813875,0.3137870139069842,-0.02519375556601383
0.00029826875,0.3181909176915363,-0.02451561707839439
0.00029839875,0.3219172978169266,-0.02451561707839439
0.00029852875,0.3232723451352503,-0.02417654783458468
0.00029865875,0.3266599634310597,-0.02451561707839439
0.00029878875,0.330047581726869,-0.02349840934696524
0.00029891875,0.3317413908747737,-0.0228202708593458
0.00029904875,0.335129009170583,-0.02146399388410693
0.00029917875,0.3371615801480686,-0.02146399388410693
0.00029930875,0.3408879602734589,-0.02010771690886807
0.00029943875,0.3425817694213636,-0.01942957842124863
0.00029956875,0.3463081495467539,-0.01942957842124863
0.00029969875,0.3473244350354966,-0.01739516295839032
0.00029982875,0.3486794823538204,-0.01637795522696117
0.00029995875,0.3524058624792107,-0.01569981673934174
0.00030008875,0.3554547189454391,-0.01671702447077089
0.00030021875,0.3585035754116675,-0.01671702447077089
0.00030034875,0.3632462410258006,-0.01671702447077089
0.00030047875,0.3659563356624481,-0.01569981673934174
0.00030060875,0.3669726211511908,-0.01434353976410286
0.00030073875,0.3693439539582574,-0.01230912430124456
0.00030086875,0.371376524935743,-0.01230912430124456
0.00030099875,0.3747641432315523,-0.01197005505743484
0.00030112875,0.3781517615273617,-0.01163098581362512
0.00030125875,0.3801843325048473,-0.01061377808219597
0.00030138875,0.3839107126302376,-0.01061377808219597
0.00030151875,0.3859432836077232,-0.009596570350766819
0.00030164875,0.3876370927556279,-0.009596570350766819
0.00030177875,0.3893309019035325,-0.008579362619337666
0.00030190875,0.3923797583697609,-0.008579362619337666
0.00030203875,0.3933960438585037,-0.007562154887908513
0.00030216875,0.397122423983894,-0.006884016400289078
0.00030229875,0.4001712804501224,-0.00654494715647936
0.00030242875,0.4042364224050936,-0.004849600937430773
0.00030255875,0.4079628025304839,-0.00518867018124049
0.00030268875,0.4096566116783886,-0.004849600937430773
0.00030281875,0.4123667063150361,-0.004510531693621055
0.00030294875,0.4154155627812645,-0.003154254718382184
0.00030307875,0.4174481337587501,-0.002137046986953032
0.00030320875,0.4211745138841403,-0.001797977743143314
0.00030333875,0.4218520375433022,-0.001458908499333596
0.00030346875,0.4245621321799497,-0.001119839255523879
0.00030359875,0.4272722268165972,-0.001797977743143314
0.00030372875,0.4309986069419874,-0.0004417007679044436
0.00030385875,0.4340474634082159,0.0009145762073344267
0.00030398875,0.4367575580448633,0.00193178393876358
0.00030411875,0.4408226999998345,0.00328806091400245
0.00030424875,0.4425165091477392,0.002609922426383015
0.00030437875,0.443871556466063,0.002609922426383015
0.00030450875,0.4448878419548057,0.00328806091400245
0.00030463875,0.4475979365914532,0.003966199401621885
0.00030476875,0.4513243167168435,0.004983407133051038
0.00030489875,0.4509855548872626,0.00600061486448019
0.00030502875,0.4547119350126528,0.005661545620670473
0.00030515875,0.4601321242859478,0.007017822595909344
0.00030528875,0.4628422189225952,0.007356891839719061
0.00030541875,0.4655523135592428,0.007695961083528779
0.00030554875,0.4672461227071474,0.009052238058767649
0.00030567875,0.4689399318550521,0.009391307302577366
0.00030580875,0.4716500264916996,0.009391307302577366
0.00030593875,0.4740213592987661,0.01040851503400652
0.00030606875,0.4767314539354136,0.01074758427781624
0.00030619875,0.479780310401642,0.01244293049686482
0.00030632875,0.4821516432087085,0.01210386125305511
0.00030645875,0.4852004996749369,0.01244293049686482
0.00030658875,0.4882493561411653,0.01278199974067454
0.00030671875,0.4909594507778128,0.0137992074721037
0.00030684875,0.4940083072440412,0.01413827671591341
0.00030697875,0.4960408782215268,0.01481641520353285
0.00030710875,0.4994284965173362,0.01651176142258143
0.00030723875,0.5007835438356598,0.01752896915401059
0.00030736875,0.5034936384723073,0.01786803839782031
0.00030749875,0.5048486857906311,0.01888524612924946
0.00030762875,0.5068812567681167,0.01888524612924946
0.00030775875,0.5099301132343451,0.01922431537305918
0.00030788875,0.5109463987230879,0.02024152310448833
0.00030801875,0.51535030250764,0.02125873083591748
0.00030814875,0.5167053498259638,0.02058059234829805
0.00030827875,0.5187379208034494,0.02193686932353692
0.00030840875,0.5221255390992587,0.02193686932353692
0.00030853875,0.5248356337359062,0.02193686932353692
0.00030866875,0.5272069665429727,0.02261500781115635
0.00030879875,0.5289007756908775,0.02329314629877579
0.00030892875,0.5305945848387821,0.02397128478639522
0.00030905875,0.5322883939866868,0.02431035403020494
0.00030918875,0.536014774112077,0.02532756176163409
0.00030931875,0.5377085832599817,0.02668383873687296
0.00030944875,0.5421124870445339,0.02702290798068268
0.00030957875,0.5441450580220195,0.0273619772244924
0.00030970875,0.5471939144882478,0.0273619772244924
0.00030983875,0.5499040091248953,0.02871825419973127
0.00030996875,0.551936580102381,0.02905732344354099
0.00031009875,0.5532916274207047,0.03007453117497014
0.00031022875,0.5560017220573522,0.03007453117497014
0.00031035875,0.5576955312052568,0.03041360041877986
0.00031048875,0.5590505785235805,0.03075266966258957
0.00031061875,0.5597281021827425,0.03244801588163816
0.00031074875,0.5634544823081328,0.03244801588163816
0.00031087875,0.567519624263104,0.03176987739401872
0.00031100875,0.5695521952405895,0.03278708512544788
0.00031113875,0.572601051706818,0.0331261543692576
0.00031126875,0.5749723845138844,0.03448243134449647
0.00031139875,0.5759886700026273,0.03482150058830619
0.00031152875,0.5780212409801129,0.03583870831973533
0.00031165875,0.5814088592759222,0.03549963907592563
0.00031178875,0.583102668423827,0.03516056983211591
0.00031191875,0.5854740012308934,0.03583870831973533
0.00031204875,0.5888616195267028,0.03617777756354505
0.00031217875,0.5932655233112549,0.03787312378259364
0.00031230875,0.5942818087999977,0.03855126227021308
0.00031243875,0.5956368561183215,0.03922940075783252
0.00031256875,0.5990244744141309,0.03956847000164224
0.00031269875,0.6003795217324546,0.03922940075783252
0.00031282875,0.6024120927099402,0.03956847000164224
0.00031295875,0.6041059018578449,0.04126381622069082
0.00031308875,0.6074935201536542,0.04160288546450054
0.00031321875,0.6102036147903017,0.04194195470831026
0.00031334875,0.6125749475973682,0.04465450865878799
0.00031347875,0.6139299949156919,0.04363730092735885
0.00031360875,0.6159625658931775,0.04262009319592969
0.00031373875,0.6179951368706632,0.04397637017116857
0.00031386875,0.6183338987002441,0.04567171639021715
0.00031399875,0.6223990406552153,0.04702799336545602
0.00031412875,0.6251091352918627,0.04804520109688518
0.00031425875,0.6281579917580912,0.0487233395845046
0.00031438875,0.6312068482243196,0.0483842703406949
0.00031451875,0.6332394192018052,0.04804520109688518
0.00031464875,0.6359495138384527,0.0487233395845046
0.00031477875,0.6359495138384527,0.0504186858035532
0.00031490875,0.6389983703046811,0.05177496277879207
0.00031503875,0.6413697031117477,0.05143589353498235
0.00031516875,0.6464511305554617,0.05143589353498235
0.00031529875,0.6457736068962998,0.05279217051022121
0.00031542875,0.6481449397033663,0.05380937824165037
0.00031555875,0.6511937961695947,0.05380937824165037
0.00031568875,0.6539038908062422,0.05313123975403093
0.00031581875,0.6559364617837278,0.05380937824165037
0.00031594875,0.6583077945907944,0.05448751672926981
0.00031607875,0.6616954128866037,0.05414844748546009
0.00031620875,0.6630504602049274,0.05516565521688924
0.00031633875,0.6633892220345083,0.05448751672926981
0.00031646875,0.6650830311824131,0.05516565521688924
0.00031659875,0.6660993166711558,0.0582172784111767
0.00031672875,0.6691481731373843,0.05923448614260585
0.00031685875,0.6725357914331936,0.05787820916736698
0.00031698875,0.675584647899422,0.0582172784111767
0.00031711875,0.6772784570473267,0.05923448614260585
0.00031724875,0.6789722661952313,0.05957355538641557
0.00031737875,0.6806660753431361,0.05991262463022529
0.00031750875,0.6820211226614598,0.06025169387403501
0.00031763875,0.6843924554685263,0.06160797084927387
0.00031776875,0.6847312172981073,0.06160797084927387
0.00031789875,0.686086264616431,0.06228610933689331
0.00031802875,0.6887963592530785,0.06262517858070303
0.00031815875,0.6918452157193068,0.06330331706832246
0.00031828875,0.6952328340151162,0.06296424782451274
0.00031841875,0.6972654049926018,0.06364238631213218
0.00031854875,0.6996367377996683,0.06533773253118076
0.00031867875,0.7020080706067349,0.06635494026260992
0.00031880875,0.7057344507321252,0.0660158710188002
0.00031893875,0.7057344507321252,0.06771121723784879
0.00031906875,0.7094608308575154,0.0660158710188002
0.00031919875,0.7097995926870964,0.06533773253118076
0.00031932875,0.7097995926870964,0.06567680177499048
0.00031945875,0.7114934018350011,0.06499866328737104
0.00031958875,0.7152197819603913,0.0660158710188002
0.00031971875,0.7172523529378769,0.06737214799403907
0.00031984875,0.7192849239153626,0.06771121723784879
0.00031997875,0.7192849239153626,0.06906749421308765
0.00032010875,0.7223337803815909,0.07008470194451681
0.00032023875,0.7253826368478193,0.07144097891975568
0.00032036875,0.727415207825305,0.07211911740737512
0.00032049875,0.7287702551436287,0.0717800481635654
0.00032062875,0.7308028261211142,0.07211911740737512
0.00032075875,0.7314803497802762,0.07144097891975568
0.00032088875,0.7341904444169236,0.0717800481635654
0.00032101875,0.7379168245423139,0.07211911740737512
0.00032114875,0.7402881573493805,0.07245818665118484
0.00032127875,0.7409656810085423,0.07483167135785286
0.00032140875,0.7419819664972851,0.07584887908928201
0.00032153875,0.7433370138156089,0.07652701757690145
0.00032166875,0.7453695847930945,0.07584887908928201
0.00032179875,0.7457083466226754,0.07686608682071117
0.00032192875,0.7497734885776466,0.07618794833309173
0.00032205875,0.752822345043875,0.07686608682071117
0.00032218875,0.7534998687030369,0.07754422530833059
0.00032231875,0.7551936778509416,0.07822236379595003
0.00032244875,0.7558712015101035,0.07890050228356947
0.00032257875,0.758581296146751,0.07957864077118891
0.00032270875,0.7612913907833984,0.07890050228356947
0.00032283875,0.7623076762721412,0.08059584850261806
0.00032296875,0.7646790090792077,0.08059584850261806
0.00032309875,0.7670503418862743,0.08229119472166664
0.00032322875,0.768405389204598,0.08263026396547636
0.00032335875,0.7707767220116646,0.08296933320928608
0.00032348875,0.7728092929891501,0.0833084024530958
0.00032361875,0.7755193876257976,0.0833084024530958
0.00032374875,0.7772131967737023,0.08364747169690552
0.00032387875,0.778907005921607,0.08398654094071523
0.00032400875,0.7809395768990925,0.08466467942833467
0.00032413875,0.7806008150695116,0.08500374867214439
0.00032426875,0.7806008150695116,0.08466467942833467
0.00032439875,0.7833109097061591,0.08466467942833467
0.00032452875,0.7856822425132257,0.08534281791595411
0.00032465875,0.7870372898315494,0.08534281791595411
0.00032478875,0.7897473844681969,0.08398654094071523
0.00032491875,0.7907636699569397,0.08398654094071523
0.00032504875,0.7907636699569397,0.08466467942833467
0.00032517875,0.79449005008233,0.08466467942833467
0.00032530875,0.7975389065485584,0.08534281791595411
0.00032543875,0.799232715696463,0.08669909489119297
0.00032556875,0.8019428103331105,0.08805537186643185
0.00032569875,0.8046529049697579,0.08839444111024156
0.00032582875,0.8066854759472436,0.089072579597861
0.00032595875,0.8083792850951482,0.08941164884167072
0.00032608875,0.8104118560726339,0.08941164884167072
0.00032621875,0.8124444270501194,0.089072579597861
0.00032634875,0.8141382361980242,0.08839444111024156
0.00032647875,0.8144769980276051,0.08805537186643185
0.00032660875,0.8165095690050906,0.08941164884167072
0.00032673875,0.8188809018121572,0.09008978732929016
0.00032686875,0.8192196636417381,0.09008978732929016
0.00032699875,0.8198971873009,0.09076792581690958
0.00032712875,0.8229460437671284,0.09042885657309986
0.00032725875,0.8243010910854521,0.09144606430452902
0.00032738875,0.8243010910854521,0.09008978732929016
0.00032751875,0.8232848055967094,0.09280234127976789
0.00032764875,0.8249786147446141,0.09314141052357761
0.00032777875,0.8300600421883281,0.09246327203595817
0.00032790875,0.8331088986545565,0.09381954901119705
0.00032803875,0.8344639459728802,0.09415861825500677
0.00032816875,0.8361577551207849,0.09246327203595817
0.00032829875,0.8371740406095277,0.09348047976738733
0.00032842875,0.8381903260982705,0.09381954901119705
0.00032855875,0.8381903260982705,0.09415861825500677
0.00032868875,0.8392066115870133,0.09483675674262619
0.00032881875,0.8405616589053371,0.09619303371786507
0.00032894875,0.8436105153715654,0.0968711722054845
0.00032907875,0.845981848178632,0.09619303371786507
0.00032920875,0.8469981336673748,0.09551489523024563
0.00032933875,0.8490307046448604,0.09585396447405535
0.00032946875,0.8503857519631841,0.09585396447405535
0.00032959875,0.8514020374519269,0.09653210296167479
0.00032972875,0.8530958465998316,0.0968711722054845
0.00032985875,0.8541121320885744,0.09754931069310394
0.00032998875,0.8574997503843838,0.09788837993691366
0.00033011875,0.8588547977027075,0.09822744918072338
0.00033024875,0.8605486068506122,0.09754931069310394
0.00033037875,0.8595323213618694,0.0989055876683428
0.00033050875,0.861226130509774,0.09924465691215252
0.00033063875,0.8632587014872596,0.09822744918072338
0.00033076875,0.8642749869760025,0.1006009338873914
0.00033089875,0.8659687961239071,0.09992279539977196
0.00033102875,0.8683401289309737,0.09992279539977196
0.00033115875,0.8683401289309737,0.1006009338873914
0.00033128875,0.8700339380788783,0.1016181416188205
0.00033141875,0.871727747226783,0.1009400031312011
0.00033154875,0.8730827945451067,0.1006009338873914
0.00033167875,0.8737603182042686,0.09992279539977196
0.00033180875,0.8764704128409161,0.1002618646435817
0.00033193875,0.8785029838184016,0.1016181416188205
0.00033206875,0.8801967929663064,0.1009400031312011
0.00033219875,0.8801967929663064,0.1009400031312011
0.00033232875,0.881890602114211,0.1006009338873914
0.00033245875,0.8839231730916967,0.1019572108626303
0.00033258875,0.8842619349212776,0.1026353493502497
0.00033271875,0.8849394585804394,0.1026353493502497
0.00033284875,0.8886658387058297,0.1029744185940594
0.00033297875,0.8900208860241534,0.1029744185940594
0.00033310875,0.8896821241945725,0.104669764813108
0.00033323875,0.8913759333424772,0.1026353493502497
0.00033336875,0.89239221883122,0.1029744185940594
0.00033349875,0.8930697424903818,0.1043306955692983
0.00033362875,0.8957798371270294,0.1036525570816789
0.00033375875,0.8978124081045149,0.1036525570816789
0.00033388875,0.8981511699340958,0.1036525570816789
0.00033401875,0.8991674554228387,0.1036525570816789
0.00033414875,0.9001837409115815,0.1043306955692983
0.00033427875,0.902893835548229,0.1029744185940594
0.00033440875,0.9035713592073908,0.1026353493502497
0.00033453875,0.9045876446961336,0.1033134878378691
0.00033466875,0.9052651683552955,0.1039916263254886
0.00033479875,0.907975262991943,0.104669764813108
0.00033492875,0.9100078339694285,0.1050088340569177
0.00033505875,0.9103465957990096,0.104669764813108
0.00033518875,0.9113628812877523,0.104669764813108
0.00033531875,0.9123791667764951,0.1056869725445372
0.00033544875,0.9140729759243997,0.1060260417883469
0.00033557875,0.9137342140948188,0.1060260417883469
0.00033570875,0.9133954522652379,0.1056869725445372
0.00033583875,0.9137342140948188,0.1050088340569177
0.00033596875,0.9144117377539808,0.1067041802759663
0.00033609875,0.9174605942202091,0.1053479033007274
0.00033622875,0.9188156415385329,0.1067041802759663
0.00033635875,0.9201706888568566,0.1077213880073955
0.00033648875,0.9218644980047612,0.1060260417883469
0.00033661875,0.923558307152666,0.1060260417883469
0.00033674875,0.9245745926414087,0.1060260417883469
0.00033687875,0.9259296399597325,0.1060260417883469
0.00033700875,0.9249133544709897,0.1063651110321566
0.00033713875,0.9266071636188944,0.1063651110321566
0.00033726875,0.9272846872780562,0.107043249519776
0.00033739875,0.9296560200851227,0.1063651110321566
0.00033752875,0.9310110674034465,0.1063651110321566
0.00033765875,0.9313498292330274,0.1067041802759663
0.00033778875,0.9320273528921893,0.1080604572512052
0.00033791875,0.9327048765513511,0.1087385957388246
0.00033804875,0.933382400210513,0.1083995264950149
0.00033817875,0.9354149711879987,0.1080604572512052
0.00033830875,0.9367700185063224,0.107043249519776
0.00033843875,0.9384638276542271,0.1056869725445372
0.00033856875,0.9384638276542271,0.1050088340569177
0.00033869875,0.938802589483808,0.1073823187635857
0.00033882875,0.9404963986317126,0.1067041802759663
0.00033895875,0.9415126841204555,0.1080604572512052
0.00033908875,0.9428677314387792,0.1077213880073955
0.00033921875,0.9449003024162648,0.107043249519776
0.00033934875,0.9455778260754267,0.1073823187635857
0.00033947875,0.9469328733937504,0.1067041802759663
0.00033960875,0.9486266825416551,0.1056869725445372
0.00033973875,0.9476103970529123,0.1056869725445372
0.00033986875,0.9462553497345886,0.1056869725445372
0.00033999875,0.9472716352233314,0.1056869725445372
0.00034012875,0.948965444371236,0.1060260417883469
0.00034025875,0.9516755390078835,0.107043249519776
0.00034038875,0.9537081099853691,0.107043249519776
0.00034051875,0.9547243954741119,0.1077213880073955
0.00034064875,0.9564182046220165,0.1067041802759663
0.00034077875,0.9564182046220165,0.107043249519776
0.00034090875,0.9550631573036928,0.1060260417883469
0.00034103875,0.9560794427924356,0.1056869725445372
0.00034116875,0.9574344901107594,0.1056869725445372
0.00034129875,0.9577732519403404,0.1053479033007274
0.00034142875,0.9587895374290831,0.1063651110321566
0.00034155875,0.959467061088245,0.1060260417883469
0.00034168875,0.959467061088245,0.1063651110321566
0.00034181875,0.9604833465769878,0.1073823187635857
0.00034194875,0.9611608702361497,0.1067041802759663
0.00034207875,0.9618383938953116,0.1056869725445372
0.00034220875,0.9631934412136353,0.1067041802759663
0.00034233875,0.9635322030432162,0.1056869725445372
0.00034246875,0.9638709648727971,0.1043306955692983
0.00034259875,0.9665810595094446,0.1043306955692983
0.00034272875,0.9696299159756731,0.1053479033007274
0.00034285875,0.9706462014644158,0.104669764813108
0.00034298875,0.9716624869531586,0.1050088340569177
0.00034311875,0.9713237251235777,0.1043306955692983
0.00034324875,0.9730175342714824,0.104669764813108
0.00034337875,0.9716624869531586,0.1043306955692983
0.00034350875,0.9733562961010633,0.1056869725445372
0.00034363875,0.9740338197602252,0.1063651110321566
0.00034376875,0.9743725815898061,0.1060260417883469
0.00034389875,0.9760663907377107,0.1067041802759663
0.00034402875,0.9767439143968727,0.1060260417883469
0.00034415875,0.9767439143968727,0.1050088340569177
0.00034428875,0.9757276289081298,0.104669764813108
0.00034441875,0.9764051525672917,0.104669764813108
0.00034454875,0.9770826762264536,0.1056869725445372
0.00034467875,0.9777601998856155,0.1050088340569177
0.00034480875,0.9791152472039392,0.1039916263254886
0.00034493875,0.9760663907377107,0.1053479033007274
0.00034506875,0.9780989617151964,0.1050088340569177
0.00034519875,0.9791152472039392,0.1039916263254886
0.00034532875,0.9791152472039392,0.1039916263254886
0.00034545875,0.9801315326926819,0.1039916263254886
0.00034558875,0.9811478181814248,0.1029744185940594
0.00034571875,0.9808090563518439,0.1026353493502497
0.00034584875,0.979792770863101,0.10229628010644
0.00034597875,0.980470294522263,0.1016181416188205
0.00034610875,0.9838579128180722,0.1029744185940594
0.00034623875,0.9841966746476531,0.1039916263254886
0.00034636875,0.985551721965977,0.1036525570816789
0.00034649875,0.9862292456251388,0.1033134878378691
0.00034662875,0.9865680074547197,0.1016181416188205
0.00034675875,0.9858904837955579,0.1016181416188205
0.00034688875,0.9862292456251388,0.1006009338873914
0.00034701875,0.9875842929434625,0.1009400031312011
0.00034714875,0.985551721965977,0.1006009338873914
0.00034727875,0.9858904837955579,0.1012790723750108
0.00034740875,0.9875842929434625,0.1002618646435817
0.00034753875,0.9882618166026245,0.09992279539977196
0.00034766875,0.9892781020913672,0.1009400031312011
0.00034779875,0.9909719112392719,0.09958372615596224
0.00034792875,0.9909719112392719,0.09924465691215252
0.00034805875,0.9923269585575957,0.09958372615596224
0.00034818875,0.9926657203871766,0.09856651842453309
0.00034831875,0.9923269585575957,0.09754931069310394
0.00034844875,0.9919881967280146,0.09721024144929422
0.00034857875,0.9916494348984337,0.09721024144929422
0.00034870875,0.9940207677055003,0.09653210296167479
0.00034883875,0.995375815023824,0.09721024144929422
0.00034896875,0.9950370531942431,0.0968711722054845
0.00034909875,0.9946982913646621,0.09754931069310394
0.00034922875,0.9950370531942431,0.0968711722054845
0.00034935875,0.9957145768534049,0.09653210296167479
0.00034948875,0.995375815023824,0.0968711722054845
0.00034961875,0.995375815023824,0.09619303371786507
0.00034974875,0.995375815023824,0.09585396447405535
0.00034987875,0.9943595295350812,0.09517582598643591
0.00035000875,0.9943595295350812,0.09585396447405535
0.00035013875,0.9950370531942431,0.09551489523024563
0.00035026875,0.995375815023824,0.09551489523024563
0.00035039875,0.996053338682986,0.09585396447405535
0.00035052875,0.9970696241717287,0.09415861825500677
0.00035065875,0.9977471478308906,0.09381954901119705
0.00035078875,0.9974083860013097,0.09348047976738733
0.00035091875,0.9977471478308906,0.09348047976738733
0.00035104875,0.9984246714900524,0.09381954901119705
0.00035117875,0.9970696241717287,0.09415861825500677
0.00035130875,0.9974083860013097,0.09314141052357761
0.00035143875,0.9977471478308906,0.09280234127976789
0.00035156875,0.9980859096604715,0.09178513354833874
0.00035169875,0.9974083860013097,0.09144606430452902
0.00035182875,0.9967308623421478,0.09144606430452902
0.00035195875,0.9980859096604715,0.09178513354833874
0.00035208875,0.9991021951492143,0.0911069950607193
0.00035221875,1.000118480637957,0.09178513354833874
0.00035234875,1.000796004297119,0.09144606430452902
0.00035247875,1.001812289785862,0.0911069950607193
0.00035260875,1.002489813445024,0.08975071808548044
0.00035273875,1.001473527956281,0.08873351035405128
0.00035286875,1.000796004297119,0.08873351035405128
0.00035299875,1.000457242467538,0.089072579597861
0.00035312875,1.0011347661267,0.08941164884167072
0.00035325875,1.000457242467538,0.08873351035405128
0.00035338875,0.9991021951492143,0.08771630262262213
0.00035351875,0.9994409569787952,0.08839444111024156
0.00035364875,0.9994409569787952,0.08703816413500269
0.00035377875,0.9997797188083761,0.08737723337881241
0.00035390875,0.9987634333196334,0.08703816413500269
0.00035403875,0.9984246714900524,0.08636002564738325
0.00035416875,1.000118480637957,0.08534281791595411
0.00035429875,0.9997797188083761,0.08568188715976383
0.00035442875,0.9991021951492143,0.08432561018452495
0.00035455875,1.001812289785862,0.08398654094071523
0.00035468875,1.002151051615443,0.0833084024530958
0.00035481875,1.001473527956281,0.08263026396547636
0.00035494875,0.9984246714900524,0.0812739869902375
0.00035507875,0.9997797188083761,0.08093491774642778
0.00035520875,0.9994409569787952,0.08161305623404722
0.00035533875,0.9997797188083761,0.08059584850261806
0.00035546875,0.9997797188083761,0.07957864077118891
0.00035559875,1.000796004297119,0.08025677925880834
0.00035572875,1.001473527956281,0.08093491774642778
0.00035585875,1.002151051615443,0.07856143303975975
0.00035598875,1.0011347661267,0.07890050228356947
0.00035611875,0.9991021951492143,0.07923957152737919
0.00035624875,1.000796004297119,0.07856143303975975
0.00035637875,1.000457242467538,0.07754422530833059
0.00035650875,1.000796004297119,0.07686608682071117
0.00035663875,1.001812289785862,0.07720515606452089
0.00035676875,1.001812289785862,0.07652701757690145
0.00035689875,1.0011347661267,0.07584887908928201
0.00035702875,1.000457242467538,0.07584887908928201
0.00035715875,0.9997797188083761,0.07584887908928201
0.00035728875,0.9997797188083761,0.07550980984547229
0.00035741875,0.9994409569787952,0.07449260211404314
0.00035754875,0.9987634333196334,0.07449260211404314
0.00035767875,0.9991021951492143,0.07550980984547229
0.00035780875,0.9994409569787952,0.07415353287023342
0.00035793875,1.000796004297119,0.07347539438261398
0.00035806875,1.000118480637957,0.07279725589499456
0.00035819875,0.9994409569787952,0.07279725589499456
0.00035832875,0.9984246714900524,0.07211911740737512
0.00035845875,0.9967308623421478,0.07245818665118484
0.00035858875,0.9974083860013097,0.07144097891975568
0.00035871875,0.9970696241717287,0.07144097891975568
0.00035884875,0.9970696241717287,0.07144097891975568
0.00035897875,0.9967308623421478,0.07042377118832653
0.00035910875,0.9963921005125669,0.06940656345689737
0.00035923875,0.995375815023824,0.06974563270070709
0.00035936875,0.995375815023824,0.06974563270070709
0.00035949875,0.996053338682986,0.06906749421308765
0.00035962875,0.996053338682986,0.06805028648165851
0.00035975875,0.995375815023824,0.06737214799403907
0.00035988875,0.996053338682986,0.0660158710188002
0.00036001875,0.9933432440463384,0.06533773253118076
0.00036014875,0.9933432440463384,0.06669400950641964
0.00036027875,0.9923269585575957,0.06635494026260992
0.00036040875,0.9926657203871766,0.06533773253118076
0.00036053875,0.9936820058759194,0.06567680177499048
0.00036066875,0.9933432440463384,0.06432052479975162
0.00036079875,0.9940207677055003,0.06330331706832246
0.00036092875,0.9916494348984337,0.06330331706832246
0.00036105875,0.9916494348984337,0.06330331706832246
0.00036118875,0.9933432440463384,0.06160797084927387
0.00036131875,0.9916494348984337,0.06228610933689331
0.00036144875,0.9916494348984337,0.06025169387403501
0.00036157875,0.9892781020913672,0.05957355538641557
0.00036170875,0.9879230547730434,0.06059076311784473
0.00036183875,0.9879230547730434,0.05957355538641557
0.00036196875,0.9869067692843007,0.05787820916736698
0.00036209875,0.9869067692843007,0.05686100143593784
0.00036222875,0.9879230547730434,0.05686100143593784
0.00036235875,0.9869067692843007,0.05652193219212812
0.00036248875,0.9865680074547197,0.05652193219212812
0.00036261875,0.9841966746476531,0.0561828629483184
0.00036274875,0.9825028654997485,0.05550472446069896
0.00036287875,0.9818253418405867,0.05516565521688924
0.00036300875,0.9814865800110057,0.05482658597307952
0.00036313875,0.9814865800110057,0.05380937824165037
0.00036326875,0.9818253418405867,0.05177496277879207
0.00036339875,0.9811478181814248,0.05177496277879207
0.00036352875,0.980470294522263,0.05143589353498235
0.00036365875,0.980470294522263,0.05109682429117263
0.00036378875,0.980470294522263,0.05075775504736291
0.00036391875,0.979792770863101,0.04974054731593376
0.00036404875,0.9787764853743582,0.04940147807212404
0.00036417875,0.9787764853743582,0.0483842703406949
0.00036430875,0.9767439143968727,0.04940147807212404
0.00036443875,0.9770826762264536,0.04770613185307546
0.00036456875,0.9760663907377107,0.04634985487783658
0.00036469875,0.9760663907377107,0.04770613185307546
0.00036482875,0.9760663907377107,0.0466889241216463
0.00036495875,0.9740338197602252,0.04465450865878799
0.00036508875,0.9733562961010633,0.04329823168354913
0.00036521875,0.9726787724419015,0.04363730092735885
0.00036534875,0.9726787724419015,0.04295916243973941
0.00036547875,0.9716624869531586,0.04397637017116857
0.00036560875,0.9709849632939968,0.04397637017116857
0.00036573875,0.9703074396348349,0.04262009319592969
0.00036586875,0.9689523923165112,0.04363730092735885
0.00036599875,0.9682748686573492,0.04262009319592969
0.00036612875,0.9692911541460921,0.04194195470831026
0.00036625875,0.9682748686573492,0.04160288546450054
0.00036638875,0.9665810595094446,0.04126381622069082
0.00036651875,0.96488725036154,0.04058567773307138
0.00036664875,0.96488725036154,0.03922940075783252
0.00036677875,0.9638709648727971,0.03922940075783252
0.00036690875,0.9638709648727971,0.03990753924545196
0.00036703875,0.9652260121911209,0.03651684680735477
0.00036716875,0.9638709648727971,0.03787312378259364
0.00036729875,0.9608221084065687,0.03685591605116449
0.00036742875,0.9601445847474068,0.03448243134449647
0.00036755875,0.9587895374290831,0.03482150058830619
0.00036768875,0.9584507755995022,0.03414336210068675
0.00036781875,0.9581120137699213,0.0331261543692576
0.00036794875,0.9577732519403404,0.03278708512544788
0.00036807875,0.9574344901107594,0.03278708512544788
0.00036820875,0.9547243954741119,0.03210894663782844
0.00036833875,0.9550631573036928,0.03278708512544788
0.00036846875,0.9550631573036928,0.03210894663782844
0.00036859875,0.9547243954741119,0.03075266966258957
0.00036872875,0.9533693481557882,0.0293963926873507
0.00036885875,0.9537081099853691,0.02871825419973127
0.00036898875,0.9523530626670453,0.02770104646830212
0.00036911875,0.9509980153487216,0.0273619772244924
0.00036924875,0.9496429680303979,0.02770104646830212
0.00036937875,0.9479491588824932,0.02871825419973127
0.00036950875,0.9452390642458457,0.02770104646830212
0.00036963875,0.943884016927522,0.02668383873687296
0.00036976875,0.9449003024162648,0.02600570024925353
0.00036989875,0.9442227787571029,0.02668383873687296
0.00037002875,0.9432064932683601,0.02566663100544381
0.00037015875,0.9428677314387792,0.02532756176163409
0.00037028875,0.9415126841204555,0.02431035403020494
0.00037041875,0.9408351604612936,0.0215978000797272
0.00037054875,0.9401576368021317,0.0215978000797272
0.00037067875,0.9391413513133889,0.01956338461686889
0.00037080875,0.9377863039950652,0.01888524612924946
0.00037093875,0.9360924948471605,0.01854617688543974
0.00037106875,0.9347374475288368,0.01752896915401059
0.00037119875,0.9330436383809321,0.01786803839782031
0.00037132875,0.9327048765513511,0.01786803839782031
0.00037145875,0.9320273528921893,0.01651176142258143
0.00037158875,0.9306723055738656,0.01515548444734257
0.00037171875,0.9289784964259609,0.01549455369115228
0.00037184875,0.9286397345963799,0.01515548444734257
0.00037197875,0.928300972766799,0.0137992074721037
0.00037210875,0.9276234491076372,0.01346013822829398
0.00037223875,0.9252521163005706,0.01346013822829398
0.00037236875,0.9262684017893135,0.01210386125305511
0.00037249875,0.9242358308118278,0.01176479200924539
0.00037262875,0.9211869743455994,0.01142572276543567
0.00037275875,0.9191544033681138,0.0100694457901968
0.00037288875,0.9171218323906282,0.01074758427781624
0.00037301875,0.9161055469018854,0.0100694457901968
0.00037314875,0.9154280232427235,0.008713168814957931
0.00037327875,0.9161055469018854,0.009391307302577366
0.00037340875,0.9147504995835617,0.009391307302577366
0.00037353875,0.9123791667764951,0.008374099571148213
0.00037366875,0.912717928606076,0.006678753352099625
0.00037379875,0.9120404049469142,0.005322476376860756
0.00037392875,0.9120404049469142,0.003966199401621885
0.00037405875,0.9096690721398476,0.00328806091400245
0.00037418875,0.9086527866511048,0.003627130157812168
0.00037431875,0.9062814538440382,0.002948991670192732
0.00037444875,0.9052651683552955,0.002270853182573297
0.00037457875,0.9039101210369718,0.002609922426383015
0.00037470875,0.902216311889067,0.001592714694953862
0.00037483875,0.9039101210369718,0.0009145762073344267
0.00037496875,0.902216311889067,0.0005755069635247092
0.00037509875,0.9015387882299052,0.0002364377197149915
0.00037522875,0.9005225027411624,-0.0001026315240947261
0.00037535875,0.9005225027411624,-0.001119839255523879
0.00037548875,0.8981511699340958,-0.001458908499333596
0.00037561875,0.8964573607861912,-0.002815185474572467
0.00037574875,0.8944247898087055,-0.002815185474572467
0.00037587875,0.8917146951720581,-0.003493323962191902
0.00037600875,0.8910371715128963,-0.004171462449811337
0.00037613875,0.8893433623649916,-0.004171462449811337
0.00037626875,0.8886658387058297,-0.005527739425050207
0.00037639875,0.8879883150466679,-0.004849600937430773
0.00037652875,0.8869720295579251,-0.00654494715647936
0.00037665875,0.8842619349212776,-0.007562154887908513
0.00037678875,0.8822293639437919,-0.007223085644098796
0.00037691875,0.8812130784550491,-0.007562154887908513
0.00037704875,0.8795192693071445,-0.008240293375527948
0.00037717875,0.8788417456479826,-0.009596570350766819
0.00037730875,0.8774866983296589,-0.01027470883838625
0.00037743875,0.8757928891817542,-0.01027470883838625
0.00037756875,0.8751153655225923,-0.01095284732600569
0.00037769875,0.8744378418634304,-0.01095284732600569
0.00037782875,0.8727440327155258,-0.01095284732600569
0.00037795875,0.8710502235676211,-0.01129191656981541
0.00037808875,0.8696951762492974,-0.01264819354505428
0.00037821875,0.8686788907605546,-0.01366540127648343
0.00037834875,0.866307557953488,-0.01400447052029315
0.00037847875,0.8639362251464215,-0.01603888598315145
0.00037860875,0.861564892339355,-0.01773423220220004
0.00037873875,0.8605486068506122,-0.01773423220220004
0.00037886875,0.8595323213618694,-0.01773423220220004
0.00037899875,0.8578385122139647,-0.01807330144600976
0.00037912875,0.8551284175773172,-0.01875143993362919
0.00037925875,0.8534346084294125,-0.01875143993362919
0.00037938875,0.8530958465998316,-0.01909050917743891
0.00037951875,0.8527570847702507,-0.0207858553964875
0.00037964875,0.8517407992815079,-0.02214213237172637
0.00037977875,0.8493694664744413,-0.02315934010315552
0.00037990875,0.8480144191561176,-0.02315934010315552
0.00038003875,0.8453043245194701,-0.02349840934696524
0.00038016875,0.8446268008603083,-0.02417654783458468
0.00038029875,0.8425942298828226,-0.02519375556601383
0.00038042875,0.8415779443940798,-0.0265500325412527
0.00038055875,0.8402228970757561,-0.02688910178506242
0.00038068875,0.8381903260982705,-0.0265500325412527
0.00038081875,0.835480231461623,-0.02688910178506242
0.00038094875,0.8337864223137184,-0.02756724027268185
0.00038107875,0.8314150895066518,-0.02790630951649157
0.00038120875,0.8293825185291662,-0.02756724027268185
0.00038133875,0.8293825185291662,-0.02858444800411101
0.00038146875,0.8280274712108424,-0.02994072497934987
0.00038159875,0.8263336620629378,-0.02960165573554016
0.00038172875,0.8256561384037759,-0.03061886346696931
0.00038185875,0.8246398529150332,-0.03163607119839847
0.00038198875,0.8219297582783857,-0.03163607119839847
0.00038211875,0.8195584254713191,-0.03197514044220819
0.00038224875,0.8192196636417381,-0.03400955590506649
0.00038237875,0.8188809018121572,-0.0343486251488762
0.00038250875,0.814815759857186,-0.0343486251488762
0.00038263875,0.8141382361980242,-0.03468769439268592
0.00038276875,0.8124444270501194,-0.03570490212411508
0.00038289875,0.8114281415613767,-0.03672210985554422
0.00038302875,0.8104118560726339,-0.03740024834316366
0.00038315875,0.8077017614359864,-0.0363830406117345
0.00038328875,0.8066854759472436,-0.0363830406117345
0.00038341875,0.8036366194810152,-0.03773931758697338
0.00038354875,0.8036366194810152,-0.03740024834316366
0.00038367875,0.8002490011852058,-0.03773931758697338
0.00038380875,0.7975389065485584,-0.03875652531840253
0.00038393875,0.7972001447189775,-0.04011280229364141
0.00038406875,0.7965226210598155,-0.04011280229364141
0.00038419875,0.7961838592302346,-0.04146907926888027
0.00038432875,0.7931350027640062,-0.04180814851268999
0.00038445875,0.7900861462977778,-0.04282535624411914
0.00038458875,0.7873760516611303,-0.04316442548792886
0.00038471875,0.7860210043428066,-0.04350349473173858
0.00038484875,0.783988433365321,-0.04452070246316774
0.00038497875,0.7809395768990925,-0.04418163321935802
0.00038510875,0.7795845295807688,-0.04553791019459688
0.00038523875,0.7792457677511879,-0.0458769794384066
0.00038536875,0.7768744349441213,-0.0458769794384066
0.00038549875,0.7761969112849595,-0.04689418716983575
0.00038562875,0.773825578477893,-0.04723325641364547
0.00038575875,0.7711154838412455,-0.04825046414507463
0.00038588875,0.768405389204598,-0.04892860263269407
0.00038601875,0.7677278655454362,-0.04858953338888435
0.00038614875,0.7663728182271125,-0.05028487960793293
0.00038627875,0.7646790090792077,-0.05130208733936208
0.00038640875,0.7629851999313031,-0.05198022582698152
0.00038653875,0.7612913907833984,-0.05231929507079124
0.00038666875,0.7589200579763319,-0.05231929507079124
0.00038679875,0.7568874869988462,-0.05333650280222038
0.00038692875,0.7545161541917798,-0.0516411565831718
0.00038705875,0.7524835832142941,-0.05435371053364954
0.00038718875,0.7497734885776466,-0.05537091826507869
0.00038731875,0.747740917600161,-0.05537091826507869
0.00038744875,0.7467246321114183,-0.05604905675269813
0.00038757875,0.7453695847930945,-0.05570998750888841
0.00038770875,0.7436757756451898,-0.05638812599650785
0.00038783875,0.7406269191789614,-0.05774440297174671
0.00038796875,0.7382555863718948,-0.05808347221555643
0.00038809875,0.7362230153944093,-0.05943974919079531
0.00038822875,0.7345292062465045,-0.05910067994698559
0.00038835875,0.7335129207577618,-0.05876161070317587
0.00038848875,0.7314803497802762,-0.05977881843460502
0.00038861875,0.7304640642915333,-0.06045695692222446
0.00038874875,0.7301253024619524,-0.0611350954098439
0.00038887875,0.7277539696548859,-0.06181323389746332
0.00038900875,0.7247051131886575,-0.06215230314127304
0.00038913875,0.7216562567224291,-0.06079602616603418
0.00038926875,0.7196236857449435,-0.0611350954098439
0.00038939875,0.7192849239153626,-0.06249137238508276
0.00038952875,0.7165748292787151,-0.06418671860413136
0.00038965875,0.7125096873237439,-0.06384764936032164
0.00038978875,0.7114934018350011,-0.06622113406698966
0.00038991875,0.7091220690279345,-0.06418671860413136
0.00039004875,0.7081057835391917,-0.06486485709175079
0.00039017875,0.706411974391287,-0.06588206482317994
0.00039030875,0.7043794034138015,-0.06588206482317994
0.00039043875,0.701330546947573,-0.06656020331079937
0.00039056875,0.6982816904813446,-0.06689927255460909
0.00039069875,0.69658788133344,-0.06757741104222853
0.00039082875,0.6959103576742781,-0.0689336880174674
0.00039095875,0.6921839775488878,-0.0689336880174674
0.00039108875,0.6904901684009831,-0.0689336880174674
0.00039121875,0.6894738829122403,-0.06995089574889655
0.00039134875,0.6901514065714022,-0.0709681034803257
0.00039147875,0.6881188355939166,-0.07164624196794514
0.00039160875,0.6837149318093644,-0.07198531121175486
0.00039173875,0.681004837172717,-0.07232438045556458
0.00039186875,0.6782947425360695,-0.0726634496993743
0.00039199875,0.6759234097290029,-0.07300251894318401
0.00039212875,0.6738908387515173,-0.07334158818699373
0.00039225875,0.6715195059444508,-0.07401972667461316
0.00039238875,0.670503220455708,-0.07368065743080345
0.00039251875,0.6667768403303177,-0.07435879591842288
0.00039264875,0.6650830311824131,-0.07741041911271034
0.00039277875,0.6637279838640893,-0.07639321138128119
0.00039290875,0.6613566510570228,-0.07639321138128119
0.00039303875,0.6596628419091181,-0.07707134986890062
0.00039316875,0.6566139854428896,-0.07673228062509091
0.00039329875,0.6542426526358232,-0.07808855760032977
0.00039342875,0.6518713198287566,-0.07842762684413949
0.00039355875,0.6505162725104329,-0.07910576533175893
0.00039368875,0.6494999870216901,-0.07910576533175893
0.00039381875,0.6481449397033663,-0.07944483457556864
0.00039394875,0.6454348450667189,-0.07944483457556864
0.00039407875,0.6423859886004905,-0.0804620423069978
0.00039420875,0.6406921794525857,-0.0804620423069978
0.00039433875,0.6379820848159383,-0.08080111155080752
0.00039446875,0.6366270374976145,-0.08080111155080752
0.00039459875,0.6352719901792908,-0.08114018079461724
0.00039472875,0.6332394192018052,-0.0824964577698561
0.00039485875,0.6298518009059959,-0.08215738852604638
0.00039498875,0.6261254207806056,-0.08283552701366582
0.00039511875,0.6230765643143772,-0.0824964577698561
0.00039524875,0.6193501841889869,-0.0824964577698561
0.00039537875,0.6176563750410822,-0.08419180398890469
0.00039550875,0.6146075185748539,-0.08419180398890469
0.00039563875,0.6125749475973682,-0.08554808096414356
0.00039576875,0.6125749475973682,-0.08656528869557271
0.00039589875,0.6118974239382063,-0.08588715020795328
0.00039602875,0.6098648529607207,-0.08656528869557271
0.00039615875,0.6078322819832351,-0.08690435793938243
0.00039628875,0.6044446636874258,-0.08690435793938243
0.00039641875,0.6007182835620355,-0.08758249642700187
0.00039654875,0.5976694270958071,-0.08758249642700187
0.00039667875,0.5956368561183215,-0.08758249642700187
0.00039680875,0.5946205706295787,-0.08758249642700187
0.00039693875,0.5922492378225122,-0.08724342718319215
0.00039706875,0.5895391431858646,-0.08758249642700187
0.00039719875,0.5868290485492172,-0.0882606349146213
0.00039732875,0.5841189539125697,-0.08927784264605046
0.00039745875,0.5814088592759222,-0.09063411962128932
0.00039758875,0.5800538119575985,-0.0902950503774796
0.00039771875,0.577343717320951,-0.0902950503774796
0.00039784875,0.5742948608547226,-0.09131225810890876
0.00039797875,0.572601051706818,-0.09199039659652819
0.00039810875,0.5698909570701705,-0.09165132735271848
0.00039823875,0.5658258151151992,-0.09199039659652819
0.00039836875,0.5644707677968755,-0.09165132735271848
0.00039849875,0.5627769586489708,-0.09097318886509904
0.00039862875,0.561760673160228,-0.09131225810890876
0.00039875875,0.5590505785235805,-0.09165132735271848
0.00039888875,0.5563404838869331,-0.09334667357176707
0.00039901875,0.5553241983981902,-0.0940248120593865
0.00039914875,0.5536303892502856,-0.09436388130319621
0.00039927875,0.5522753419319619,-0.09504201979081565
0.00039940875,0.5482101999769907,-0.09572015827843509
0.00039953875,0.5444838198516004,-0.09605922752224481
0.00039966875,0.5417737252149529,-0.09572015827843509
0.00039979875,0.5387248687487245,-0.09673736600986424
0.00039992875,0.5383861069191436,-0.09673736600986424
0.00040005875,0.5356760122824961,-0.09639829676605452
0.00040018875,0.5333046794754296,-0.09707643525367396
0.00040031875,0.5305945848387821,-0.0977545737412934
0.00040044875,0.5272069665429727,-0.0977545737412934
0.00040057875,0.5248356337359062,-0.09843271222891282
0.00040070875,0.5221255390992587,-0.09809364298510312
0.00040083875,0.5180603971442875,-0.0977545737412934
0.00040096875,0.5160278261668019,-0.09843271222891282
0.00040109875,0.5143340170188972,-0.09741550449748368
0.00040122875,0.510607636893507,-0.09944991996034198
0.00040135875,0.5092525895751833,-0.09877178147272254
0.00040148875,0.5085750659160213,-0.09809364298510312
0.00040161875,0.5051874476202121,-0.09911085071653226
0.00040174875,0.5038324003018883,-0.09944991996034198
0.00040187875,0.5017998293244027,-0.09944991996034198
0.00040200875,0.4984122110285934,-0.09944991996034198
0.00040213875,0.4957021163919459,-0.0997889892041517
0.00040226875,0.4919757362665556,-0.0997889892041517
0.00040239875,0.4889268798003272,-0.1004671276917711
0.00040252875,0.4862167851636797,-0.1011452661793906
0.00040265875,0.4852004996749369,-0.1021624739108197
0.00040278875,0.4828291668678704,-0.1025015431546294
0.00040291875,0.4818128813791276,-0.1021624739108197
0.00040304875,0.479780310401642,-0.1028406123984392
0.00040317875,0.4757151684466708,-0.1031796816422489
0.00040330875,0.4723275501508614,-0.1031796816422489
0.00040343875,0.4702949791733758,-0.1028406123984392
0.00040356875,0.4672461227071474,-0.1031796816422489
0.00040369875,0.4645360280704999,-0.1038578201298683
0.00040382875,0.4608096479451096,-0.1038578201298683
0.00040395875,0.4574220296493003,-0.1045359586174878
0.00040408875,0.4550506968422338,-0.1045359586174878
0.00040421875,0.4530181258647482,-0.1035187508860586
0.00040434875,0.4509855548872626,-0.1045359586174878
0.00040447875,0.4492917457393579,-0.1038578201298683
0.00040460875,0.4479366984210342,-0.1038578201298683
0.00040473875,0.4448878419548057,-0.1031796816422489
0.00040486875,0.4425165091477392,-0.1031796816422489
0.00040499875,0.438451367192768,-0.104196889373678
0.00040512875,0.4357412725561206,-0.1052140971051072
0.00040525875,0.433031177919473,-0.1048750278612975
0.00040538875,0.4320148924307303,-0.1045359586174878
0.00040551875,0.4296435596236637,-0.1052140971051072
0.00040564875,0.4262559413278544,-0.1048750278612975
0.00040577875,0.4238846085207878,-0.1048750278612975
0.00040590875,0.4215132757137213,-0.1055531663489169
0.00040603875,0.417786895588331,-0.1058922355927266
0.00040616875,0.4160930864404263,-0.1065703740803461
0.00040629875,0.4143992772925217,-0.1065703740803461
0.00040642875,0.4096566116783886,-0.1055531663489169
0.00040655875,0.4066077552121602,-0.1055531663489169
0.00040668875,0.4045751842346746,-0.1069094433241558
0.00040681875,0.4008488041092843,-0.1052140971051072
0.00040694875,0.3984774713022177,-0.1065703740803461
0.00040707875,0.3967836621543131,-0.1075875818117752
0.00040720875,0.3954286148359893,-0.1075875818117752
0.00040733875,0.3927185201993418,-0.1065703740803461
0.00040746875,0.3896696637331135,-0.1065703740803461
0.00040759875,0.386620807266885,-0.1072485125679655
0.00040772875,0.3828944271414947,-0.1069094433241558
0.00040785875,0.3795068088456854,-0.1075875818117752
0.00040798875,0.3784905233569426,-0.1086047895432044
0.00040811875,0.3744253814019714,-0.1089438587870141
0.00040824875,0.3703602394470002,-0.1089438587870141
0.00040837875,0.3679889066399337,-0.1089438587870141
0.00040850875,0.366295097492029,-0.1082657202993946
0.00040863875,0.3639237646849625,-0.1079266510555849
0.00040876875,0.3615524318778959,-0.1082657202993946
0.00040889875,0.3601973845595722,-0.1079266510555849
0.00040902875,0.3571485280933437,-0.1086047895432044
0.00040915875,0.3551159571158581,-0.1072485125679655
0.00040928875,0.3524058624792107,-0.1082657202993946
0.00040941875,0.3486794823538204,-0.1079266510555849
0.00040954875,0.3449531022284301,-0.1075875818117752
0.00040967875,0.3435980549101064,-0.1075875818117752
0.00040980875,0.340549198443878,-0.1072485125679655
0.00040993875,0.3368228183184877,-0.1072485125679655
0.00041006875,0.3344514855114212,-0.1069094433241558
0.00041019875,0.3347902473410021,-0.1079266510555849
0.00041032875,0.3330964381930974,-0.1103001357622529
0.00041045875,0.3293700580677071,-0.1106392050060627
0.00041058875,0.3253049161127359,-0.1089438587870141
0.00041071875,0.3222560596465075,-0.1069094433241558
0.00041084875,0.31954596500986,-0.1079266510555849
0.00041097875,0.3158195848844698,-0.1089438587870141
0.00041110875,0.3127707284182413,-0.1092829280308238
0.00041123875,0.3100606337815939,-0.1089438587870141
0.00041136875,0.3073505391449464,-0.1086047895432044
0.00041149875,0.3046404445082989,-0.1092829280308238
0.00041162875,0.3012528262124896,-0.1096219972746335
0.00041175875,0.299220255235004,-0.1096219972746335
0.00041188875,0.2954938751096137,-0.1103001357622529
0.00041201875,0.29413882779129,-0.1092829280308238
0.00041214875,0.2907512094954806,-0.1086047895432044
0.00041227875,0.288718638517995,-0.1086047895432044
0.00041240875,0.2860085438813476,-0.1089438587870141
0.00041253875,0.2843147347334429,-0.1099610665184432
0.00041266875,0.2819434019263763,-0.1103001357622529
0.00041279875,0.2795720691193098,-0.1089438587870141
0.00041292875,0.2758456889939195,-0.1079266510555849
0.00041305875,0.2717805470389483,-0.1072485125679655
0.00041318875,0.268392928743139,-0.1072485125679655
0.00041331875,0.2643277867881678,-0.1075875818117752
0.00041344875,0.2616176921515203,-0.1079266510555849
0.00041357875,0.2589075975148728,-0.1086047895432044
0.00041370875,0.25789131202613,-0.1096219972746335
0.00041383875,0.2555199792190634,-0.1099610665184432
0.00041396875,0.2531486464119969,-0.1096219972746335
0.00041409875,0.2494222662866066,-0.1086047895432044
0.00041422875,0.2453571243316354,-0.1082657202993946
0.00041435875,0.2426470296949879,-0.1082657202993946
0.00041448875,0.2409532205470833,-0.1086047895432044
0.00041461875,0.2395981732287595,-0.1086047895432044
0.00041474875,0.2365493167625311,-0.1075875818117752
0.00041487875,0.2338392221258837,-0.1069094433241558
0.00041500875,0.232145412977979,-0.1065703740803461
0.00041513875,0.2280802710230078,-0.1089438587870141
0.00041526875,0.2229988435792938,-0.1072485125679655
0.00041539875,0.2206275107722272,-0.1075875818117752
0.00041552875,0.2199499871130653,-0.1075875818117752
0.00041565875,0.2162236069876751,-0.1052140971051072
0.00041578875,0.2131747505214467,-0.1052140971051072
0.00041591875,0.2104646558847992,-0.1052140971051072
0.00041604875,0.2070770375889898,-0.1052140971051072
0.00041617875,0.2043669429523424,-0.1065703740803461
0.00041630875,0.201318086486114,-0.1069094433241558
0.00041643875,0.2003018009973711,-0.1052140971051072
0.00041656875,0.1969141827015618,-0.1045359586174878
0.00041669875,0.1945428498944953,-0.1055531663489169
0.00041682875,0.1935265644057525,-0.1069094433241558
0.00041695875,0.1894614224507812,-0.1069094433241558
0.00041708875,0.1864125659845528,-0.1058922355927266
0.00041721875,0.1833637095183244,-0.1048750278612975
0.00041734875,0.1809923767112579,-0.1045359586174878
0.00041747875,0.1792985675633532,-0.1052140971051072
0.00041760875,0.1755721874379629,-0.1052140971051072
0.00041773875,0.1728620928013155,-0.1058922355927266
0.00041786875,0.1687969508463442,-0.1058922355927266
0.00041799875,0.1633767615730493,-0.1028406123984392
0.00041812875,0.1616829524251446,-0.1052140971051072
0.00041825875,0.1589728577884972,-0.1045359586174878
0.00041838875,0.1555852394926878,-0.1035187508860586
0.00041851875,0.1538914303447831,-0.1035187508860586
0.00041864875,0.1508425738785547,-0.1035187508860586
0.00041877875,0.1481324792419073,-0.10182340466701
0.00041890875,0.1450836227756788,-0.1014843354232003
0.00041903875,0.1430510517981932,-0.1014843354232003
0.00041916875,0.1406797189911267,-0.1025015431546294
0.00041929875,0.1372921006953174,-0.1014843354232003
0.00041942875,0.1355982915474127,-0.1014843354232003
0.00041955875,0.1315331495924415,-0.10182340466701
0.00041968875,0.1284842931262131,-0.1014843354232003
0.00041981875,0.1250966748304037,-0.1025015431546294
0.00041994875,0.1227253420233372,-0.1025015431546294
0.00042007875,0.1196764855571088,-0.1021624739108197
0.00042020875,0.1152725817725566,-0.10182340466701
0.00042033875,0.113240010795071,-0.10182340466701
0.00042046875,0.1115462016471663,-0.1008061969355808
0.00042059875,0.1088361070105189,-0.1004671276917711
0.00042072875,0.1047709650555477,-0.09944991996034198
0.00042085875,0.1017221085893193,-0.1004671276917711
0.00042098875,0.09799572846392897,-0.09944991996034198
0.00042111875,0.09494687199770056,-0.09911085071653226
0.00042124875,0.09393058650895776,-0.1001280584479614
0.00042137875,0.09088173004272934,-0.09843271222891282
0.00042150875,0.08817163540608187,-0.09707643525367396
0.00042163875,0.08613906442859627,-0.09673736600986424
0.00042176875,0.08241268430320599,-0.09809364298510312
0.00042189875,0.07902506600739664,-0.09877178147272254
0.00042202875,0.0756374477115873,-0.09741550449748368
0.00042215875,0.0736048767341017,-0.09605922752224481
0.00042228875,0.07157230575661609,-0.09639829676605452
0.00042241875,0.06818468746080675,-0.09572015827843509
0.00042254875,0.0647970691649974,-0.09605922752224481
0.00042267875,0.06140945086918806,-0.09639829676605452
0.00042280875,0.05734430891421684,-0.09673736600986424
0.00042293875,0.0549729761071503,-0.09605922752224481
0.00042306875,0.05260164330008377,-0.09572015827843509
0.00042319875,0.05090783415217909,-0.09470295054700593
0.00042332875,0.04684269219720788,-0.09470295054700593
0.00042345875,0.04277755024223666,-0.09368574281557679
0.00042358875,0.04277755024223666,-0.09436388130319621
0.00042371875,0.03972869377600825,-0.09232946584033791
0.00042384875,0.03634107548019891,-0.09300760432795735
0.00042397875,0.0332922190139705,-0.09334667357176707
0.00042410875,0.02956583888858022,-0.09232946584033791
0.00042423875,0.02617822059277088,-0.09334667357176707
0.00042436875,0.02583945876318994,-0.09266853508414763
0.00042449875,0.02279060229696154,-0.09199039659652819
0.00042462875,0.01872546034199032,-0.09097318886509904
0.00042475875,0.01466031838701911,-0.09063411962128932
0.00042488875,0.0116114619207907,-0.09097318886509904
0.00042501875,0.008562605454562293,-0.09131225810890876
0.00042514875,0.006191272647495753,-0.09097318886509904
0.00042527875,0.003481178010848278,-0.09063411962128932
0.00042540875,0.000771083374200803,-0.08927784264605046
0.00042553875,-0.003294058580770409,-0.08961691188986018
0.00042566875,-0.005326629558256015,-0.08893877340224074
0.00042579875,-0.007359200535741622,-0.08792156567081158
0.00042592875,-0.0110855806611319,-0.08724342718319215
0.00042605875,-0.01413443712736031,-0.08656528869557271
0.00042618875,-0.01752205542316965,-0.08656528869557271
0.00042631875,-0.02023215005981713,-0.08758249642700187
0.00042644875,-0.0229422446964646,-0.08486994247652413
0.00042657875,-0.02497481567395021,-0.08724342718319215
0.00042670875,-0.02802367214017862,-0.08622621945176299
0.00042683875,-0.03107252860640703,-0.08486994247652413
0.00042696875,-0.03242757592473076,-0.08554808096414356
0.00042709875,-0.03513767056137825,-0.08554808096414356
0.00042722875,-0.03750900336844477,-0.08486994247652413
0.00042735875,-0.04021909800509225,-0.08317459625747554
0.00042748875,-0.0446230017896444,-0.0824964577698561
0.00042761875,-0.04834938191503468,-0.0824964577698561
0.00042774875,-0.05173700021084403,-0.08283552701366582
0.00042787875,-0.05478585667707243,-0.0824964577698561
0.00042800875,-0.0564796658249771,-0.08147925003842695
0.00042813875,-0.05952852229120552,-0.08114018079461724
0.00042826875,-0.06257737875743392,-0.08012297306318808
0.00042839875,-0.06596499705324327,-0.07876669608794921
0.00042852875,-0.06867509168989074,-0.07842762684413949
0.00042865875,-0.07172394815611914,-0.07842762684413949
0.00042878875,-0.07443404279276662,-0.07808855760032977
0.00042891875,-0.07680537559983316,-0.07808855760032977
0.00042904875,-0.0781604229181569,-0.07808855760032977
0.00042917875,-0.08120927938438531,-0.07876669608794921
0.00042930875,-0.08459689768019465,-0.07605414213747147
0.00042943875,-0.0869682304872612,-0.07673228062509091
0.00042956875,-0.09069461061265147,-0.07503693440604231
0.00042969875,-0.09374346707887989,-0.07334158818699373
0.00042982875,-0.09442099073804175,-0.07435879591842288
0.00042995875,-0.09780860903385109,-0.0746978651622326
0.00043008875,-0.1015349891592414,-0.07435879591842288
0.00043021875,-0.1056001311142126,-0.07300251894318401
0.00043034875,-0.1089877494100219,-0.07232438045556458
0.00043047875,-0.1123753677058313,-0.07232438045556458
0.00043060875,-0.113730415024155,-0.07232438045556458
0.00043073875,-0.1167792714903834,-0.07198531121175486
0.00043086875,-0.11915060429745,-0.07130717272413542
0.00043099875,-0.1225382225932593,-0.0709681034803257
0.00043112875,-0.1249095554003258,-0.07130717272413542
0.00043125875,-0.1282971736961352,-0.07062903423651599
0.00043138875,-0.1320235538215255,-0.06995089574889655
0.00043151875,-0.1350724102877539,-0.06927275726127712
0.00043164875,-0.1364274576060776,-0.06927275726127712
0.00043177875,-0.1387987904131442,-0.06825554952984797
0.00043190875,-0.1415088850497916,-0.06859461877365768
0.00043203875,-0.144896503345601,-0.06757741104222853
0.00043216875,-0.1486228834709913,-0.06520392633556051
0.00043229875,-0.1509942162780578,-0.06554299557937023
0.00043242875,-0.1537043109147053,-0.06418671860413136
0.00043255875,-0.1581082146992574,-0.06384764936032164
0.00043268875,-0.1594632620175812,-0.06554299557937023
0.00043281875,-0.1618345948246477,-0.06486485709175079
0.00043294875,-0.1648834512908761,-0.06384764936032164
0.00043307875,-0.1675935459275236,-0.06249137238508276
0.00043320875,-0.1713199260529139,-0.06147416465365362
0.00043333875,-0.1743687825191423,-0.0611350954098439
0.00043346875,-0.1764013534966279,-0.06181323389746332
0.00043359875,-0.1784339244741135,-0.06249137238508276
0.00043372875,-0.1814827809403419,-0.06215230314127304
0.00043385875,-0.1845316374065703,-0.06181323389746332
0.00043398875,-0.1855479228953131,-0.0611350954098439
0.00043411875,-0.1899518266798652,-0.06011788767841474
0.00043424875,-0.1923231594869318,-0.05910067994698559
0.00043437875,-0.1950332541235792,-0.05842254145936615
0.00043450875,-0.1987596342489695,-0.05706626448412729
0.00043463875,-0.2021472525447789,-0.05706626448412729
0.00043476875,-0.2058736326701691,-0.05740533372793701
0.00043489875,-0.2099387746251404,-0.05570998750888841
0.00043502875,-0.2126488692617878,-0.05638812599650785
0.00043515875,-0.2146814402392734,-0.05537091826507869
0.00043528875,-0.2180690585350828,-0.05469277977745926
0.00043541875,-0.2207791531717303,-0.05469277977745926
0.00043554875,-0.2234892478083777,-0.05401464128983982
0.00043567875,-0.2261993424450252,-0.05198022582698152
0.00043580875,-0.2285706752520918,-0.05198022582698152
0.00043593875,-0.2316195317183202,-0.0516411565831718
0.00043606875,-0.2333133408662248,-0.05198022582698152
0.00043619875,-0.2350071500141295,-0.05130208733936208
0.00043632875,-0.2380560064803579,-0.05096301809555237
0.00043645875,-0.2394110537986817,-0.05028487960793293
0.00043658875,-0.2438149575832338,-0.04960674112031349
0.00043671875,-0.247880099538205,-0.04960674112031349
0.00043684875,-0.2519452414931762,-0.04858953338888435
0.00043697875,-0.2526227651523381,-0.04757232565745519
0.00043710875,-0.2566879071073093,-0.04655511792602604
0.00043723875,-0.2587204780847949,-0.04655511792602604
0.00043736875,-0.2610918108918615,-0.04655511792602604
0.00043749875,-0.2658344765059945,-0.0458769794384066
0.00043762875,-0.268544571142642,-0.04655511792602604
0.00043775875,-0.2712546657792895,-0.04519884095078716
0.00043788875,-0.2732872367567751,-0.04452070246316774
0.00043801875,-0.2766748550525844,-0.04316442548792886
0.00043814875,-0.2807399970075556,-0.04146907926888027
0.00043827875,-0.284127615303365,-0.04214721775649971
0.00043840875,-0.2864989481104315,-0.04180814851268999
0.00043853875,-0.2881927572583362,-0.04180814851268999
0.00043866875,-0.2881927572583362,-0.04079094078126083
0.00043879875,-0.2915803755541456,-0.0380783868307831
0.00043892875,-0.2939517083612121,-0.03706117909935394
0.00043905875,-0.2963230411682786,-0.0380783868307831
0.00043918875,-0.299710659464088,-0.0380783868307831
0.00043931875,-0.3027595159303164,-0.03841745607459281
0.00043944875,-0.3051308487373829,-0.03740024834316366
0.00043957875,-0.3085184670331922,-0.03570490212411508
0.00043970875,-0.3105510380106778,-0.03536583288030536
0.00043983875,-0.3132611326473254,-0.03468769439268592
0.00043996875,-0.3159712272839728,-0.03400955590506649
0.00044009875,-0.3193588455797822,-0.03265327892982761
0.00044022875,-0.3224077020460105,-0.03265327892982761
0.00044035875,-0.3247790348530771,-0.03265327892982761
0.00044048875,-0.3281666531488864,-0.03163607119839847
0.00044061875,-0.3295217004672102,-0.03197514044220819
0.00044074875,-0.3318930332742767,-0.03061886346696931
0.00044087875,-0.3346031279109242,-0.02994072497934987
0.00044100875,-0.3373132225475717,-0.03061886346696931
0.00044113875,-0.3400233171842192,-0.02892351724792072
0.00044126875,-0.3444272209687713,-0.02926258649173044
0.00044139875,-0.3484923629237425,-0.02790630951649157
0.00044152875,-0.3505249339012281,-0.02722817102887213
0.00044165875,-0.3532350285378756,-0.0265500325412527
0.00044178875,-0.3549288376857803,-0.0265500325412527
0.00044191875,-0.3583164559815896,-0.02587189405363326
0.00044204875,-0.3620428361069799,-0.02519375556601383
0.00044217875,-0.3633978834253037,-0.02417654783458468
0.00044230875,-0.3657692162323702,-0.0228202708593458
0.00044243875,-0.3678017872098558,-0.02248120161553609
0.00044256875,-0.3701731200169223,-0.02112492464029722
0.00044269875,-0.3728832146535698,-0.02112492464029722
0.00044282875,-0.3752545474606364,-0.01976864766505835
0.00044295875,-0.377287118438122,-0.01942957842124863
0.00044308875,-0.3806747367339313,-0.01909050917743891
0.00044321875,-0.3837235932001597,-0.01909050917743891
0.00044334875,-0.3871112114959691,-0.01909050917743891
0.00044347875,-0.3908375916213593,-0.01773423220220004
0.00044360875,-0.392192638939683,-0.01739516295839032
0.00044373875,-0.3938864480875877,-0.01671702447077089
0.00044386875,-0.3972740663833971,-0.01468260900791258
0.00044399875,-0.3996453991904636,-0.01536074749553202
0.00044412875,-0.403033017486273,-0.0150216782517223
0.00044425875,-0.4043880648045967,-0.01468260900791258
0.00044438875,-0.4081144449299869,-0.0150216782517223
0.00044451875,-0.4128571105441201,-0.01434353976410286
0.00044464875,-0.4165834906695103,-0.01434353976410286
0.00044477875,-0.4186160616469959,-0.01230912430124456
0.00044490875,-0.4199711089653197,-0.01163098581362512
0.00044503875,-0.4220036799428053,-0.01061377808219597
0.00044516875,-0.423358727261129,-0.009257501106957101
0.00044529875,-0.4247137745794528,-0.008240293375527948
0.00044542875,-0.428440154704843,-0.007562154887908513
0.00044555875,-0.4301339638527477,-0.008240293375527948
0.00044568875,-0.433860343978138,-0.00790122413171823
0.00044581875,-0.4355541531260427,-0.007223085644098796
0.00044594875,-0.4382642477626901,-0.006884016400289078
0.00044607875,-0.4419906278880804,-0.005866808668859925
0.00044620875,-0.4433456752064042,-0.004849600937430773
0.00044633875,-0.4460557698430516,-0.003832393206001619
0.00044646875,-0.4484271026501181,-0.003832393206001619
0.00044659875,-0.4511371972867657,-0.003493323962191902
0.00044672875,-0.4538472919234131,-0.002815185474572467
0.00044685875,-0.4575736720488034,-0.002476116230762749
0.00044698875,-0.4619775758333555,-0.001458908499333596
0.00044711875,-0.4643489086404221,-0.001797977743143314
0.00044724875,-0.4653651941291649,-0.001458908499333596
0.00044737875,-0.4684140505953933,-0.0004417007679044436
0.00044750875,-0.4714629070616217,0.0005755069635247092
0.00044763875,-0.4738342398686882,0.0009145762073344267
0.00044776875,-0.4748505253574311,0.002609922426383015
0.00044789875,-0.4785769054828213,0.00328806091400245
0.00044802875,-0.4806094764603069,0.00328806091400245
0.00044815875,-0.4819645237786306,0.00328806091400245
0.00044828875,-0.4836583329265353,0.005322476376860756
0.00044841875,-0.4870459512223447,0.00600061486448019
0.00044854875,-0.4887397603702494,0.006678753352099625
0.00044867875,-0.4917886168364777,0.007356891839719061
0.00044880875,-0.4948374733027062,0.008035030327338495
0.00044893875,-0.4985638534280964,0.008713168814957931
0.00044906875,-0.5005964244055821,0.0100694457901968
0.00044919875,-0.5039840427013914,0.01040851503400652
0.00044932875,-0.5056778518492961,0.01108665352162595
0.00044945875,-0.5080491846563626,0.01176479200924539
0.00044958875,-0.5104205174634292,0.01108665352162595
0.00044971875,-0.5124530884409149,0.01142572276543567
0.00044984875,-0.5158407067367241,0.01176479200924539
0.00044997875,-0.5158407067367241,0.01210386125305511
0.00045010875,-0.5185508013733716,0.01278199974067454
0.00045023875,-0.5205833723508573,0.01447734595972313
0.00045036875,-0.5243097524762476,0.01481641520353285
0.00045049875,-0.5280361326016377,0.015833622934962
0.00045062875,-0.5314237508974471,0.01651176142258143
0.00045075875,-0.5351501310228374,0.01718989991020087
0.00045088875,-0.5378602256594849,0.01685083066639115
0.00045101875,-0.5385377493186467,0.01820710764163002
0.00045114875,-0.542264129444037,0.01956338461686889
0.00045127875,-0.5432804149327798,0.01956338461686889
0.00045140875,-0.5432804149327798,0.01956338461686889
0.00045153875,-0.547345556887751,0.02024152310448833
0.00045166875,-0.5500556515243985,0.0215978000797272
0.00045179875,-0.5534432698202079,0.02125873083591748
0.00045192875,-0.5551370789681125,0.02058059234829805
0.00045205875,-0.5575084117751791,0.02261500781115635
0.00045218875,-0.55784717360476,0.02295407705496607
0.00045231875,-0.5595409827526647,0.02329314629877579
0.00045244875,-0.5619123155597312,0.02498849251782437
0.00045257875,-0.5646224101963787,0.02566663100544381
0.00045270875,-0.5669937430034452,0.02600570024925353
0.00045283875,-0.568348790321769,0.02702290798068268
0.00045296875,-0.5717364086175784,0.0273619772244924
0.00045309875,-0.5754627887429686,0.02837918495592155
0.00045322875,-0.5778341215500351,0.02804011571211183
0.00045335875,-0.5791891688683589,0.02905732344354099
0.00045348875,-0.5815605016754254,0.02871825419973127
0.00045361875,-0.5856256436303966,0.0293963926873507
0.00045374875,-0.589013261926206,0.03075266966258957
0.00045387875,-0.5910458329036916,0.03143080815020901
0.00045400875,-0.5927396420515962,0.03176987739401872
0.00045413875,-0.5940946893699199,0.03244801588163816
0.00045426875,-0.5954497366882437,0.03278708512544788
0.00045439875,-0.599176116813634,0.0331261543692576
0.00045452875,-0.6022249732798625,0.03380429285687703
0.00045465875,-0.6052738297460908,0.03549963907592563
0.00045478875,-0.6076451625531574,0.03414336210068675
0.00045491875,-0.6086614480419001,0.03516056983211591
0.00045504875,-0.6103552571898049,0.03583870831973533
0.00045517875,-0.6123878281672904,0.03583870831973533
0.00045530875,-0.6178080174405854,0.03753405453878393
0.00045543875,-0.6191630647589091,0.03787312378259364
0.00045556875,-0.6208568739068138,0.03922940075783252
0.00045569875,-0.6218731593955567,0.04024660848926166
0.00045582875,-0.6235669685434613,0.03990753924545196
0.00045595875,-0.6259383013505279,0.04024660848926166
0.00045608875,-0.6293259196463371,0.04024660848926166
0.00045621875,-0.6310197287942418,0.0409247469768811
0.00045634875,-0.6330522997717274,0.04024660848926166
0.00045647875,-0.635423632578794,0.04058567773307138
0.00045660875,-0.6377949653858606,0.0409247469768811
0.00045673875,-0.6411825836816699,0.04194195470831026
0.00045686875,-0.6442314401478982,0.04465450865878799
0.00045699875,-0.6462640111253839,0.04465450865878799
0.00045712875,-0.6479578202732885,0.04499357790259771
0.00045725875,-0.6493128675916123,0.04567171639021715
0.00045738875,-0.6516842003986788,0.04702799336545602
0.00045751875,-0.6530392477170026,0.04804520109688518
0.00045764875,-0.65574934235365,0.04770613185307546
0.00045777875,-0.6594757224790403,0.04940147807212404
0.00045790875,-0.661169531626945,0.04940147807212404
0.00045803875,-0.6628633407748497,0.04906240882831432
0.00045816875,-0.6645571499227544,0.0504186858035532
0.00045829875,-0.6655734354114972,0.05075775504736291
0.00045842875,-0.6682835300481446,0.05075775504736291
0.00045855875,-0.6709936246847921,0.05143589353498235
0.00045868875,-0.6726874338326968,0.05279217051022121
0.00045881875,-0.6753975284693442,0.05313123975403093
0.00045894875,-0.676752575787668,0.05347030899784065
0.00045907875,-0.6774300994468299,0.05380937824165037
0.00045920875,-0.6798014322538963,0.05347030899784065
0.00045933875,-0.6838665742088675,0.05414844748546009
0.00045946875,-0.6872541925046769,0.05414844748546009
0.00045959875,-0.6899642871413244,0.05482658597307952
0.00045972875,-0.6926743817779719,0.0561828629483184
0.00045985875,-0.6930131436075528,0.05787820916736698
0.00045998875,-0.6947069527554575,0.0582172784111767
0.00046011875,-0.6960620000737813,0.05787820916736698
0.00046024875,-0.6980945710512668,0.05957355538641557
0.00046037875,-0.7004659038583334,0.05889541689879614
0.00046050875,-0.7048698076428855,0.05889541689879614
0.00046063875,-0.7065636167907902,0.05923448614260585
0.00046076875,-0.7069023786203711,0.05957355538641557
0.00046089875,-0.7102899969161804,0.05991262463022529
0.00046102875,-0.7119838060640852,0.06160797084927387
0.00046115875,-0.713000091552828,0.06262517858070303
0.00046128875,-0.7133388533824089,0.06330331706832246
0.00046141875,-0.7146939007007326,0.06296424782451274
0.00046154875,-0.7184202808261229,0.06330331706832246
0.00046167875,-0.7201140899740276,0.06296424782451274
0.00046180875,-0.7214691372923513,0.0639814555559419
0.00046193875,-0.7238404700994179,0.06432052479975162
0.00046206875,-0.7268893265656463,0.06567680177499048
0.00046219875,-0.7295994212022937,0.06635494026260992
0.00046232875,-0.7309544685206175,0.06635494026260992
0.00046245875,-0.7323095158389412,0.0660158710188002
0.00046258875,-0.7353583723051696,0.06635494026260992
0.00046271875,-0.7390847524305599,0.06737214799403907
0.00046284875,-0.7397622760897218,0.06771121723784879
0.00046297875,-0.7407785615784646,0.06771121723784879
0.00046310875,-0.7411173234080455,0.06771121723784879
0.00046323875,-0.7434886562151121,0.06974563270070709
0.00046336875,-0.7455212271925976,0.07008470194451681
0.00046349875,-0.7465375126813405,0.07042377118832653
0.00046362875,-0.7499251309771497,0.07076284043213625
0.00046375875,-0.7526352256137973,0.07042377118832653
0.00046388875,-0.75365151110254,0.07144097891975568
0.00046401875,-0.7556840820800257,0.07279725589499456
0.00046414875,-0.7587329385462541,0.07279725589499456
0.00046427875,-0.7597492240349969,0.07347539438261398
0.00046440875,-0.7611042713533206,0.0738144636264237
0.00046453875,-0.7611042713533206,0.0738144636264237
0.00046466875,-0.7634756041603872,0.07347539438261398
0.00046479875,-0.7665244606266156,0.07415353287023342
0.00046492875,-0.7685570316041012,0.07415353287023342
0.00046505875,-0.7709283644111677,0.07449260211404314
0.00046518875,-0.7722834117294914,0.07517074060166258
0.00046531875,-0.7743159827069771,0.07584887908928201
0.00046544875,-0.7763485536844627,0.07754422530833059
0.00046557875,-0.7766873155140436,0.07923957152737919
0.00046570875,-0.7800749338098529,0.07957864077118891
0.00046583875,-0.7810912192985957,0.08059584850261806
0.00046596875,-0.7821075047873386,0.07957864077118891
0.00046609875,-0.784817599423986,0.08195212547785692
0.00046622875,-0.7868501704014716,0.0812739869902375
0.00046635875,-0.7888827413789572,0.07957864077118891
0.00046648875,-0.7922703596747666,0.07957864077118891
0.00046661875,-0.7939641688226713,0.08059584850261806
0.00046674875,-0.7946416924818331,0.08059584850261806
0.00046687875,-0.795319216140995,0.08093491774642778
0.00046700875,-0.7966742634593187,0.08195212547785692
0.00046713875,-0.800061881755128,0.08296933320928608
0.00046726875,-0.8017556909030328,0.08364747169690552
0.00046739875,-0.8024332145621946,0.08364747169690552
0.00046752875,-0.8048045473692612,0.08398654094071523
0.00046765875,-0.8078534038354895,0.08432561018452495
0.00046778875,-0.810563498472137,0.08500374867214439
0.00046791875,-0.8102247366425561,0.08534281791595411
0.00046804875,-0.8122573076200417,0.08534281791595411
0.00046817875,-0.8146286404271083,0.08466467942833467
0.00046830875,-0.8163224495750129,0.08432561018452495
0.00046843875,-0.8180162587229176,0.08466467942833467
0.00046856875,-0.8200488297004032,0.08500374867214439
0.00046869875,-0.821065115189146,0.08568188715976383
0.00046882875,-0.8220814006778888,0.08771630262262213
0.00046895875,-0.821065115189146,0.08737723337881241
0.00046908875,-0.8241139716553744,0.08737723337881241
0.00046921875,-0.8268240662920219,0.08771630262262213
0.00046934875,-0.8291953990990885,0.08805537186643185
0.00046947875,-0.8315667319061549,0.089072579597861
0.00046960875,-0.8319054937357359,0.09042885657309986
0.00046973875,-0.8332605410540597,0.09042885657309986
0.00046986875,-0.8349543502019643,0.09042885657309986
0.00046999875,-0.8373256830090309,0.09076792581690958
0.00047012875,-0.8390194921569355,0.09008978732929016
0.00047025875,-0.8407133013048402,0.09144606430452902
0.00047038875,-0.841729586793583,0.09280234127976789
0.00047051875,-0.8420683486231639,0.09246327203595817
0.00047064875,-0.8437621577710687,0.09212420279214846
0.00047077875,-0.8454559669189733,0.09144606430452902
0.00047090875,-0.8485048233852017,0.09076792581690958
0.00047103875,-0.8491823470443636,0.0911069950607193
0.00047116875,-0.8501986325331063,0.09246327203595817
0.00047129875,-0.8525699653401729,0.09280234127976789
0.00047142875,-0.8546025363176585,0.09348047976738733
0.00047155875,-0.8546025363176585,0.09280234127976789
0.00047168875,-0.8569738691247251,0.09517582598643591
0.00047181875,-0.857312630954306,0.09415861825500677
0.00047194875,-0.8600227255909535,0.09449768749881647
0.00047207875,-0.8627328202276009,0.09585396447405535
0.00047220875,-0.86239405839802,0.09517582598643591
0.00047233875,-0.8637491057163438,0.09483675674262619
0.00047246875,-0.8664592003529912,0.09619303371786507
0.00047259875,-0.8674754858417341,0.0968711722054845
0.00047272875,-0.8688305331600578,0.09653210296167479
0.00047285875,-0.8701855804783815,0.09585396447405535
0.00047298875,-0.8715406277967053,0.09585396447405535
0.00047311875,-0.8722181514558671,0.0968711722054845
0.00047324875,-0.8735731987741908,0.09721024144929422
0.00047337875,-0.8766220552404193,0.09619303371786507
0.00047350875,-0.8789933880474858,0.09721024144929422
0.00047363875,-0.8789933880474858,0.09788837993691366
0.00047376875,-0.8806871971953905,0.09788837993691366
0.00047389875,-0.8813647208545523,0.09754931069310394
0.00047402875,-0.883058530002457,0.0989055876683428
0.00047415875,-0.8840748154911998,0.0989055876683428
0.00047428875,-0.8861073864686854,0.09924465691215252
0.00047441875,-0.8871236719574283,0.0989055876683428
0.00047454875,-0.8884787192757519,0.1012790723750108
0.00047467875,-0.8888174811053329,0.09924465691215252
0.00047480875,-0.8905112902532375,0.0989055876683428
0.00047493875,-0.8905112902532375,0.1006009338873914
0.00047506875,-0.893221384889885,0.09992279539977196
0.00047519875,-0.8942376703786278,0.1002618646435817
0.00047532875,-0.8952539558673707,0.1012790723750108
0.00047545875,-0.8962702413561134,0.1009400031312011
0.00047558875,-0.898302812333599,0.1009400031312011
0.00047571875,-0.8996578596519228,0.1009400031312011
0.00047584875,-0.9003353833110846,0.1012790723750108
0.00047597875,-0.9003353833110846,0.1012790723750108
0.00047610875,-0.9016904306294083,0.1006009338873914
0.00047623875,-0.9033842397773131,0.10229628010644
0.00047636875,-0.903723001606894,0.1009400031312011
0.00047649875,-0.9054168107547986,0.1009400031312011
0.00047662875,-0.9077881435618652,0.1009400031312011
0.00047675875,-0.9098207145393508,0.1012790723750108
0.00047688875,-0.9111757618576746,0.1016181416188205
0.00047701875,-0.9115145236872555,0.1026353493502497
0.00047714875,-0.9115145236872555,0.1026353493502497
0.00047727875,-0.9125308091759983,0.1026353493502497
0.00047740875,-0.9145633801534839,0.1029744185940594
0.00047753875,-0.9145633801534839,0.1019572108626303
0.00047766875,-0.9149021419830649,0.1036525570816789
0.00047779875,-0.9182897602788742,0.1036525570816789
0.00047792875,-0.9203223312563598,0.1036525570816789
0.00047805875,-0.9196448075971979,0.1036525570816789
0.00047818875,-0.9223549022338454,0.1036525570816789
0.00047831875,-0.9233711877225882,0.1043306955692983
0.00047844875,-0.92404871138175,0.1039916263254886
0.00047857875,-0.9257425205296548,0.1039916263254886
0.00047870875,-0.9267588060183976,0.1043306955692983
0.00047883875,-0.9287913769958831,0.1043306955692983
0.00047896875,-0.929130138825464,0.1043306955692983
0.00047909875,-0.9315014716325306,0.1039916263254886
0.00047922875,-0.9331952807804352,0.1039916263254886
0.00047935875,-0.9321789952916925,0.104669764813108
0.00047948875,-0.9325177571212734,0.1043306955692983
0.00047961875,-0.9328565189508543,0.1036525570816789
0.00047974875,-0.9342115662691781,0.1043306955692983
0.00047987875,-0.9355666135875018,0.1050088340569177
0.00048000875,-0.9365828990762446,0.1056869725445372
0.00048013875,-0.9365828990762446,0.1050088340569177
0.00048026875,-0.9375991845649875,0.1056869725445372
0.00048039875,-0.9403092792016349,0.1053479033007274
0.00048052875,-0.9413255646903778,0.104669764813108
0.00048065875,-0.9426806120087015,0.1039916263254886
0.00048078875,-0.9433581356678633,0.1053479033007274
0.00048091875,-0.9433581356678633,0.1056869725445372
0.00048104875,-0.9443744211566061,0.1053479033007274
0.00048117875,-0.9464069921340917,0.1053479033007274
0.00048130875,-0.9474232776228345,0.1060260417883469
0.00048143875,-0.9467457539636727,0.1060260417883469
0.00048156875,-0.9484395631115773,0.1050088340569177
0.00048169875,-0.9491170867707392,0.1053479033007274
0.00048182875,-0.950133372259482,0.1050088340569177
0.00048195875,-0.9508108959186439,0.104669764813108
0.00048208875,-0.9521659432369676,0.1053479033007274
0.00048221875,-0.9535209905552914,0.1050088340569177
0.00048234875,-0.9545372760440342,0.1039916263254886
0.00048247875,-0.9558923233623579,0.104669764813108
0.00048260875,-0.9579248943398435,0.1050088340569177
0.00048273875,-0.9592799416581672,0.1053479033007274
0.00048286875,-0.9606349889764909,0.104669764813108
0.00048299875,-0.9613125126356529,0.1060260417883469
0.00048312875,-0.9616512744652338,0.1053479033007274
0.00048325875,-0.9613125126356529,0.1056869725445372
0.00048338875,-0.9623287981243956,0.1067041802759663
0.00048351875,-0.9636838454427193,0.1050088340569177
0.00048364875,-0.9640226072723003,0.1050088340569177
0.00048377875,-0.9643613691018812,0.1050088340569177
0.00048390875,-0.965716416420205,0.1050088340569177
0.00048403875,-0.9663939400793669,0.1043306955692983
0.00048416875,-0.9684265110568524,0.1043306955692983
0.00048429875,-0.9674102255681096,0.104669764813108
0.00048442875,-0.9670714637385287,0.1050088340569177
0.00048455875,-0.9680877492272715,0.1043306955692983
0.00048468875,-0.9704590820343381,0.1043306955692983
0.00048481875,-0.9711366056934999,0.1043306955692983
0.00048494875,-0.9714753675230808,0.1043306955692983
0.00048507875,-0.9704590820343381,0.104669764813108
0.00048520875,-0.970797843863919,0.1043306955692983
0.00048533875,-0.9718141293526618,0.1050088340569177
0.00048546875,-0.9738467003301474,0.104669764813108
0.00048559875,-0.9748629858188902,0.1036525570816789
0.00048572875,-0.9752017476484711,0.1029744185940594
0.00048585875,-0.9748629858188902,0.1039916263254886
0.00048598875,-0.9752017476484711,0.1036525570816789
0.00048611875,-0.9768955567963759,0.1043306955692983
0.00048624875,-0.9782506041146996,0.1033134878378691
0.00048637875,-0.9768955567963759,0.1039916263254886
0.00048650875,-0.9782506041146996,0.1033134878378691
0.00048663875,-0.9785893659442805,0.1033134878378691
0.00048676875,-0.9789281277738614,0.1029744185940594
0.00048689875,-0.9789281277738614,0.1019572108626303
0.00048702875,-0.9796056514330233,0.1026353493502497
0.00048715875,-0.9796056514330233,0.10229628010644
0.00048728875,-0.9799444132626042,0.1012790723750108
0.00048741875,-0.9802831750921852,0.1016181416188205
0.00048754875,-0.9829932697288326,0.1016181416188205
0.00048767875,-0.9829932697288326,0.1033134878378691
0.00048780875,-0.9833320315584135,0.1029744185940594
0.00048793875,-0.9853646025358992,0.1026353493502497
0.00048806875,-0.986380888024642,0.10229628010644
0.00048819875,-0.9867196498542229,0.1016181416188205
0.00048832875,-0.9867196498542229,0.1019572108626303
0.00048845875,-0.9880746971725467,0.10229628010644
0.00048858875,-0.9884134590021276,0.1012790723750108
0.00048871875,-0.9890909826612895,0.1016181416188205
0.0004888487500000001,-0.9897685063204513,0.1009400031312011
0.0004889787500000001,-0.9880746971725467,0.09958372615596224
0.0004891087500000001,-0.9877359353429657,0.09924465691215252
0.0004892387500000001,-0.9887522208317086,0.09958372615596224
0.00048936875,-0.9897685063204513,0.09992279539977196
0.00048949875,-0.9897685063204513,0.0989055876683428
0.00048962875,-0.9897685063204513,0.09924465691215252
0.00048975875,-0.9907847918091941,0.09924465691215252
0.0004898887500000001,-0.991123553638775,0.0989055876683428
0.0004900187500000001,-0.9907847918091941,0.0989055876683428
0.0004901487500000001,-0.9928173627866798,0.09856651842453309
0.0004902787500000001,-0.9934948864458416,0.09856651842453309
0.0004904087500000001,-0.9938336482754225,0.09924465691215252
0.00049053875,-0.9948499337641653,0.09924465691215252
0.00049066875,-0.9938336482754225,0.09856651842453309
0.00049079875,-0.9931561246162607,0.09788837993691366
0.0004909287500000001,-0.9948499337641653,0.09788837993691366
0.0004910587500000001,-0.9958662192529082,0.09754931069310394
0.0004911887500000001,-0.9962049810824891,0.09788837993691366
0.0004913187500000001,-0.99654374291207,0.09788837993691366
0.0004914487500000001,-0.99654374291207,0.0968711722054845
0.00049157875,-0.9972212665712319,0.09653210296167479
0.00049170875,-0.9975600284008128,0.09619303371786507
0.00049183875,-0.9982375520599747,0.09483675674262619
0.00049196875,-0.9972212665712319,0.09449768749881647
0.0004920987500000001,-0.9978987902303937,0.09483675674262619
0.0004922287500000001,-0.9978987902303937,0.09449768749881647
0.0004923587500000001,-0.9989150757191365,0.09449768749881647
0.0004924887500000001,-0.9999313612078793,0.09449768749881647
0.00049261875,-0.9995925993782984,0.09381954901119705
0.00049274875,-0.9992538375487174,0.09381954901119705
0.00049287875,-1.00027012303746,0.09381954901119705
0.00049300875,-0.9995925993782984,0.09348047976738733
0.0004931387500000001,-1.00027012303746,0.09212420279214846
0.0004932687500000001,-0.9995925993782984,0.09212420279214846
0.0004933987500000001,-1.000608884867041,0.09246327203595817
0.0004935287500000001,-1.000947646696622,0.09246327203595817
0.00049365875,-1.002302694014946,0.09246327203595817
0.00049378875,-1.001286408526203,0.09144606430452902
0.00049391875,-1.00027012303746,0.09076792581690958
0.00049404875,-1.00027012303746,0.09076792581690958
0.0004941787500000001,-1.001963932185365,0.0911069950607193
0.0004943087500000001,-1.00365774133327,0.09076792581690958
0.0004944387500000001,-1.003318979503689,0.09076792581690958
0.0004945687500000001,-1.002980217674108,0.09008978732929016
0.0004946987500000001,-1.002980217674108,0.09008978732929016
0.00049482875,-1.001625170355784,0.08941164884167072
0.00049495875,-1.000608884867041,0.08873351035405128
0.00049508875,-1.000608884867041,0.08839444111024156
0.0004952187500000001,-1.000608884867041,0.08839444111024156
0.0004953487500000001,-1.000947646696622,0.08839444111024156
0.0004954787500000001,-1.002641455844527,0.08771630262262213
0.0004956087500000001,-1.003318979503689,0.08703816413500269
0.0004957387500000001,-1.003318979503689,0.08737723337881241
0.00049586875,-1.002641455844527,0.08737723337881241
0.00049599875,-1.001625170355784,0.08669909489119297
0.00049612875,-1.001625170355784,0.08568188715976383
0.00049625875,-1.001286408526203,0.08568188715976383
0.0004963887500000001,-1.002302694014946,0.08432561018452495
0.0004965187500000001,-1.001625170355784,0.08296933320928608
0.0004966487500000001,-1.002641455844527,0.08364747169690552
0.0004967787500000001,-1.002302694014946,0.08364747169690552
0.00049690875,-1.003996503162851,0.08500374867214439
0.00049703875,-1.002980217674108,0.08364747169690552
0.00049716875,-1.002641455844527,0.08500374867214439
0.00049729875,-1.002980217674108,0.0833084024530958
0.0004974287500000001,-1.001286408526203,0.08229119472166664
0.0004975587500000001,-1.001286408526203,0.08161305623404722
0.0004976887500000001,-1.001963932185365,0.0812739869902375
0.0004978187500000001,-1.002980217674108,0.08059584850261806
0.00049794875,-1.003318979503689,0.0812739869902375
0.00049807875,-1.002641455844527,0.07991771001499862
0.00049820875,-1.002980217674108,0.07822236379595003
0.00049833875,-1.002302694014946,0.07822236379595003
0.0004984687500000001,-1.001963932185365,0.07890050228356947
0.0004985987500000001,-1.001625170355784,0.07890050228356947
0.0004987287500000001,-1.000608884867041,0.07788329455214031
0.0004988587500000001,-0.9989150757191365,0.07686608682071117
0.0004989887500000001,-0.9992538375487174,0.07652701757690145
0.00049911875,-1.000608884867041,0.07686608682071117
0.00049924875,-1.001286408526203,0.07686608682071117
0.00049937875,-1.000608884867041,0.07652701757690145
0.00049950875,-0.9978987902303937,0.07550980984547229
0.0004996387500000001,-0.9975600284008128,0.07415353287023342
0.0004997687500000001,-0.9975600284008128,0.07449260211404314
0.0004998987500000001,-0.9978987902303937,0.07449260211404314
0.0005000287500000001,-0.9985763138895556,0.07449260211404314
0.00050015875,-0.9989150757191365,0.07347539438261398
0.00050028875,-0.9995925993782984,0.07245818665118484
0.00050041875,-0.9999313612078793,0.0717800481635654
0.00050054875,-0.9982375520599747,0.07110190967594597
0.0005006787500000001,-0.9989150757191365,0.07144097891975568
0.0005008087500000001,-0.9982375520599747,0.07110190967594597
0.0005009387500000001,-0.9982375520599747,0.07008470194451681
0.0005010687500000001,-0.996882504741651,0.06906749421308765
0.00050119875,-0.9958662192529082,0.06906749421308765
0.00050132875,-0.9962049810824891,0.06906749421308765
0.00050145875,-0.9955274574233272,0.06906749421308765
0.00050158875,-0.9951886955937462,0.06906749421308765
0.0005017187500000001,-0.9948499337641653,0.06805028648165851
0.0005018487500000001,-0.9938336482754225,0.06703307875022935
0.0005019787500000001,-0.9945111719345844,0.06703307875022935
0.0005021087500000001,-0.9958662192529082,0.06635494026260992
0.0005022387500000001,-0.9955274574233272,0.06465959404356134
0.00050236875,-0.9938336482754225,0.06465959404356134
0.00050249875,-0.9938336482754225,0.06465959404356134
0.00050262875,-0.9931561246162607,0.06364238631213218
0.0005027587500000001,-0.9931561246162607,0.06432052479975162
0.0005028887500000001,-0.9924786009570988,0.0639814555559419
0.0005030187500000001,-0.9924786009570988,0.06330331706832246
0.0005031487500000001,-0.9928173627866798,0.06228610933689331
0.0005032787500000001,-0.991123553638775,0.06194704009308359
0.00050340875,-0.991123553638775,0.06228610933689331
0.00050353875,-0.991123553638775,0.06194704009308359
0.00050366875,-0.991123553638775,0.06160797084927387
0.00050379875,-0.9894297444908704,0.06025169387403501
0.0005039287500000001,-0.9884134590021276,0.05923448614260585
0.0005040587500000001,-0.9884134590021276,0.0582172784111767
0.0005041887500000001,-0.9884134590021276,0.05753913992355726
0.0005043187500000001,-0.9873971735133847,0.05787820916736698
0.00050444875,-0.9873971735133847,0.05787820916736698
0.00050457875,-0.986042126195061,0.05652193219212812
0.00050470875,-0.9850258407063183,0.05516565521688924
0.00050483875,-0.9853646025358992,0.05550472446069896
0.0005049687500000001,-0.9846870788767373,0.0561828629483184
0.0005050987500000001,-0.9840095552175754,0.05516565521688924
0.0005052287500000001,-0.9850258407063183,0.05482658597307952
0.0005053587500000001,-0.9846870788767373,0.05448751672926981
0.00050548875,-0.9826545078992517,0.05414844748546009
0.00050561875,-0.9826545078992517,0.05482658597307952
0.00050574875,-0.9823157460696708,0.05482658597307952
0.00050587875,-0.9802831750921852,0.05347030899784065
0.0005060087500000001,-0.9809606987513471,0.05211403202260179
0.0005061387500000001,-0.9806219369217661,0.0504186858035532
0.0005062687500000001,-0.9799444132626042,0.04974054731593376
0.0005063987500000001,-0.9796056514330233,0.0487233395845046
0.0005065287500000001,-0.9772343186259568,0.0487233395845046
0.00050665875,-0.975540509478052,0.04906240882831432
0.00050678875,-0.975540509478052,0.0487233395845046
0.00050691875,-0.975879271307633,0.04770613185307546
0.0005070487500000001,-0.975540509478052,0.04634985487783658
0.0005071787500000001,-0.9745242239893093,0.04634985487783658
0.0005073087500000001,-0.9728304148414046,0.04634985487783658
0.0005074387500000001,-0.9714753675230808,0.04499357790259771
0.0005075687500000001,-0.9718141293526618,0.04465450865878799
0.00050769875,-0.9721528911822427,0.04465450865878799
0.00050782875,-0.9718141293526618,0.04397637017116857
0.00050795875,-0.9724916530118237,0.04262009319592969
0.00050808875,-0.9714753675230808,0.04397637017116857
0.0005082187500000001,-0.9691040347160144,0.04363730092735885
0.0005083487500000001,-0.9697815583751762,0.04329823168354913
0.0005084787500000001,-0.9697815583751762,0.04262009319592969
0.0005086087500000001,-0.9680877492272715,0.04194195470831026
0.00050873875,-0.965716416420205,0.04126381622069082
0.00050886875,-0.9640226072723003,0.03990753924545196
0.00050899875,-0.9636838454427193,0.03922940075783252
0.00050912875,-0.9633450836131384,0.03685591605116449
0.0005092587500000001,-0.9630063217835575,0.03651684680735477
0.0005093887500000001,-0.9619900362948147,0.03549963907592563
0.0005095187500000001,-0.9613125126356529,0.03549963907592563
0.0005096487500000001,-0.9596187034877481,0.03516056983211591
0.00050977875,-0.9592799416581672,0.03482150058830619
0.00050990875,-0.9579248943398435,0.03414336210068675
0.00051003875,-0.9569086088511007,0.03448243134449647
0.00051016875,-0.9555535615327769,0.03414336210068675
0.0005102987500000001,-0.9558923233623579,0.0331261543692576
0.0005104287500000001,-0.9538597523848723,0.03210894663782844
0.0005105587500000001,-0.9531822287257105,0.03210894663782844
0.0005106887500000001,-0.9531822287257105,0.03278708512544788
0.0005108187500000001,-0.9511496577482248,0.03176987739401872
0.00051094875,-0.9511496577482248,0.03007453117497014
0.00051107875,-0.9497946104299011,0.0293963926873507
0.00051120875,-0.9494558486003202,0.02871825419973127
0.00051133875,-0.9477620394524154,0.02837918495592155
0.0005114687500000001,-0.9457294684749299,0.02770104646830212
0.0005115987500000001,-0.9457294684749299,0.02770104646830212
0.0005117287500000001,-0.944713182986187,0.0273619772244924
0.0005118587500000001,-0.9440356593270252,0.02600570024925353
0.00051198875,-0.9416643265199587,0.02634476949306325
0.00051211875,-0.9413255646903778,0.02464942327401466
0.00051224875,-0.9426806120087015,0.02600570024925353
0.00051237875,-0.9420030883495396,0.02464942327401466
0.0005125087500000001,-0.9413255646903778,0.02295407705496607
0.0005126387500000001,-0.939631755542473,0.02363221554258551
0.0005127687500000001,-0.9365828990762446,0.02261500781115635
0.0005128987500000001,-0.9372604227354064,0.02125873083591748
0.00051302875,-0.9372604227354064,0.02058059234829805
0.00051315875,-0.9362441372466637,0.02125873083591748
0.00051328875,-0.93488908992834,0.01922431537305918
0.00051341875,-0.9352278517579209,0.01820710764163002
0.0005135487500000001,-0.9321789952916925,0.01752896915401059
0.0005136787500000001,-0.929130138825464,0.01854617688543974
0.0005138087500000001,-0.9287913769958831,0.01685083066639115
0.0005139387500000001,-0.9277750915071403,0.015833622934962
0.0005140687500000001,-0.9277750915071403,0.01549455369115228
0.00051419875,-0.9277750915071403,0.01617269217877172
0.00051432875,-0.9254037587000737,0.01617269217877172
0.00051445875,-0.924387473211331,0.01481641520353285
0.0005145887500000001,-0.9226936640634263,0.01413827671591341
0.0005147187500000001,-0.9209998549155216,0.01413827671591341
0.0005148487500000001,-0.9203223312563598,0.0137992074721037
0.0005149787500000001,-0.9176122366197123,0.01244293049686482
0.0005151087500000001,-0.9152409038126458,0.01176479200924539
0.00051523875,-0.9162571893013886,0.01040851503400652
0.00051536875,-0.9165959511309695,0.0100694457901968
0.00051549875,-0.9169347129605504,0.009730376546387084
0.00051562875,-0.9165959511309695,0.009730376546387084
0.0005157587500000001,-0.9152409038126458,0.009052238058767649
0.0005158887500000001,-0.9132083328351601,0.008374099571148213
0.0005160187500000001,-0.9094819527097698,0.008035030327338495
0.0005161487500000001,-0.9064330962435415,0.006339684108289908
0.00051627875,-0.9060943344139605,0.008374099571148213
0.00051640875,-0.9044005252660559,0.00464433788924132
0.00051653875,-0.903723001606894,0.004305268645431602
0.00051666875,-0.9033842397773131,0.004305268645431602
0.0005167987500000001,-0.9016904306294083,0.00193178393876358
0.0005169287500000001,-0.9003353833110846,0.00193178393876358
0.0005170587500000001,-0.89864157416318,0.00193178393876358
0.0005171887500000001,-0.8962702413561134,0.0005755069635247092
0.00051731875,-0.8952539558673707,0.0002364377197149915
0.00051744875,-0.8942376703786278,-0.0007807700117141612
0.00051757875,-0.8942376703786278,-0.0004417007679044436
0.00051770875,-0.8928826230603041,-0.0004417007679044436
0.0005178387500000001,-0.8922050994011422,-0.001119839255523879
0.0005179687500000001,-0.8911888139123995,-0.002476116230762749
0.0005180987500000001,-0.8905112902532375,-0.002137046986953032
0.0005182287500000001,-0.8891562429349138,-0.003154254718382184
0.0005183587500000001,-0.8888174811053329,-0.003493323962191902
0.00051848875,-0.8867849101278473,-0.003832393206001619
0.00051861875,-0.8854298628095235,-0.004171462449811337
0.00051874875,-0.882719768172876,-0.005527739425050207
0.0005188787500000001,-0.8823810063432951,-0.004171462449811337
0.0005190087500000001,-0.8803484353658095,-0.007562154887908513
0.0005191387500000001,-0.8793321498770668,-0.00790122413171823
0.0005192687500000001,-0.8783158643883239,-0.00654494715647936
0.0005193987500000001,-0.8756057697516765,-0.008240293375527948
0.00051952875,-0.8742507224333527,-0.009596570350766819
0.00051965875,-0.8718793896262862,-0.009935639594576537
0.00051978875,-0.8708631041375433,-0.009596570350766819
0.00051991875,-0.8708631041375433,-0.01095284732600569
0.0005200487500000001,-0.8684917713304768,-0.01095284732600569
0.0005201787500000001,-0.8674754858417341,-0.01163098581362512
0.0005203087500000001,-0.8664592003529912,-0.01230912430124456
0.0005204387500000001,-0.8647653912050866,-0.01298726278886399
0.00052056875,-0.8627328202276009,-0.01366540127648343
0.00052069875,-0.8617165347388581,-0.01366540127648343
0.00052082875,-0.862055296568439,-0.01434353976410286
0.00052095875,-0.8596839637613726,-0.01536074749553202
0.0005210887500000001,-0.8586676782726297,-0.01569981673934174
0.0005212187500000001,-0.8566351072951441,-0.01671702447077089
0.0005213487500000001,-0.8542637744880776,-0.01739516295839032
0.0005214787500000001,-0.8518924416810111,-0.01739516295839032
0.00052160875,-0.8495211088739445,-0.01807330144600976
0.00052173875,-0.8485048233852017,-0.01942957842124863
0.00052186875,-0.8478272997260399,-0.01875143993362919
0.00052199875,-0.8471497760668779,-0.02010771690886807
0.0005221287500000001,-0.8451172050893924,-0.02146399388410693
0.0005222587500000001,-0.8413908249640021,-0.02112492464029722
0.0005223887500000001,-0.841729586793583,-0.0228202708593458
0.0005225187500000001,-0.8403745394752593,-0.02519375556601383
0.0005226487500000001,-0.8390194921569355,-0.02553282480982354
0.00052277875,-0.8373256830090309,-0.02587189405363326
0.00052290875,-0.8346155883723834,-0.02587189405363326
0.00052303875,-0.8332605410540597,-0.0265500325412527
0.0005231687500000001,-0.8329217792244787,-0.02688910178506242
0.0005232987500000001,-0.8302116845878312,-0.02722817102887213
0.0005234287500000001,-0.8288566372695075,-0.0265500325412527
0.0005235587500000001,-0.8278403517807646,-0.0265500325412527
0.0005236887500000001,-0.8241139716553744,-0.02756724027268185
0.00052381875,-0.8217426388483079,-0.02824537876030129
0.00052394875,-0.821403877018727,-0.02892351724792072
0.00052407875,-0.821065115189146,-0.02994072497934987
0.00052420875,-0.8183550205524985,-0.02994072497934987
0.0005243387500000001,-0.815983687745432,-0.03061886346696931
0.0005244687500000001,-0.8136123549383655,-0.03061886346696931
0.0005245987500000001,-0.8142898785975273,-0.03061886346696931
0.0005247287500000001,-0.8119185457904607,-0.03197514044220819
0.00052485875,-0.8112410221312989,-0.03299234817363733
0.00052498875,-0.8085309274946514,-0.0343486251488762
0.00052511875,-0.8064983565171658,-0.03570490212411508
0.00052524875,-0.8051433091988421,-0.03502676363649564
0.0005253787500000001,-0.8044657855396802,-0.0363830406117345
0.0005255087500000001,-0.8051433091988421,-0.03536583288030536
0.0005256387500000001,-0.8020944527326137,-0.03536583288030536
0.0005257687500000001,-0.800400643584709,-0.0360439713679248
0.0005258987500000001,-0.7976905489480616,-0.03570490212411508
0.00052602875,-0.7959967398001568,-0.03740024834316366
0.00052615875,-0.7946416924818331,-0.03841745607459281
0.00052628875,-0.7922703596747666,-0.03909559456221225
0.0005264187500000001,-0.7909153123564429,-0.03875652531840253
0.0005265487500000001,-0.7888827413789572,-0.03875652531840253
0.0005266787500000001,-0.7871889322310526,-0.03909559456221225
0.0005268087500000001,-0.7861726467423098,-0.04011280229364141
0.0005269387500000001,-0.7824462666169195,-0.04079094078126083
0.00052706875,-0.7810912192985957,-0.04113001002507055
0.00052719875,-0.7790586483211102,-0.04146907926888027
0.00052732875,-0.7777036010027865,-0.04316442548792886
0.00052745875,-0.7760097918548817,-0.0438425639755483
0.0005275887500000001,-0.774993506366139,-0.04418163321935802
0.0005277187500000001,-0.7729609353886533,-0.04418163321935802
0.0005278487500000001,-0.769234555263263,-0.0458769794384066
0.0005279787500000001,-0.7668632224561965,-0.04689418716983575
0.00052810875,-0.7658469369674538,-0.04689418716983575
0.00052823875,-0.76449188964913,-0.04655511792602604
0.00052836875,-0.7627980805012253,-0.04791139490126491
0.00052849875,-0.7607655095237397,-0.04926767187650377
0.0005286287500000001,-0.7600879858645778,-0.04960674112031349
0.0005287587500000001,-0.7567003675687685,-0.05096301809555237
0.0005288887500000001,-0.753990272932121,-0.04892860263269407
0.0005290187500000001,-0.7519577019546354,-0.04926767187650377
0.00052914875,-0.7495863691475688,-0.05028487960793293
0.00052927875,-0.7468762745109214,-0.05028487960793293
0.00052940875,-0.7445049417038548,-0.05198022582698152
0.00052953875,-0.7431498943855311,-0.05265836431460096
0.0005296687500000001,-0.7414560852376264,-0.05231929507079124
0.0005297987500000001,-0.7394235142601409,-0.05333650280222038
0.0005299287500000001,-0.7407785615784646,-0.05401464128983982
0.0005300587500000001,-0.7390847524305599,-0.05469277977745926
0.0005301887500000001,-0.7370521814530743,-0.05537091826507869
0.00053031875,-0.7350196104755887,-0.05638812599650785
0.00053044875,-0.7346808486460078,-0.05469277977745926
0.00053057875,-0.7326482776685221,-0.05570998750888841
0.0005307087500000001,-0.7299381830318746,-0.05774440297174671
0.0005308387500000001,-0.7279056120543891,-0.05774440297174671
0.0005309687500000001,-0.7255342792473225,-0.05808347221555643
0.0005310987500000001,-0.7238404700994179,-0.05910067994698559
0.0005312287500000001,-0.7207916136331894,-0.05910067994698559
0.00053135875,-0.7174039953373801,-0.06045695692222446
0.00053148875,-0.7150326625303135,-0.0611350954098439
0.00053161875,-0.7140163770415707,-0.06147416465365362
0.00053174875,-0.713000091552828,-0.06079602616603418
0.0005318787500000001,-0.7089349495978567,-0.0611350954098439
0.0005320087500000001,-0.7069023786203711,-0.0611350954098439
0.0005321387500000001,-0.7058860931316283,-0.06181323389746332
0.0005322687500000001,-0.7038535221541428,-0.06249137238508276
0.00053239875,-0.7018209511766571,-0.06283044162889248
