Frequency (Hz),Trace 1 (V),Phase (deg),Trace 2 (V),Phase (deg)
0,0.000114431,180,0.1780703418037552,0
4.8828125,0.000116502,-0.934175617,0.1718430135427056,-179.9869232
9.765625,8.359299167301105e-05,-170.0091591,0.1148559441209217,0.023677325
14.6484375,2.676272666448819e-05,51.86461715201231,0.034545352,-179.985945
19.53125,2.699920856931522e-05,-69.87261406,0.002502839,-0.166883532
24.4140625,3.848967102429005e-05,108.6841810932001,1.200020272397015e-05,-112.8920401
29.296875,4.43235942066498e-05,-49.81786778,3.168601203167612e-05,103.5521790025838
34.1796875,4.076538314581695e-05,140.3113936005393,3.009416886385607e-05,-85.60682234
39.0625,3.941117419576927e-05,-73.67907992,3.237064841295805e-05,26.94147965699466
43.9453125,6.222550144102119e-05,76.59059592713807,6.511891916278654e-05,176.7616507
48.828125,8.740710241406236e-05,-115.4332558,8.540825506622722e-05,-12.87123477
53.7109375,0.000104485,58.33500282817658,8.899722765683289e-05,167.8916884956918
58.59375,0.000101541,-120.0291132,7.90758361489831e-05,-11.75012042
63.4765625,8.330577468154731e-05,66.37104108646575,6.104799635035609e-05,158.9145685313442
68.359375,5.602785296785001e-05,-111.2810504,4.299440985121156e-05,-25.8771245
73.2421875,2.891570708515388e-05,79.27266132663409,3.13756744552929e-05,155.4214663575239
78.125,1.741636582003859e-05,-43.06000701,2.940297582176721e-05,-22.38526059
83.0078125,3.270320381573868e-05,-155.9577687,2.52660585321677e-05,-174.1558275
87.890625,6.088734131170317e-05,37.20158706389773,3.279170012461558e-05,45.74886141416548
92.7734375,7.324407454476734e-05,-146.2037034,4.317526994063138e-05,-115.8006821
97.65625,5.603477357808651e-05,27.90225828851878,4.157536956174116e-05,69.13461703734305
102.5390625,3.468703002405121e-05,-178.1503343,3.200095347177504e-05,-129.4951288
107.421875,3.415153862905828e-05,-16.19989799,2.909426656500981e-05,18.18080409340699
112.3046875,1.890371762043401e-05,176.0730244964573,3.544227682511727e-05,-177.7080628
117.1875,1.362515201406407e-05,54.00169141800022,4.488529947997617e-05,4.024684936186959
122.0703125,3.006972333090978e-05,-130.8703125,4.188368384351417e-05,-166.0771759
126.953125,3.852894156352196e-05,31.96776987,3.348576694513795e-05,45.99374973852627
131.8359375,5.042911160385658e-05,-175.070829,3.872740367507037e-05,-101.7332321
136.71875,8.412630774598079e-05,-4.565699537,3.813268269954695e-05,87.29215495486825
141.6015625,0.000114528,178.8398067141586,3.238989687331142e-05,-99.52709063
146.484375,0.000116301,3.669651243210323,3.394177790465786e-05,63.39990722603087
151.3671875,9.664435968009009e-05,-173.7396905,4.845792456414868e-05,-136.6525234
156.25,7.520316861148153e-05,10.08261277762693,6.889954939264621e-05,40.87913765
161.1328125,5.264545138745666e-05,-164.971413,7.553364439560108e-05,-129.338931
166.015625,3.655701493449029e-05,30.07677969514842,7.060060430767501e-05,55.31866005814937
170.8984375,4.651608575241863e-05,-120.4714183,5.832067727950862e-05,-121.2398054
175.78125,6.59480916346426e-05,70.03000077567224,3.756715336880903e-05,79.00776053489467
180.6640625,7.673846171679066e-05,-108.0875909,1.558992296274505e-05,-54.96713882
185.546875,8.255678674459815e-05,71.89877661218775,1.095319747785879e-05,-163.7305795
190.4296875,7.491170522944407e-05,-104.7338811,1.083658830431903e-05,-25.54167283
195.3125,5.275977431061002e-05,85.29145553448416,1.297927731410122e-05,134.6595387
200.1953125,3.735299847306851e-05,-61.91964434,1.118558416749895e-05,-9.657359771
205.078125,4.874885138315969e-05,162.0033325980725,2.05579766142979e-05,-172.2281096
209.9609375,6.052100780578064e-05,6.224494036464347,3.298406812698624e-05,28.73413227
214.84375,6.005764203639881e-05,-170.2324824,4.554715354526545e-05,-126.1885496
219.7265625,5.466872950385895e-05,-19.97491295,5.105709728322216e-05,62.15730737530236
224.609375,7.11443044692688e-05,121.2105234893684,4.402729796849342e-05,-116.0766842
229.4921875,9.798548697475852e-05,-69.13606223,3.19856432501029e-05,82.74534557615837
234.375,0.000114346,111.7763722406875,3.033869635500883e-05,-66.97520217
239.2578125,0.000107955,-61.51635579,3.045148187275669e-05,122.2865376961445
244.140625,7.740562761930122e-05,142.4811991,3.02598118629811e-05,-57.2183605
249.0234375,6.251453037096951e-05,2.181537773374068,3.110380490963626e-05,128.1851634635831
253.90625,6.520375508421451e-05,-154.8946503,1.738879595206798e-05,-54.61838844
258.7890625,6.469879997203237e-05,32.45071128909802,8.507016448880098e-06,-15.8363877
263.671875,4.728266407883572e-05,-147.8291626,1.712264503960574e-05,127.2355671976431
268.5546875,2.2824986960093e-05,16.20523923972996,1.728147067060226e-05,-78.06613119
273.4375,2.451599981990933e-05,134.7782141307929,2.015286340440704e-05,124.8850973262657
278.3203125,3.150573898239256e-05,-64.38829772,2.894631782228354e-05,-23.58277811
283.203125,1.80726207142894e-05,113.3773885151166,3.598903140322939e-05,168.9965093955562
288.0859375,8.998212900021202e-06,-54.66288816,4.223503825652442e-05,-10.77952653
292.96875,1.09423239580138e-05,-52.77780721,3.842712864995733e-05,165.1101741126512
297.8515625,4.08450471497814e-05,132.3362383959656,2.074841034038736e-05,-43.40139052
302.734375,5.558315076105227e-05,-34.94529589,2.432905770952505e-05,75.81766079990859
307.6171875,4.052467323112443e-05,161.4836072797132,3.102599697820887e-05,-104.3754095
312.5,3.098874092097511e-05,69.60408131378041,3.517555817220581e-05,94.15156169666099
317.3828125,6.674008732864784e-05,-87.15896386,4.036933754339974e-05,-70.68415512
322.265625,8.411810448858307e-05,103.1006146084544,3.566667273684608e-05,130.6850128867633
327.1484375,9.580478696151288e-05,-72.0097857,2.374190864214377e-05,-16.66272659
332.03125,7.980074385798275e-05,97.69146267017828,1.738174188357342e-05,-117.586446
336.9140625,3.884377532779641e-05,-98.78252338,3.826732341925102e-05,94.47026931327547
341.796875,1.708409227869688e-05,10.65490532443286,4.743108923995447e-05,-77.33542578
346.6796875,4.333995995137156e-05,155.3263493450671,4.105032107027973e-05,128.0032397863381
351.5625,6.803781189302608e-05,-36.75932482,3.73161467801943e-05,-36.78386869
356.4453125,7.79814639720131e-05,137.8557562707221,3.494959862539654e-05,143.6819103206077
361.328125,7.838523249317576e-05,-35.4703069,3.723217093671881e-05,-17.66651453
366.2109375,7.358201242375369e-05,154.2845686999792,4.238783134260361e-05,168.8953567843221
371.09375,5.506039764778042e-05,-9.961542927,4.567181694717559e-05,-13.44778054
375.9765625,3.383659070455385e-05,-158.8205524,3.604275964634163e-05,160.8908730799345
380.859375,1.553008539704624e-05,78.55187798165535,2.442211434124925e-05,-59.7709039
385.7421875,3.724367137022639e-05,-19.51901684,3.930623672276673e-05,85.00430685372568
390.625,6.74421291550777e-05,172.2605371930339,6.35906503882352e-05,-100.5611665
395.5078125,7.472456295593256e-05,1.595975795312077,7.322440892700596e-05,81.66246376086062
400.390625,7.133742015383756e-05,-178.4222129,5.43182099453064e-05,-89.37021102
405.2734375,6.430460869070564e-05,-2.882919374,4.10694978982801e-05,103.8731426248211
410.15625,4.916004422315634e-05,-171.9182174,4.520963860992462e-05,-72.8405287
415.0390625,3.076830712359953e-05,41.82668563710577,4.452347179561737e-05,119.0324154
419.921875,3.096435969576618e-05,-83.4485598,4.668891310976872e-05,-50.20625495
424.8046875,5.181444841827657e-05,126.8629677259709,5.198343196131938e-05,130.0141237585252
429.6875,6.467435733778673e-05,-31.24750084,4.355331573914871e-05,-41.2276912
434.5703125,4.369146888454757e-05,168.8645457678453,2.325191756095471e-05,-176.9387371
439.453125,8.012705961665589e-06,-8.260573749,3.41397247207005e-05,81.94212609516946
444.3359375,1.981039247552993e-05,19.30191806685341,5.324496733094728e-05,-82.09011875
449.21875,4.82197165702648e-05,-158.3413025,5.998939448979313e-05,93.64809476079063
454.1015625,6.716240447544063e-05,41.60234649,6.402409273395697e-05,-88.68385959
458.984375,7.557035557024626e-05,-107.0766932,5.768333154744429e-05,85.62858199278799
463.8671875,8.645548354602135e-05,96.32807072044099,4.175241416021899e-05,-126.0882989
468.75,9.084846926532002e-05,-70.12563928,4.046592376423203e-05,15.54515744404246
473.6328125,9.115701092586328e-05,118.6210125579476,3.454320312914766e-05,172.8759468062732
478.515625,7.9291451020404e-05,-53.89152719,2.605105634615979e-05,-49.12801341
483.3984375,4.923129364090274e-05,137.9015167,3.146638678589869e-05,86.35997178303917
488.28125,2.193761865321024e-05,-20.03577777,3.881880851432756e-05,-116.1128171
493.1640625,2.415081662827733e-05,-138.0739257,3.940318551326658e-05,53.13586557711324
498.046875,5.380020450204726e-05,58.91954321184809,2.853829579479713e-05,-109.0757566
502.9296875,7.857387117930763e-05,-120.2550154,1.932030815131448e-05,131.0477866
507.8125,9.413448535777202e-05,60.75458948688652,1.711985036740503e-05,-0.492629146
512.6953125,8.931645884045452e-05,-114.9464744,1.328468326080355e-05,160.9262527379228
517.578125,5.65322894444256e-05,71.71280412665863,2.779369628412385e-05,-71.05190319
522.4609375,1.165134137513614e-05,-62.07452397,5.496794310579741e-05,97.28534551779295
527.34375,4.874739352058096e-05,-131.8734791,8.343371689620998e-05,-82.11988106
532.2265625,8.297098084135875e-05,53.79574311006099,0.000104718,103.2737732659628
537.109375,7.856333416650468e-05,-124.839548,9.683499668879056e-05,-69.46321279
541.9921875,4.858763192100386e-05,45.56725157389051,6.151427755188868e-05,113.9689027632716
546.875,1.502029793943502e-05,167.4536820599189,3.550466788084286e-05,-91.78604299
551.7578125,3.544795330825199e-05,-105.3180552,3.106363405146026e-05,43.96778320110938
556.640625,4.882232122435952e-05,74.09290263090445,2.437348641256578e-05,172.4580272484219
561.5234375,5.420370522790799e-05,-85.49378899,1.911367544440391e-05,-42.49140217
566.40625,6.836407522191984e-05,108.1320034263439,1.496776950432511e-05,72.97267331801234
571.2890625,7.170266390730145e-05,-68.84488032,3.385777457836812e-05,-130.3088088
576.171875,7.426623218679638e-05,100.0218067313829,3.264006435266115e-05,58.40145693755571
581.0546875,7.56129715946558e-05,-95.78593983,2.305469446929476e-05,-82.56804263
585.9375,5.416987348483008e-05,73.37522218339758,2.729570581761275e-05,123.6882741561966
590.8203125,2.682010822976872e-05,-100.2785517,3.091836356206707e-05,-51.80784027
595.703125,2.19895735186067e-05,179.5146053409864,2.811441480990356e-05,149.3241518142053
600.5859375,4.997844409154462e-05,29.64782677876492,2.364425003516621e-05,9.243692414930464
605.46875,6.436247944984307e-05,-146.8721569,2.27720352114551e-05,-137.6473069
610.3515625,6.712435588085925e-05,35.09171934017854,2.977960165294204e-05,59.21787166457872
615.234375,4.654076490546068e-05,-147.6137666,3.265402437693928e-05,-132.0753161
620.1171875,2.675474800256997e-05,3.907357275567506,3.366216389218204e-05,16.48769820620057
625,1.664239816153086e-05,143.2617770397058,2.95936421422478e-05,175.8563348887193
629.8828125,2.267128611494743e-05,-109.5924346,2.059182091175048e-05,-40.27870699
634.765625,3.521539954058629e-05,70.45300959575277,1.496776561027793e-05,109.6495363271533
639.6484375,3.149236529292354e-05,-107.4974611,1.310295403695653e-05,-173.5071238
644.53125,1.988520051912274e-05,59.07647862456842,3.329797353408895e-05,-12.37974594
649.4140625,4.979557963507289e-06,-62.02658339,3.442600840916949e-05,148.5496656980323
654.296875,1.830453802731554e-05,-141.8029451,3.081223006784105e-05,-68.03666684
659.1796875,3.345198205261849e-05,47.28839860042447,2.451345974892046e-05,84.13468252898548
664.0625,3.945470669924496e-05,-156.0583209,1.685009507792388e-05,-143.5836707
668.9453125,4.125103321768857e-05,-9.056296434,2.610160144678699e-05,-21.81649562
673.828125,4.115685538851467e-05,155.3093836,3.740274633207168e-05,138.3071940341256
678.7109375,3.797160359892978e-05,-40.18320695,4.529739072074522e-05,-50.49869008
683.59375,3.354910492007095e-05,112.0078174685942,6.154555844203112e-05,119.7259455328709
688.4765625,2.60772577121383e-05,-88.52792183,7.176538318679852e-05,-70.84822154
693.359375,2.913637054759737e-05,79.31772809388649,7.081569638204511e-05,99.49860327753451
698.2421875,3.735342566441404e-05,-101.3979567,6.665610332182306e-05,-82.80572307
703.125,3.465611829481181e-05,85.32081212326507,4.858762504979933e-05,106.6245191588026
708.0078125,3.647078146962893e-05,-96.22059346,2.909001592426367e-05,-39.24214833
712.890625,4.490956895253154e-05,84.73382819700348,3.726873232981745e-05,175.6248159285898
717.7734375,5.834132891568353e-05,-88.29465273,5.174384108794876e-05,1.194513613318054
722.65625,8.235046986633418e-05,89.05790599793342,5.504570342711784e-05,170.5554669861795
727.5390625,0.000102437,-88.66679685,5.203231082462917e-05,-32.07224441
732.421875,0.000104249,101.3256887404496,4.125953918086115e-05,131.0895471704015
737.3046875,9.021740417535676e-05,-73.39224419,2.306108724595549e-05,-52.82422922
742.1875,7.382288951465863e-05,104.0462995822802,5.918283235950128e-06,138.6752833645064
747.0703125,6.144074726404592e-05,-83.95512902,1.116191868112685e-05,143.7200435
751.953125,4.409759957220899e-05,80.09239026042532,2.615188325738821e-05,-52.17442346
756.8359375,3.576002217021944e-05,-124.5290021,3.343057295805262e-05,111.7386437759058
761.71875,3.491034712115614e-05,45.88840480244199,2.42539713858628e-05,-73.29185644
766.6015625,1.575124952905536e-05,-130.5213998,1.790358955074985e-05,73.69920638088496
771.484375,5.68434850780035e-06,-173.1760007,2.840220364113354e-05,-128.4627501
776.3671875,1.445107063296041e-05,22.87897833,2.879961231404026e-05,38.61242788243422
781.25,2.934616986896622e-05,-143.1545624,3.173597830485951e-05,-148.4141715
786.1328125,4.317397090119526e-05,40.82773843778239,4.611777307385437e-05,45.78332382613625
791.015625,4.475294625190569e-05,-138.8811823,4.91453565491249e-05,-127.2031502
795.8984375,3.865612241267161e-05,51.03716420253237,3.192710078005481e-05,56.74395001089285
800.78125,2.774240709082816e-05,-104.8608936,2.002520593787703e-05,-109.9570989
805.6640625,2.645858966278718e-05,118.1641455109604,1.729966579694662e-05,88.56293370413147
810.546875,4.074783472600522e-05,-41.89172691,1.601305187327887e-05,-84.62770053
815.4296875,2.887509538779678e-05,130.2544914473454,1.607336430427927e-05,63.81388636023668
820.3125,2.764922643647652e-05,-156.943924,1.731392875637469e-05,-151.4068912
825.1953125,6.010748449466203e-05,7.193340976706286,1.243064404675057e-05,12.71697966158128
830.078125,7.754667040808956e-05,-175.4185593,1.508553037176522e-06,14.74986193717361
834.9609375,8.310965531893646e-05,10.31883614,1.928571062769607e-05,-163.2322924
839.84375,7.551045552315034e-05,-157.8675617,2.436772706691543e-05,-10.86008759
844.7265625,5.848618529238262e-05,34.32383930363903,2.971734325695516e-05,116.4350785581127
849.609375,3.944495207811272e-05,-132.9940501,2.827083747316329e-05,-105.7316635
854.4921875,2.362480531796323e-05,27.60998672018718,3.200993057193837e-05,29.49055757514479
859.375,5.138952757165635e-06,171.2609886223081,3.389570234320813e-05,-151.823427
864.2578125,2.518506248603959e-05,-174.2882454,2.449760502575907e-05,48.50320935761343
869.140625,4.108343484092611e-05,31.33098132,1.171426800517363e-05,-84.18810924
874.0234375,6.223957287451947e-05,-139.7444631,2.887947042330611e-05,164.0292418631804
878.90625,8.697239198985446e-05,32.10832404857562,5.521058731279074e-05,-14.88535772
883.7890625,0.000102527,-141.7150593,6.250895717664717e-05,171.6065873210081
888.671875,0.000111744,45.01117958,6.065672789655706e-05,2.68308443
893.5546875,0.00010216,-143.0793926,5.256627268448845e-05,-175.3795559
898.4375,6.840837372669942e-05,28.93941172801363,3.485157453322055e-05,18.15685642385862
903.3203125,2.94478196705831e-05,-136.0620678,2.236934624951834e-05,-114.2052179
908.203125,8.849314744969658e-06,95.03583122692693,2.078679665991492e-05,117.1593076646388
913.0859375,2.437909423321137e-06,11.18597457254792,2.517832039586014e-05,-40.98132122
917.96875,6.493729397977518e-06,158.8501905404811,2.745915899221375e-05,143.7885311
922.8515625,2.323277177389316e-05,-25.02160331,2.472561391171985e-05,-29.92565767
927.734375,3.304314357973269e-05,154.3078105014104,1.635815801475795e-05,161.9971679504736
932.6171875,4.315641120735174e-05,-29.53058767,1.200038243416787e-05,21.13793998
937.5,7.12880868735494e-05,147.2333858141704,1.92295524390835e-05,-155.4100505
942.3828125,9.364600880322606e-05,-36.38321172,2.843065161659099e-05,39.78852943185574
947.265625,9.686238243347642e-05,135.0632327589146,4.114505057780871e-05,-122.4650298
952.1484375,0.000101981,-49.63520414,4.840464073201153e-05,54.84799114746447
957.03125,0.000103264,133.6574293334924,5.044678716394708e-05,-120.2682359
961.9140625,8.77327074472616e-05,-45.6131974,4.754446527626301e-05,69.57364597509344
966.796875,6.389465538453723e-05,132.9529660369713,3.340959668480903e-05,-121.1523874
971.6796875,4.081396425619895e-05,-46.36014964,2.710450634080708e-05,27.99959543
976.5625,1.968957957248065e-05,114.1050607441475,3.011025217462591e-05,-168.4853125
981.4453125,1.046384816920586e-05,-130.2298449,3.355690063761593e-05,0.5402482697526969
986.328125,7.312143845605327e-06,19.59418542346297,3.826641746632848e-05,176.5577211118943
991.2109375,3.664235285502645e-06,-129.216319,3.408840291612796e-05,-0.988802773
996.09375,1.404503104353573e-05,-117.5502058,2.220119158441113e-05,-170.9237672
1000.976563,3.53779419115406e-05,62.82660136767018,1.910703306832701e-05,23.29406684218867
1005.859375,4.083691563883975e-05,-122.4690227,1.822663736371804e-05,-124.0863607
1010.742188,3.896745465386913e-05,42.89908705830658,2.898607109586287e-05,97.31797878183814
1015.625,2.22566276155027e-05,-170.5102637,3.726605724760486e-05,-63.85280181
1020.507813,1.889820809653531e-05,-64.28390362,3.113158715499463e-05,142.9258230399351
1025.390625,2.430117094406079e-05,112.5325650940946,1.554884707975068e-05,18.21364703733887
1030.273438,2.00732858989862e-05,-66.57584248,2.529666994682348e-05,-101.3877606
1035.15625,1.511936631333662e-05,-175.5820112,3.514250859548417e-05,94.39430314650161
1040.039063,5.243046786154317e-05,23.55749709859671,3.888043383892993e-05,-48.40241163
1044.921875,7.573558136812257e-05,-163.5409019,3.680715713966252e-05,160.2337619034552
1049.804688,7.902752588659012e-05,13.32246615511422,2.879157768407246e-05,0.3995430768008468
1054.6875,6.631472636820785e-05,-164.8041217,2.686911988390983e-05,-173.0665979
1059.570313,2.73209339766345e-05,28.39523814505153,1.448668275186279e-05,-9.053330967
1064.453125,2.290509048973605e-05,-47.52419519,8.268088500603125e-06,-3.804878623
1069.335938,3.782484770445144e-05,142.7384870262809,2.809516651040591e-05,154.5487091077844
1074.21875,4.781095751748413e-05,-21.71816653,3.921718891298785e-05,-19.96192288
1079.101563,5.534651497720688e-05,174.0792210101013,4.331125279005427e-05,159.8511957193757
1083.984375,5.622628756241477e-05,12.60487899756932,3.731355916774742e-05,-24.07099362
1088.867188,7.576317532149089e-05,-156.4757441,3.344742290756723e-05,169.9662721860158
1093.75,8.604188029967172e-05,24.23654488050139,3.137546680554396e-05,3.408328225893797
1098.632813,6.076306029995479e-05,-158.299791,2.388488958115061e-05,-162.453464
1103.515625,2.208102421659928e-05,22.30900254354638,2.311961652693415e-05,38.79906403901931
1108.398438,1.988878670272036e-05,-21.94075697,3.384452286272144e-05,-104.8490551
1113.28125,4.884544667389934e-05,167.1289000783152,5.259716008965135e-05,87.87082590637985
1118.164063,5.259160151361164e-05,-23.95459508,5.176519930444005e-05,-95.35391664
1123.046875,3.514210579544069e-05,130.7019728063298,4.465026687036501e-05,78.8631175
1127.929688,9.904189593093407e-06,-114.8687175,3.803184901684269e-05,-113.0734184
1132.8125,2.561291421791629e-05,-28.90321685,2.152371880908249e-05,28.53031021261418
1137.695313,3.885039151051411e-05,150.3043713833832,2.369266464636832e-05,148.2897456200915
1142.578125,2.182041305574385e-05,-20.03709895,2.653225390611924e-05,-49.43636611
1147.460938,1.386060552490429e-05,-49.08409333,2.32368078665137e-05,115.2265700584285
1152.34375,3.0549611787246e-05,150.1323875810753,1.41592767421374e-05,-77.12922251
1157.226563,3.27783162809588e-05,-17.54230679,4.167928552437712e-06,55.56092354110744
1162.109375,3.091216022773541e-05,-179.3743655,4.317727754252903e-06,-101.4658208
1166.992188,3.472416998816992e-05,25.31754707196024,1.284015879639355e-05,103.7829233142487
1171.875,4.433812024174806e-05,-134.0430163,2.348795251026452e-05,-79.41376861
1176.757813,4.44353118488215e-05,45.28293283605072,2.9060865709277e-05,102.6979087351395
1181.640625,3.373755778069273e-05,-174.1113097,1.565099741569203e-05,-60.31338195
1186.523438,3.247675192293496e-05,-32.29450065,4.296779838488207e-06,-145.7994226
1191.40625,4.443018564292762e-05,120.3122454950906,1.109956865088798e-05,78.17220672521302
1196.289063,7.13615118816108e-05,-64.44998031,1.721408528348226e-05,-133.2728885
1201.171875,7.118815524017363e-05,120.9619869903969,1.616328648320882e-05,-6.474021117
1206.054688,5.746865981142995e-05,-52.22754444,2.635946477106653e-05,179.5849584825927
1210.9375,4.484145902134901e-05,142.9100245246717,0.000217391,37.63900620638118
1215.820313,3.128447093091479e-05,-1.532377882,0.000637994,-138.8916788
1220.703125,3.091740293781902e-05,-139.437896,0.000875606,42.13093314870672
1225.585938,4.453462703015571e-05,62.32446194664419,0.000884706,-137.083568
1230.46875,5.513670559506421e-05,-112.5190376,0.000836719,43.86784049
1235.351563,4.01798944896428e-05,71.15356362498783,0.000503713,-134.3109636
1240.234375,2.009597954677665e-05,-44.70708815,0.0001204,57.39324610570979
1245.117188,3.06853224616491e-05,-169.8119907,4.072925263440473e-05,-60.2581613
1250,2.833882645669184e-05,35.66372606163169,4.470053979744571e-05,119.8325807013965
1254.882813,2.950344007538161e-05,-158.0254743,2.595697126860365e-05,-53.87410402
1259.765625,3.010103152868712e-05,19.54764302558372,8.824337165962634e-06,84.90348160169997
1264.648438,4.07048698552093e-05,-114.5457405,7.187039385660911e-06,-134.6618248
1269.53125,6.771260269045454e-05,71.37815496214456,1.114144115427519e-05,-0.616810259
1274.414063,7.682648346448101e-05,-108.8572485,2.564341902940114e-05,-155.4742432
1279.296875,8.184149502830634e-05,84.88631029825746,3.825569929010987e-05,51.63435976367683
1284.179688,8.311040616603656e-05,-84.46505032,4.950094440955783e-05,-122.9581689
1289.0625,7.979850712608385e-05,104.1144791371212,6.440508493622115e-05,46.02361646030344
1293.945313,9.999176121978677e-05,-63.51235767,6.615436529896149e-05,-148.1810218
1298.828125,0.000119793,120.7787143559255,6.337695097494455e-05,17.92559834656454
1303.710938,0.000108168,-61.95993023,6.399169453201063e-05,-175.8636999
1308.59375,8.481626499930966e-05,106.9533712957464,4.733882903147425e-05,-23.00959829
1313.476563,6.880709768785899e-05,-96.77917673,2.964592238892333e-05,100.7219630172672
1318.359375,7.25759824360182e-05,47.81638425222975,3.170629174199255e-05,-134.2562232
1323.242188,9.886678108163787e-05,-144.5134419,4.118005674139017e-05,9.411616258916043
1328.125,0.000109036,41.43884642427125,5.21128100438614e-05,160.0411801642379
1333.007813,9.611062723091059e-05,-135.9791973,5.710343297336295e-05,-49.54421965
1337.890625,7.601280539711535e-05,45.27332124445719,6.272770762028721e-05,110.5837817528466
1342.773438,5.778746548393071e-05,-130.0634528,5.94412913842388e-05,-78.09194505
1347.65625,4.140419545210917e-05,37.65906544249964,5.370770040867646e-05,85.05707955295068
1352.539063,2.881428052308841e-05,-171.1483047,4.586416600909619e-05,-113.4157889
1357.421875,2.828110685235667e-05,-30.13151234,3.25213175434185e-05,31.38581746506218
1362.304688,4.192697900768246e-05,130.9261741821248,4.321472361356556e-05,173.2636533298359
1367.1875,5.13709626986649e-05,-67.76994797,5.728744342234493e-05,-15.68624605
1372.070313,6.019220072159236e-05,99.31800201423118,6.501368853334004e-05,163.4271738867613
1376.953125,6.019851793277935e-05,-77.31835037,7.275913412191996e-05,-14.12648347
1381.835938,5.695070714692032e-05,116.118518,7.887068718935809e-05,168.6446447982966
1386.71875,6.491653727059165e-05,-35.40044614,7.767838981523079e-05,-5.428120766
1391.601563,9.276241101946147e-05,168.4459958374258,7.403721205513637e-05,-179.5266783
1396.484375,0.000111066,-4.887183181,6.871011458645054e-05,1.193100569448612
1401.367188,0.000104546,176.5197337955919,6.515673283439038e-05,-169.6077069
1406.25,8.32732838043749e-05,-10.3020103,6.757278120352057e-05,17.12635901273233
1411.132813,6.427968513093995e-05,146.4107547085059,5.658494571442382e-05,-178.5938249
1416.015625,4.744417668042052e-05,-50.61639332,3.570640451543571e-05,-24.54176422
1420.898438,3.477264511645793e-05,138.2573314265446,1.406444031065746e-05,140.5000869152052
1425.78125,3.827949698781081e-05,-9.001062523,3.995408383665357e-06,-85.07581381
1430.664063,4.12811628162153e-05,-155.9321535,8.161012315872982e-06,-107.7458088
1435.546875,3.679147912214045e-05,60.88326570102877,4.358338066479669e-05,59.30781289942158
1440.429688,3.494919884376885e-05,-71.61618145,6.703319702695402e-05,-132.4462734
1445.3125,4.561006237606291e-05,142.1548230529297,6.803409553277872e-05,36.42784243116851
1450.195313,5.185401044337914e-05,-46.00209804,5.125285738392716e-05,-139.0399652
1455.078125,5.752896621139479e-05,107.9710821186375,2.179183172235297e-05,85.45294699891048
1459.960938,6.364004522482365e-05,-88.33591478,3.761431615841826e-05,-19.19203611
1464.84375,7.075188394485847e-05,75.22646886180823,6.23263887583964e-05,170.9914626266378
1469.726563,6.241561060462439e-05,-112.7002906,7.025349689112942e-05,-4.95600566
1474.609375,3.252808413348763e-05,85.37735509982529,6.469986536160644e-05,169.6146313
1479.492188,1.525858169806646e-05,-36.86092429,5.199657340580761e-05,-16.10656958
1484.375,6.802816823081947e-06,-172.644268,3.915880561880257e-05,164.7992414
1489.257813,1.092217343354383e-05,179.2536857,2.478912722392044e-05,-31.33434389
1494.140625,3.986121821693769e-05,-11.29118231,1.289063888663279e-05,62.68817589154188
1499.023438,6.94739010360526e-05,171.6587771535439,2.435819596680353e-05,176.5754657431311
1503.90625,8.063625867359866e-05,-4.675296119,3.591235789761278e-05,-34.7004241
1508.789063,6.999555814415107e-05,167.2627815,3.866855617557978e-05,120.4783698419471
1513.671875,4.683036206087606e-05,-18.68540513,3.03378015776696e-05,-98.63674211
1518.554688,1.135149241619509e-05,-157.0389872,2.799003093923427e-05,34.67229072259835
1523.4375,3.407260194163179e-05,137.9502925362267,3.241836650457633e-05,163.9698369437734
1528.320313,4.662537096063985e-05,-30.66446089,4.728343348534221e-05,-55.42936481
1533.203125,4.141798040815925e-05,166.8342050427464,5.409359078904016e-05,101.7988446941231
1538.085938,4.556939812282684e-05,1.040440233,4.944087121982422e-05,-87.40210057
1542.96875,4.415551656331839e-05,-170.8385401,3.453585212030842e-05,94.28546229743218
1547.851563,4.020202785756567e-05,18.50030521016292,1.41883589459229e-05,-77.65797116
1552.734375,4.905980146473844e-05,-173.991562,3.67027424395316e-06,-149.0727203
1557.617188,5.517197350562691e-05,-6.239328467,1.35541980383102e-05,81.67684724467776
1562.5,4.285178817705133e-05,173.9102211300875,1.900619879833386e-05,-106.3583833
1567.382813,2.703492269921965e-05,3.914025747897018,1.838236918083281e-05,36.73891123405249
1572.265625,1.621108245971014e-05,-164.3978849,1.79798756565818e-05,170.6516435957258
1577.148438,8.97400495066065e-06,5.160924005270461,2.409359162773549e-05,-50.18398568
1582.03125,1.375148221070486e-05,153.1758273384038,3.576796680244696e-05,113.8994193021853
1586.914063,3.377988029759653e-05,3.510176622359713,3.989089796545355e-05,-76.2218463
1591.796875,6.151415580936858e-05,-162.5939839,4.027050474537515e-05,98.64606804080532
1596.679688,7.442556540006582e-05,13.46689804454088,4.00559914366246e-05,-64.98669276
1601.5625,7.863736513279324e-05,-167.9764079,4.61505453708589e-05,143.9879675332743
1606.445313,6.351197939582857e-05,11.91304530499159,5.663503718473291e-05,-29.74705154
1611.328125,2.8662907321505e-05,174.9610085645663,5.894385491978355e-05,143.5073942550833
1616.210938,4.100936140442096e-06,120.9010850495102,4.995198737838748e-05,-38.90909754
1621.09375,4.795303343792843e-05,-54.70407753,2.709422216025054e-05,141.0094412163079
1625.976563,9.371745446596188e-05,122.8699676028562,8.977683957553602e-06,-0.723859478
1630.859375,0.000112861,-59.18885436,1.579373489866009e-05,-138.3621764
1635.742188,0.000110351,121.6252457260418,1.900311078110251e-05,47.91529659108151
1640.625,9.928466021949943e-05,-47.47161211,1.467584807104229e-05,-143.5035172
1645.507813,8.082653823650737e-05,158.2328185512144,9.4521564563402e-06,-17.36712612
1650.390625,6.234448608225563e-05,1.522028486250313,1.185275119947094e-05,106.5206782154814
1655.273438,3.331081231529942e-05,-173.0356325,1.344299779283694e-05,-93.80155359
1660.15625,8.93718724736127e-06,-50.31284598,7.836362554068835e-06,103.9182773
1665.039063,3.858212923701816e-05,54.31206325249792,1.66927925168015e-05,0.2478269753265221
1669.921875,6.838711978826996e-05,-126.227746,2.598684774426415e-05,-161.0913524
1674.804688,5.710593839455469e-05,54.67355690174829,2.681046730300036e-05,38.63655464831747
1679.6875,2.036266845186601e-05,-130.1916269,1.667188019675272e-05,-118.3667558
1684.570313,1.360350826104563e-05,-111.7629392,2.225548417347709e-05,172.4344607315041
1689.453125,4.522945770674801e-05,68.31134468,5.307723507125754e-05,16.52913415580117
1694.335938,6.322352298039768e-05,-108.4258588,7.73180309096658e-05,-146.9182057
1699.21875,5.195903278092165e-05,64.53249164817639,8.672160338456169e-05,44.44770032634516
1704.101563,3.720548210505481e-05,-129.5095846,7.062435605372099e-05,-124.7990584
1708.984375,3.669258263898969e-05,58.26086922405718,4.863087605706476e-05,69.41022568879748
1713.867188,4.40050445993811e-05,-126.1605901,2.631616505996e-05,-97.24005163
1718.75,4.802893577501966e-05,41.67841966945452,7.945476473015461e-06,100.5970468481314
1723.632813,5.121780521842484e-05,-138.8459555,1.25366937660977e-05,-144.613382
1728.515625,4.714215991356367e-05,35.71636743792133,3.02999829807017e-05,42.91543793940492
1733.398438,2.37341187847632e-05,-160.6291246,4.031878799818576e-05,-120.6133318
1738.28125,1.148441515888411e-05,160.2473184088527,4.679452062113692e-05,72.83998346711475
1743.164063,4.705889242354215e-05,-8.94602719,3.910139746195754e-05,-93.04168307
1748.046875,6.718232478571828e-05,174.1297931810445,2.077316915989012e-05,112.4731495387461
1752.929688,7.191280180579297e-05,-15.35998415,1.759311048845972e-05,-11.93214944
1757.8125,6.535354277563507e-05,154.1614119820274,2.776672516466577e-05,-146.4467699
1762.695313,4.985515447360974e-05,-37.49084779,3.80952957349735e-05,72.13459143995063
1767.578125,4.256914853430176e-05,124.0166195538302,4.234897253090032e-05,-85.4178753
1772.460938,3.710565530973131e-05,-76.5807256,4.772207999793275e-05,102.8104854
1777.34375,3.16095828258072e-05,56.99720492289661,5.77676832045292e-05,-73.10503345
1782.226563,4.617161451698044e-05,-170.9716328,5.0865392182077e-05,115.9865525054589
1787.109375,5.943425826635146e-05,-4.029175841,2.735391374908091e-05,-45.91958845
1791.992188,5.577703088037814e-05,175.3397582468714,1.602765681501131e-05,175.8624007081176
1796.875,4.156070456404451e-05,-11.32063556,2.480619931684338e-05,30.22176829031192
1801.757813,1.812399603204279e-05,145.2372210699128,3.368621447990731e-05,-139.1591441
1806.640625,1.776544058085166e-05,-81.39481286,2.817266845581374e-05,33.20662171105908
1811.523438,4.774551823875643e-05,117.5982373680015,1.201264566184387e-05,176.0664807619707
1816.40625,7.816016586565186e-05,-51.79871,1.656065842124941e-05,-52.85021335
1821.289063,9.889739020483153e-05,138.5924420419703,2.775412864350677e-05,151.2197356094261
1826.171875,0.000105838,-34.091811,2.687671806901001e-05,-13.04074359
1831.054688,7.264605144320715e-05,155.7728962244738,2.398243472978225e-05,-178.3337448
1835.9375,3.455894973402548e-05,5.500776651224809,2.803966384662358e-05,3.846817384800535
1840.820313,2.671535238892855e-05,-116.3499461,2.408913010634422e-05,-174.1162694
1845.703125,4.753282166333577e-05,98.79878013781241,1.766487752673381e-05,32.77954135347618
1850.585938,6.408431595307362e-05,-90.37611895,1.145356977222165e-05,-129.8282255
1855.46875,7.038027057443948e-05,56.44948469345262,2.049340475939955e-06,-16.03347969
1860.351563,7.795229470410586e-05,-144.2753368,9.071014393692733e-06,29.85202723066812
1865.234375,6.607855812876318e-05,36.06564764309886,2.34456945107872e-05,-161.1574742
1870.117188,3.813428477475244e-05,-138.5137424,2.953069985682525e-05,42.26653449786438
1875,9.281992303876355e-06,70.10656926804397,3.669986308844749e-05,-90.80071051
1879.882813,1.825052884674517e-05,-4.556497599,5.046075777553385e-05,110.7707382466614
1884.765625,1.902468741153276e-05,-168.3500855,5.342143408264003e-05,-71.05537003
1889.648438,1.986152722813652e-05,81.24830824843124,5.351195244176756e-05,88.26670663464319
1894.53125,4.252041515666999e-05,-80.79856559,6.526145867365248e-05,-121.1314513
1899.414063,5.105782792091914e-05,108.4117640059913,7.568101506698272e-05,37.22579735020666
1904.296875,4.826733456124134e-05,-58.07652407,8.001285305143268e-05,-156.4532292
1909.179688,5.537419227118619e-05,122.7844243697076,8.660772847059292e-05,22.95922241691539
1914.0625,8.543042942383366e-05,-76.41490504,8.512560258604204e-05,-153.239794
1918.945313,0.00012334,85.26792925929931,7.53238266478045e-05,29.26341638167358
1923.828125,0.000141489,-107.0437669,7.355409165683106e-05,-144.0091568
1928.710938,0.000150612,61.55793639420513,6.566339920938671e-05,46.56105617310535
1933.59375,0.000124979,-133.5348182,4.208001178856394e-05,-105.3142747
1938.476563,7.280610247745284e-05,10.18595565641288,4.342703689087111e-05,128.6262393014199
1943.359375,6.264576120540159e-05,150.2774345379509,5.607296884473563e-05,-28.99047639
1948.242188,6.381136530906813e-05,-35.65010941,5.799661943130188e-05,161.9268831045638
1953.125,6.556340756463553e-05,146.0436992644969,5.47887219551037e-05,-15.47371901
1958.007813,6.030970580090022e-05,-19.51941169,4.843497612484469e-05,153.5705585431576
1962.890625,6.638175791416281e-05,-176.6886585,4.68439927511628e-05,-46.56088002
1967.773438,6.368621301758007e-05,13.38179749489436,4.74019876134375e-05,118.7975265
1972.65625,5.13210446974928e-05,-149.9424828,4.697938999502243e-05,-70.16832303
1977.539063,4.129461484758811e-05,41.31190589766807,4.750531423852324e-05,105.0970375992185
1982.421875,1.627760368997297e-05,177.2028228949904,3.287145544500605e-05,-76.77092195
1987.304688,3.048463339721946e-05,-72.92114483,1.158528991459856e-05,69.71630439
1992.1875,3.839215321077368e-05,116.2825435091469,9.871851669390465e-06,-159.6852415
1997.070313,3.467042161963664e-05,-48.17104904,7.408444611406411e-06,-46.65756879
2001.953125,1.847585764803525e-05,162.4202020045657,1.597557326813388e-05,121.9279075087838
2006.835938,2.313683071127206e-05,61.6687808,1.237245351109504e-05,7.793562673378872
2011.71875,4.268206383739804e-05,-94.4628354,2.273412459378815e-05,-119.9481857
2016.601563,5.769716780430712e-05,89.81193099609308,2.626631048774661e-05,56.43020076068128
2021.484375,5.538871209017164e-05,-96.16727962,2.313314278435919e-05,-134.9791667
2026.367188,2.868926875861372e-05,80.65152614948556,1.536548284967409e-05,-32.59051205
2031.25,1.140339286158688e-05,35.64188126560945,4.565592669473707e-05,98.84489207389905
2036.132813,4.642369554720737e-05,-130.0565515,5.904211509414822e-05,-90.14331612
2041.015625,7.265149438201648e-05,48.68214380448021,3.699614383681095e-05,75.94971864151472
2045.898438,7.129813388916468e-05,-142.3451182,1.65025645609045e-05,175.7773677
2050.78125,5.752542560910557e-05,8.407682078125099,3.936435059823942e-05,-64.13275079
2055.664063,5.009796136751369e-05,165.8910516284603,5.63960214966416e-05,108.5998734840526
2060.546875,3.382228207187543e-05,-15.47339651,3.666388082658159e-05,-47.03295672
2065.429688,2.31194973705852e-05,-153.6332219,3.44424193078797e-05,-139.9188736
2070.3125,3.137952036313062e-05,62.21958165520751,6.480641025596429e-05,68.64264334416715
2075.195313,4.105283438579125e-05,-87.35601879,8.960656211133092e-05,-107.829082
2080.078125,5.473202205890831e-05,110.5528031003623,8.580863076674059e-05,73.75530912523386
2084.960938,4.090796216806079e-05,-50.69957391,5.859914341051943e-05,-104.1636142
2089.84375,3.967527937519918e-05,-175.5428687,3.383877850066694e-05,77.86734032881441
2094.726563,5.458672792219578e-05,28.84901794,1.228538306955622e-05,-68.65825818
2099.609375,6.077771122594389e-05,-127.448979,8.732859819566715e-06,-171.1370068
2104.492188,6.157273757110799e-05,72.32165888338291,2.505611657007296e-06,-21.61919963
2109.375,3.903010161630771e-05,-97.06236198,8.898478485599306e-06,71.07902089017809
2114.257813,1.272414247203797e-05,78.41826735,2.200866389206892e-05,-134.992513
2119.140625,9.801586521948652e-06,118.0818553112925,3.92316721744748e-05,20.46065124959723
2124.023438,3.207194071188137e-05,-59.60530446,5.363902948423414e-05,-177.40016
2128.90625,4.496286224478886e-05,130.4494905179234,6.100030978348754e-05,-11.32049134
2133.789063,4.754117250577041e-05,-47.92594212,5.195828765392352e-05,153.1772427
2138.671875,5.137674993329964e-05,140.2391966474997,3.00266066265404e-05,-49.94064977
2143.554688,6.76776700037677e-05,-32.16110186,1.476493909116802e-05,71.71343813
2148.4375,9.426723551717786e-05,149.0801736919001,2.32148061612714e-05,176.5371524291077
2153.320313,0.000101879,-26.39218833,3.798051087684172e-05,-46.09989899
2158.203125,8.231851908348531e-05,157.6152727827238,4.471583730688533e-05,91.80058943754705
2163.085938,4.927020212622802e-05,-28.36254211,4.391579462700266e-05,-119.0717086
2167.96875,1.25452694899522e-05,127.4177552463384,2.575102199560822e-05,63.64610838127265
2172.851563,2.20015273471922e-05,170.2355098639993,4.73020039208021e-06,-35.27905012
2177.734375,3.584831151535173e-05,-3.045305742,3.350561590554201e-05,-110.28375
2182.617188,2.928944500510491e-05,-171.8411818,6.265843831253515e-05,64.82239222647561
2187.5,1.613016671837795e-05,-6.105637838,6.302673379451405e-05,-117.3797349
2192.382813,7.493700785767329e-06,135.0992126481434,5.099720783502861e-05,82.26495240527002
2197.265625,9.896993363587796e-06,75.61298477535894,4.687282455711916e-05,-75.48687624
2202.148438,2.346203166207442e-05,-101.4407274,3.287894562470295e-05,102.2948482728563
2207.03125,2.644427944081695e-05,81.05115210164885,2.782548587959512e-05,-120.8572543
2211.914063,2.400905708680357e-05,-125.6638209,3.671540602315965e-05,42.39241028390204
2216.796875,3.625606546276803e-05,-5.172435145,3.547430139484041e-05,-136.5367482
2221.679688,6.023856927072651e-05,155.6540239283318,3.367757787834156e-05,47.10165613513062
2226.5625,6.838316426194195e-05,-31.20291749,2.228397321389133e-05,-111.7259615
2231.445313,5.980459305076626e-05,147.1578947320064,1.779782564147803e-05,168.1726432050004
2236.328125,3.145674144277623e-05,-8.916538397,2.916125478897052e-05,38.24627365138135
2241.210938,3.59446796062683e-05,-90.63929767,4.052759367458347e-05,-96.20437101
2246.09375,6.943009563058931e-05,96.48478046927562,5.477359312060252e-05,91.73299844243975
2250.976563,8.685690145108988e-05,-98.22426703,5.355195285747945e-05,-102.3579621
2255.859375,0.000100943,68.22835006548239,5.484721579932975e-05,68.93285918466702
2260.742188,0.000108406,-123.7255997,5.895846683171307e-05,-115.944622
2265.625,9.101183341459335e-05,51.29300379762729,5.18317110069319e-05,47.22498094165069
2270.507813,6.204889030695499e-05,-129.3151881,3.9565050055749e-05,-158.1086096
2275.390625,3.821212364245944e-05,50.77693907085325,3.383405123857948e-05,-3.633517491
2280.273438,1.449312042905062e-05,-92.20437905,3.938627903824879e-05,148.1846358851236
2285.15625,4.186024528233524e-06,-179.7422123,2.785583798735408e-05,-88.07956182
2290.039063,1.017352550937305e-06,-31.44683787,8.988977489502488e-05,0.5548389176312761
2294.921875,2.582336043057518e-05,135.7161490050497,0.000154394,171.0667098169379
2299.804688,4.516966803802288e-05,-54.41899425,0.000152365,-7.573588216
2304.6875,5.534969374944694e-05,112.8683457735434,0.000136582,177.1053782174492
2309.570313,6.138829976654963e-05,-70.39671507,7.312252746454345e-05,16.74919482
2314.453125,5.258955655987031e-05,97.34141414246756,5.341348191056507e-05,-69.52302008
2319.335938,4.073257776037845e-05,-100.3594326,7.340295858796694e-05,127.6402025686378
2324.21875,4.426834201668548e-05,82.42450058,6.447915600840914e-05,-58.58526102
2329.101563,5.343062223885363e-05,-96.95185554,4.40000118122336e-05,120.3770595723869
2333.984375,4.688478430793373e-05,77.31673141435844,2.588804196397714e-05,-54.47563189
2338.867188,4.085451940722651e-05,-112.5082171,1.98374278012929e-05,152.1413438559298
2343.75,3.634163101734077e-05,40.54993467718075,2.274535229249903e-05,28.56077509597603
2348.632813,3.937212761953971e-05,164.4768585,2.840150774661915e-05,-124.1609068
2353.515625,5.265123786817734e-05,-44.29944151,2.909449676998226e-05,45.06583322591091
2358.398438,4.676358583013019e-05,139.1609138,3.095360255072442e-05,-166.8945109
2363.28125,3.855940113973993e-05,-12.73938447,3.057208516446332e-05,-15.5917795
2368.164063,4.119025480682807e-05,-163.5100728,3.213318295196373e-05,154.8547405319211
2373.046875,5.310497653465446e-05,40.23785083060036,3.281095439402798e-05,-19.8360743
2377.929688,6.335575293670282e-05,-126.1265687,1.920390735631814e-05,178.3692448653203
2382.8125,5.876481406243802e-05,66.18777603102993,1.368358169077148e-05,76.81030983058206
2387.695313,4.791157458522544e-05,-94.84877154,1.617841518735153e-05,-68.51074073
2392.578125,3.933996137245118e-05,106.1121279494646,1.487270779222464e-05,-178.5007747
2397.460938,3.140995725508799e-05,-57.82697733,3.13335005631079e-05,44.29753712709539
2402.34375,1.447395037573447e-05,110.5167813246663,3.723235890549347e-05,-115.6944865
2407.226563,1.838322609320352e-05,-175.5783542,3.409390235280559e-05,74.49379549879237
2412.109375,2.92390197174e-05,10.93051950698094,2.56380270995914e-05,-118.981793
2416.992188,3.953021646821804e-05,-150.6263519,1.428056127907135e-05,33.13473616522652
2421.875,5.339557779978058e-05,30.34611583143026,6.586440335004303e-06,158.5193721959062
2426.757813,5.880556174936484e-05,-135.4793604,1.757507346813281e-05,-78.33409739
2431.640625,5.481474904392578e-05,60.76411514076822,3.24195462636494e-05,104.4050065509304
2436.523438,3.322907825410819e-05,-118.836646,3.733441665652048e-05,-70.10154248
2441.40625,9.690964807988043e-06,113.5165708538905,4.140479759840854e-05,103.9809370675727
2446.289063,3.786745743477033e-05,4.866310385,3.589404976117208e-05,-84.40465404
2451.171875,6.382047002254748e-05,-161.9513036,6.954150590432502e-06,89.50829139384371
2456.054688,7.500712974565948e-05,25.34799578166121,2.424979673178781e-05,90.67357196827018
2460.9375,8.243760665176606e-05,-160.5937311,3.833350167699731e-05,-94.73501655
2465.820313,8.288789075364801e-05,13.89744152487516,4.724464610030495e-05,63.45641854419522
2470.703125,7.071023681492935e-05,-163.9234581,6.107573916274586e-05,-139.3564657
2475.585938,5.822762058108241e-05,19.93159714904719,6.199526472024401e-05,35.07040511346597
2480.46875,4.807454301983876e-05,-156.7761876,4.920098184536846e-05,-139.675646
2485.351563,4.613101823285753e-05,27.44551174357384,3.453859976649621e-05,39.39028399998698
2490.234375,5.450613905833756e-05,-151.1676688,1.966316717337101e-05,-144.7586697
2495.117188,4.800865799387881e-05,26.42511361069429,8.166939250092718e-06,-20.09948844
2500,2.553257011810165e-05,-162.9032278,2.621931537833858e-05,108.2981602717223
2504.882813,8.973169766146692e-06,-11.4788972,3.535723718842167e-05,-83.84700202
2509.765625,4.747726650812223e-06,88.59790795706395,2.659180575040696e-05,72.26315382638032
2514.648438,1.147210319797931e-05,40.58027563455917,1.745976146364215e-05,-130.945164
2519.53125,3.838831315882907e-05,-155.7711264,1.250721389876188e-05,49.42364169820304
2524.414063,5.726684293243591e-05,2.408047190052388,1.470297015469816e-05,-78.2246939
2529.296875,6.728502779776191e-05,177.7412454695157,3.026307079494343e-05,140.2480758442801
2534.179688,7.365936200885786e-05,-6.989452992,3.933001078672766e-05,-34.84759407
2539.0625,7.948205510792027e-05,161.8814781153076,3.409002384839396e-05,141.8782793928603
2543.945313,7.6382230093956e-05,-17.01445067,2.339563015730357e-05,-8.948109882
2548.828125,6.71432199167218e-05,160.6708096308967,2.784772227949963e-05,-136.7427863
2553.710938,6.307152213954024e-05,-42.05502135,3.010222205094787e-05,67.10048737596033
2558.59375,7.097235275420636e-05,120.0016173754727,1.616769228084443e-05,-107.8090067
2563.476563,7.256318442111475e-05,-67.36836307,1.12664819095928e-05,-50.75941519
2568.359375,6.266272108480159e-05,110.4016713431175,3.814501229769636e-05,105.4179305292984
2573.242188,5.418496333858827e-05,-64.2787074,6.76240092712968e-05,-79.98606401
2578.125,4.561876953848597e-05,106.7642732150296,7.446376329253288e-05,107.5462135618313
2583.007813,4.027056658891627e-05,-114.4241918,5.911477077621265e-05,-54.59194571
2587.890625,3.775634075422667e-05,42.63298376211621,4.235850784956063e-05,137.5373304003921
2592.773438,2.404683144562326e-05,-164.5144359,2.972056809665933e-05,-11.23531897
2597.65625,3.466745191328134e-05,-35.47252505,4.216741303981135e-05,-150.4699323
2602.539063,4.439607652679984e-05,122.4563949708645,4.950946847423483e-05,47.39976049235377
2607.421875,4.111386923389171e-05,-79.81380615,6.032257460866892e-05,-122.5048434
2612.304688,3.613696443327216e-05,87.32474521554822,8.065605816253532e-05,57.90429641615475
2617.1875,2.113793402137715e-05,-125.8746262,9.117922847915739e-05,-122.1535479
2622.070313,2.514478551698316e-05,-22.82371758,8.689537679047667e-05,53.07907978949743
2626.953125,2.933340572130036e-05,103.6329460867714,6.677163919536722e-05,-136.1790234
2631.835938,5.199281000627074e-05,-108.9402481,2.823441237351292e-05,20.18126795062097
2636.71875,7.266967296855579e-05,64.09190624338781,2.743126220601307e-05,82.33914607941624
2641.601563,7.846162410708851e-05,-135.0588925,5.798554102946669e-05,-120.0776806
2646.484375,7.395153716388585e-05,22.85994721845628,6.589122823894803e-05,63.91908310629638
2651.367188,6.062586146156533e-05,-175.4874406,5.022846345208854e-05,-96.63245226
2656.25,5.021590623804859e-05,-12.12558533,2.961911170497573e-05,121.1364782069418
2661.132813,2.704187336743852e-05,168.0249913421232,3.065485755229784e-05,-17.50501741
2666.015625,3.201344096895134e-05,102.0866584866499,2.950258227152844e-05,166.6333897028291
2670.898438,8.215507570489391e-05,-58.61024009,1.546241641828225e-05,-22.30075922
2675.78125,0.000111134,129.3048341937346,7.644671258390078e-06,85.26403116
2680.664063,0.000108233,-48.62869895,1.203846229974611e-05,-175.0496245
2685.546875,8.153743933736452e-05,139.3823053087867,2.913343644201645e-05,-44.02564271
2690.429688,6.052723876134044e-05,-23.08065807,4.696525683135961e-05,124.7980560562047
2695.3125,5.051580192562314e-05,171.7263593831753,5.686499540762555e-05,-61.37958383
2700.195313,5.516029498208183e-05,-0.602801238,5.603538789592721e-05,116.7247464888545
2705.078125,6.238278319503567e-05,174.2357742114897,4.123877381233281e-05,-61.48628522
2709.960938,6.119529035015841e-05,-9.296939663,2.758355582912339e-05,113.6945912680419
2714.84375,5.294932661682977e-05,173.4139072541884,2.170809953348833e-05,-79.00832343
2719.726563,3.197429516381667e-05,-11.1347147,1.943125757415112e-05,92.26070090330077
2724.609375,1.50337630401459e-05,146.5398954125123,2.178653763253439e-05,-87.11271421
2729.492188,4.246531863514826e-06,-10.1237825,2.442136192699002e-05,89.88477672099589
2734.375,3.746166108601637e-06,-57.06690674,2.195517357391671e-05,-106.8563314
2739.257813,5.964196431067523e-06,-91.81459398,1.330227077583971e-05,63.29627703
2744.140625,1.085979785398073e-05,33.20890003818611,1.127232340248045e-05,-49.39278946
2749.023438,2.626653559211383e-05,-174.0291374,3.087937198073619e-05,147.2553955226452
2753.90625,2.176670434176881e-05,23.33664522835016,5.346181915807398e-05,-32.62731979
2758.789063,1.357272402106739e-05,-114.2508461,6.738507284097726e-05,144.5576615751397
2763.671875,1.722101487149954e-05,95.63298214474796,6.266933105009086e-05,-39.56046189
2768.554688,3.174973467823623e-05,-75.30505683,4.039001603312667e-05,145.9453814869597
2773.4375,4.132266500291248e-05,99.12682581155275,2.926418808805713e-05,6.786181692334691
2778.320313,2.722376481427278e-05,-104.6785327,4.76233846532778e-05,-160.4031691
2783.203125,1.348860148341025e-05,27.80849097162895,6.733354573423046e-05,15.78951071528745
2788.085938,1.054235090099782e-05,-38.76908894,6.897372172706543e-05,-170.1227076
2792.96875,3.33672552076285e-05,167.3273045183608,5.340943640417947e-05,-15.81150643
2797.851563,3.845565004146718e-05,-19.67072111,4.570073404272289e-05,127.1421959211403
2802.734375,4.149390400690187e-05,130.3821697745178,4.383820712750927e-05,-71.9832091
2807.617188,3.995422896804331e-05,-66.39151369,4.451217553943818e-05,108.0295195
2812.5,3.262193384053198e-05,92.71347599105728,4.315262142667333e-05,-54.29370544
2817.382813,3.115163579107665e-05,-99.12489656,4.742818017878687e-05,144.8156370782888
2822.265625,2.786990531509377e-05,81.88573118532398,5.086450781579125e-05,-31.86791322
2827.148438,3.19375159845977e-05,-111.0316791,5.050132829350448e-05,139.9720073260317
2832.03125,3.595681720469784e-05,59.49849880478951,5.245854398054524e-05,-61.67800293
2836.914063,4.294953620652179e-05,-119.6252064,5.908626846506436e-05,99.34370229333378
2841.796875,6.306501503051662e-05,69.23442662960133,6.124738307008827e-05,-87.33857697
2846.679688,7.117247413966252e-05,-108.3551984,6.161889517598333e-05,91.01288504198912
2851.5625,5.959929283816943e-05,64.61480778,6.070248500504772e-05,-89.63590683
2856.445313,3.661046076198305e-05,-127.4752786,5.681223731070913e-05,92.74598713830756
2861.328125,1.284026669045048e-05,-44.57993916,4.953878311314813e-05,-82.90807901
2866.210938,4.435593319215572e-05,69.59516288079801,3.474620697999414e-05,89.22226611018309
2871.09375,6.300210576215093e-05,-136.2478294,1.943733967881693e-05,-104.1183753
2875.976563,6.832568010867632e-05,17.72201633160326,1.128469047910023e-05,153.1670879243733
2880.859375,7.217723435913065e-05,166.2820059819264,2.873566319573725e-05,10.8613139
2885.742188,7.397084943270866e-05,-42.42963783,4.216043464247739e-05,-167.5211185
2890.625,6.186940493445188e-05,114.9835929881904,4.996111205381559e-05,12.89211972065998
2895.507813,4.849163762573048e-05,-62.4022376,4.887112287189704e-05,-153.3587451
2900.390625,4.126079646664917e-05,152.9178308694515,4.812106879952097e-05,51.26015624068375
2905.273438,3.984314102114102e-05,-1.525313037,5.139156155419026e-05,-105.1207143
2910.15625,5.227024060543617e-05,-178.7274042,5.982173389438099e-05,93.06788023174539
2915.039063,6.752924641486545e-05,-2.774218464,6.650168723186369e-05,-72.59382799
2919.921875,5.642563905693516e-05,172.9702154707532,7.390004015664927e-05,121.7771478540447
2924.804688,4.156065051865319e-05,5.484762071772513,7.661166401998945e-05,-48.91240264
2929.6875,4.349045378993449e-05,-151.7873053,6.561456006924151e-05,138.0031089015139
2934.570313,2.397331392801418e-05,42.84996183587746,4.641462669558089e-05,-46.84264283
2939.453125,1.170597182821736e-05,40.99553069135407,2.203826827162894e-05,102.9076432382847
2944.335938,3.421608840485584e-05,-115.1167673,2.177826728391232e-05,178.9720334
2949.21875,5.730131347635625e-05,70.28382036943536,5.466312491482804e-05,-10.61751085
2954.101563,7.42255298940347e-05,-99.20882319,7.519737467839166e-05,175.3033834187465
2958.984375,7.072159136491727e-05,104.4189944606057,7.641215927744936e-05,-1.072434788
2963.867188,6.918669079684385e-05,-59.48015497,7.976546657518412e-05,-175.7293662
2968.75,7.962359339113088e-05,126.5021745259042,8.228062812676747e-05,13.99807476957981
2973.632813,8.350083423690659e-05,-40.38525634,7.147021144604912e-05,-150.0517786
2978.515625,7.359458307047042e-05,153.7245412299775,5.537485983492639e-05,43.25193743
2983.398438,7.042859356155682e-05,-18.73549737,3.488378550783527e-05,-127.3862017
2988.28125,6.620273299953885e-05,161.5016532805585,1.575351512379018e-05,107.1473505337527
2993.164063,4.848180580243248e-05,-27.586751,2.782614636716608e-05,-2.195029188
2998.046875,4.344962100803396e-05,144.9453288427595,4.265211116900153e-05,-169.5729347
3002.929688,4.296269426504113e-05,-37.54281466,4.989607573347893e-05,1.931941289469413
3007.8125,2.952633567887373e-05,151.8110029556039,4.794236923427704e-05,169.7486682618344
3012.695313,2.58999292812642e-05,19.30779250781547,3.383740921871297e-05,-19.13935086
3017.578125,1.923834022207975e-05,-153.7807232,2.225004609999602e-05,130.4865335384102
3022.460938,1.065069660639423e-05,-77.35795928,1.833543765408527e-05,-87.96800442
3027.34375,2.346533066049881e-05,66.28495893348597,1.697556888396642e-05,51.52237079798619
3032.226563,3.284313759437791e-05,-110.3895037,1.373900050999717e-05,-134.7022184
3037.109375,3.804564865360127e-05,89.79121529000541,4.99192959838333e-06,-172.2804415
3041.992188,3.364963856387208e-05,-68.90276133,1.868844185187532e-05,47.53832448757019
3046.875,2.959112137659775e-05,119.7499995481014,2.880583217413222e-05,-104.7640893
3051.757813,3.539084970520185e-05,-77.04281865,3.465792179464196e-05,90.19037658697538
3056.640625,3.758734015208313e-05,84.51541259762222,2.697870942233622e-05,-58.28064016
3061.523438,2.688476360118876e-05,-123.1823972,3.309908106977714e-05,-179.7669567
3066.40625,1.658080841866414e-05,24.35210195027364,4.612413448596745e-05,29.57997594822289
3071.289063,4.010182214161505e-06,76.14445812290496,5.312539929726425e-05,-127.8254584
3076.171875,2.493328172426754e-05,-143.6637985,6.029984910359259e-05,71.12672690664337
3081.054688,3.805517873046171e-05,44.18196340504333,5.079671973577989e-05,-95.47448384
3085.9375,4.025686322721742e-05,-112.5744527,2.586212484377845e-05,105.5970216036751
3090.820313,4.164563641721192e-05,105.2500239966199,9.546574940589266e-06,-106.5533059
3095.703125,5.204042411033163e-05,-41.82128774,3.14351813668543e-05,5.232988235612391
3100.585938,6.53947843322054e-05,168.0989579,5.173581979997276e-05,179.8368106082843
3105.46875,8.763715383621115e-05,14.39401403488202,6.304850106163702e-05,9.686239545780449
3110.351563,0.000102915,-155.2427251,5.90143109286019e-05,-166.4312959
3115.234375,0.000105672,27.63152462,3.43315452774111e-05,-9.843382353
3120.117188,0.000101143,-153.0235128,3.0539791480754e-05,105.6918582879446
3125,7.630779795227737e-05,16.92262193914373,4.93545133637492e-05,-105.8432626
3129.882813,5.159451091768318e-05,-172.170662,5.743135117104113e-05,72.36937949129695
3134.765625,3.612978068771728e-05,11.82026738507794,5.22482620306239e-05,-105.2862993
3139.648438,3.501174685216583e-05,175.6982303588223,4.207718023447296e-05,65.69098132657071
3144.53125,5.407864812166398e-05,-2.525237832,2.680503971861944e-05,-102.9332906
3149.414063,6.62124994266867e-05,-177.6086791,2.646364834783599e-05,110.7655687285899
3154.296875,6.982054255461546e-05,-5.698621584,2.428275572571527e-05,-70.59479924
3159.179688,7.743171532047273e-05,164.3585425941538,2.403704012982855e-05,125.3075408344958
3164.0625,7.654949578945887e-05,-32.93045575,3.040224501685491e-05,-33.7644913
3168.945313,6.631814022251322e-05,125.7150175785504,1.38323032878485e-05,176.9165199
3173.828125,4.301511260871611e-05,-59.93914955,2.219741252253154e-05,82.04391290730783
3178.710938,1.612216195164706e-05,177.8835465483546,4.327904920042119e-05,-103.0276525
3183.59375,3.541424526116601e-05,69.13895124,4.916881205354223e-05,76.48964923594772
3188.476563,5.021668191361837e-05,-110.5016766,3.237338559130475e-05,-114.0931344
3193.359375,5.236500506070129e-05,53.85780021972874,2.583922691503791e-05,2.389652229497954
3198.242188,5.692123394272892e-05,-143.9871187,3.822822816266552e-05,144.8559994995102
3203.125,6.201677244407811e-05,23.08763147760566,3.728823359384978e-05,-53.63388528
3208.007813,6.047376809657989e-05,-156.0152299,2.358139105258366e-05,117.6900426635669
3212.890625,6.544769902256429e-05,40.07454957091824,4.881730063019929e-06,-84.37008234
3217.773438,6.268977422895041e-05,-141.9353416,1.0146354805098e-05,-26.15651043
3222.65625,4.348035775795301e-05,31.39909378,1.284145156900105e-05,150.0083380707171
3227.539063,3.362447744288184e-05,-123.317393,1.031873132382252e-05,-77.00520699
3232.421875,2.252369429388718e-05,81.06483279392158,1.445350680888181e-05,57.12928110946514
3237.304688,1.212758624650193e-05,-37.47314184,1.655188372891844e-05,-157.5483423
3242.1875,1.384023177932462e-05,151.1652939050468,2.463297595100025e-05,0.2530550582140402
3247.070313,6.782170546375318e-06,-43.11327939,3.296842352916043e-05,154.9986198052544
3251.953125,4.332462356661505e-06,-1.516419474,4.973779481695887e-05,-42.99620624
3256.835938,2.100416567585128e-05,-121.5725142,5.606123595719363e-05,140.2610563905997
3261.71875,5.653057415958515e-05,81.17566060895908,4.912759470780867e-05,-33.8118074
3266.601563,7.628380470771932e-05,-90.64372016,4.633468115770411e-05,145.8430505681271
3271.484375,6.696596878188282e-05,91.46017382589237,4.204200499678074e-05,-38.08379232
3276.367188,5.200561350885254e-05,-89.59093783,3.710253306240864e-05,138.5682889923087
3281.25,4.104255288662326e-05,95.80934981860297,4.815633110170305e-05,-50.18509198
3286.132813,3.215899067829126e-05,-62.03628763,5.561597160045509e-05,128.1399082007885
3291.015625,4.354465373647907e-05,154.7095462447866,4.753551870579001e-05,-38.61509481
3295.898438,5.67002757922016e-05,-6.687443937,3.596016431724931e-05,155.6696597333613
3300.78125,5.001488766299294e-05,-163.6240004,2.191589671834377e-05,9.852357381733885
3305.664063,4.69514985939535e-05,54.36937459188003,2.39622387908689e-05,-129.8461348
3310.546875,5.814255538213564e-05,-83.90118812,1.310368795416077e-05,66.63821109069144
3315.429688,6.519137734335748e-05,127.0351389119226,5.068655916285753e-06,-2.463972458
3320.3125,5.160704443988706e-05,-24.30884375,3.533636183877025e-06,134.1155994540948
3325.195313,4.109777541769757e-05,-176.5849386,1.769622986426772e-05,-150.8813432
3330.078125,2.681679263073276e-05,9.590394075,4.365676733266156e-05,15.73867507407135
3334.960938,1.141525195710011e-05,-155.1248129,6.806332209438896e-05,-163.5512063
3339.84375,1.272960396582353e-05,106.0992977108287,8.384490436456474e-05,13.21700723197461
3344.726563,2.02743534199387e-05,-54.82291118,8.760262135025007e-05,-172.8657736
3349.609375,1.41445403657785e-05,79.24068886718992,7.859081735294115e-05,4.194305684824795
3354.492188,2.968550400378139e-05,-154.1920164,6.466049262610947e-05,-174.4934768
3359.375,3.636273425422916e-05,13.38775721030711,5.419384862658615e-05,6.500280346410786
3364.257813,4.287973510805476e-05,-178.6969345,4.85774346336207e-05,178.2914052836648
3369.140625,4.315710861936585e-05,-2.056842197,4.405409124307514e-05,-13.86437566
3374.023438,1.740494715564115e-05,-177.455093,3.291597565938238e-05,160.6031061883139
3378.90625,4.326186277698685e-06,154.6267632802124,1.637965877310851e-05,-4.763348445
3383.789063,1.085403886831122e-06,138.3926628,2.16322073623891e-05,-139.6618166
3388.671875,1.406945973650064e-05,-77.31715894,3.038895032955346e-05,51.44135105357684
3393.554688,2.090995119414624e-05,121.9207664,2.876451104820572e-05,-109.3636242
3398.4375,2.445655651207141e-05,-24.40157479,2.342310686688371e-05,71.54430000680188
3403.320313,1.813301657377468e-05,136.6067828782007,3.640303769420207e-06,-99.26432384
3408.203125,2.644497055799511e-05,-101.619506,2.074844547321777e-05,-173.317925
3413.085938,2.661998010380597e-05,83.19045945,3.583181906553862e-05,-24.0636108
3417.96875,2.370831558522802e-05,-81.60242137,3.863743546365242e-05,148.8062229160489
3422.851563,1.940208993761662e-05,116.6809181415919,2.632200504879789e-05,-35.45437383
3427.734375,2.097024212802702e-05,-14.49286883,4.885571316079327e-06,115.1276271475671
3432.617188,3.08873011301583e-05,-159.6606036,2.225050336049998e-05,119.1270512712049
3437.5,1.565349488557976e-05,63.38119629168335,3.978382726302107e-05,-75.69485698
3442.382813,3.122693753231117e-05,-72.51308274,3.452788570253522e-05,88.27295158
3447.265625,4.796828974518874e-05,102.5750723741655,2.403980635495192e-05,-143.5142277
3452.148438,5.116741795375074e-05,-96.42884765,3.491111809935115e-05,-22.35647175
3457.03125,4.125116558493503e-05,43.11950291520968,5.445031591108635e-05,139.1289355484956
3461.914063,7.422823656627114e-05,178.4796634655396,6.94305081409556e-05,-47.59801234
3466.796875,9.860049805512363e-05,-28.95020005,8.218719820748449e-05,134.9782218522305
3471.679688,0.000100649,148.8739823759192,8.561837720531031e-05,-40.61758158
3476.5625,7.748436476404668e-05,-32.7334004,6.641729958409952e-05,150.5546817390398
3481.445313,6.422175422136531e-05,176.1762508,3.222717038954088e-05,-32.70736866
3486.328125,3.603459969553985e-05,24.8514747,9.170945272608454e-06,41.96705726243083
3491.210938,4.941408998529946e-05,-116.3517083,4.423448085970084e-05,179.2501736046952
3496.09375,4.069751249580906e-05,59.89173208007659,6.921558635249129e-05,9.10962965
3500.976563,1.936469518365422e-05,30.9329415,7.381401009609771e-05,-151.3676122
3505.859375,0.013370923,45.13701757910614,0.003003921,45.15255745148069
3510.742188,0.1573619587735656,-134.8881307,0.03451261,-134.8143714
3515.625,0.4834622307041248,45.13268941516559,0.1059007614416049,45.20301809013094
3520.507813,0.690616352,-134.8442688,0.1512494707695809,-134.7743381
3525.390625,0.7086031712186169,45.17828747969971,0.1551824069444453,45.24418683425878
3530.273438,0.6753907151497887,-134.7996522,0.1479163054884543,-134.740293
3535.15625,0.4297365304671356,45.22404676729991,0.094138581,45.27562574287908
3540.039063,0.1189658390899532,-134.7359219,0.026093984,-134.736674
3544.921875,0.007155664,45.79126296193435,0.001597236,44.61470347245803
3549.804688,7.189460132719656e-05,-54.1745873,1.583191613459246e-05,-169.3384538
3554.6875,7.217588159908472e-05,171.6049033597187,1.012815275570348e-05,-112.3551545
3559.570313,5.171951748345334e-05,6.23671786,1.601160617306588e-05,78.65802776481665
3564.453125,9.039375168758523e-06,-143.1311273,2.472904047174713e-05,-53.84991503
3569.335938,9.424627945866534e-06,126.3311868951871,5.195409294368545e-05,147.7143480893655
3574.21875,2.8193588510348e-05,46.81883068311077,6.982540212855089e-05,-27.64469325
3579.101563,2.674676911582375e-05,-120.0607056,6.416350517551897e-05,144.3661410802623
3583.984375,3.839045330969245e-05,51.49516572659063,5.327904710361707e-05,-39.91114229
3588.867188,1.928026307794324e-05,-155.0155368,4.11601319251531e-05,109.5985855049975
3593.75,1.92206662551946e-05,12.20203947077167,3.440685757938494e-05,-110.109382
3598.632813,1.290391720852291e-05,64.55843142,3.151363258688889e-05,45.81892765860558
3603.515625,3.85447746813603e-05,-135.0804622,2.766922734663785e-05,-145.5327088
3608.398438,4.555497396822072e-05,34.68148530284796,2.012039431456369e-05,5.448658867452889
3613.28125,2.71223382633533e-05,-173.6489331,2.252152715832031e-05,117.9441188210545
3618.164063,2.420539351620684e-05,-10.43988832,3.470989381425371e-05,-85.61132543
3623.046875,3.347694875373765e-05,157.9624481,4.378045401558976e-05,96.37762445288502
3627.929688,5.479192913459051e-05,-30.35297612,5.684040613104639e-05,-77.37694748
3632.8125,7.927218783949585e-05,147.1205744393768,7.00642926591538e-05,99.31006760011918
3637.695313,9.611965807532797e-05,-31.95320192,7.920253125404952e-05,-83.45078242
3642.578125,8.530907335453092e-05,130.7903886178503,8.905245618600646e-05,88.19087363296173
3647.460938,7.487254792083849e-05,-76.26196657,9.296617303784054e-05,-98.12481327
3652.34375,7.107209533571454e-05,77.62070652809655,7.757181508203978e-05,86.12428319860156
3657.226563,6.251958197551018e-05,-129.5939493,5.535760664654758e-05,-85.70249917
3662.109375,4.457625293349438e-05,45.06603594278493,4.902884627405351e-05,103.2022281335884
3666.992188,4.276022827513078e-05,-81.08076355,5.696831262245208e-05,-62.85766673
3671.875,7.820018446054683e-05,119.0899201244663,6.126834286772831e-05,123.9404019873582
3676.757813,0.000103702,-54.49713777,5.189743943973819e-05,-58.41227383
3681.640625,0.000120494,124.7100151511008,4.169252371693524e-05,123.1358368
3686.523438,0.00011344,-61.47345811,3.296546206275713e-05,-50.6253564
3691.40625,8.32844813542654e-05,107.6787703667144,2.412309046382343e-05,112.4605067550793
3696.289063,6.06460293825455e-05,-87.31091392,3.204529025796729e-05,-79.72345469
3701.171875,4.95040519903902e-05,84.09329688761527,4.203180570479979e-05,107.6237779832927
3706.054688,3.612411214656189e-05,-82.28033334,3.766452101862608e-05,-61.11608912
3710.9375,4.30349820691662e-05,117.4695406828501,2.53909167087248e-05,129.7619400724022
3715.820313,5.607545785348942e-05,-56.9987622,1.082146655095805e-05,-68.24422487
3720.703125,5.10871792956823e-05,129.6670394,9.553072866876837e-06,21.09121654170208
3725.585938,3.005364196405926e-05,-66.09989291,2.445252277749177e-05,-178.6360821
3730.46875,3.748184292649782e-05,35.60227086196892,4.152983649346036e-05,-3.865227799
3735.351563,6.46131910618947e-05,-173.8853854,4.636284500941469e-05,166.2567361820797
3740.234375,7.371591825812997e-05,-8.840884155,4.638471089385231e-05,-26.53102156
3745.117188,6.844130346302071e-05,164.5625737,4.729915853310361e-05,133.2254957473232
3750,5.70772694091843e-05,-28.3193565,4.637255865260541e-05,-62.79692536
3754.882813,5.24845508895851e-05,134.3330633526255,3.889903334537656e-05,124.9277144323665
3759.765625,5.449597044632989e-05,-38.695437,4.029465995074865e-05,-30.3513905
3764.648438,5.937066690908642e-05,165.4488830680913,5.701516336104775e-05,168.0486877423764
3769.53125,7.485436435364403e-05,15.76612838665931,7.579589190334422e-05,1.134230732145921
3774.414063,8.649518801826118e-05,-151.3732514,8.813793133568593e-05,-171.3457495
3779.296875,7.212731550168409e-05,37.84366213,9.123330635302591e-05,9.051624912306581
3784.179688,5.837698970425944e-05,-127.9975507,8.474617649382351e-05,-170.9034523
3789.0625,4.446295333159264e-05,46.13234390872004,7.645358021825314e-05,12.77554636008737
3793.945313,2.95243466282754e-05,-152.5969998,6.090615258745253e-05,-160.1401674
3798.828125,2.3020694569146e-05,37.71967946629429,3.824738827938259e-05,50.11536946812068
3803.710938,1.943870864015126e-05,-104.3156201,4.533384576316155e-05,-81.46322483
3808.59375,3.849780795939258e-05,113.3926681502223,6.765908369833977e-05,110.1822120027101
3813.476563,7.197408494100883e-05,-70.47496514,8.182825097348631e-05,-70.7516267
3818.359375,9.232978804054573e-05,107.0772135852757,7.053576390566822e-05,102.6178860699972
3823.242188,0.000104794,-75.73993111,4.550038992715127e-05,-97.01910161
3828.125,0.000105556,96.92409110419727,3.989144296150767e-05,46.06603944
3833.007813,7.707298200733794e-05,-80.08109431,4.720668781266495e-05,-159.4288362
3837.890625,4.082734383794327e-05,124.6376367672666,5.219677615809479e-05,8.942167688577102
3842.773438,2.981963688113525e-05,19.54693891020409,5.570167455938658e-05,-169.7741452
3847.65625,6.447751371159954e-05,-121.8523643,4.995374676307552e-05,10.19536344485058
3852.539063,9.351120226312132e-05,66.64270703498491,3.320249902063479e-05,-177.6980402
3857.421875,9.848171763294388e-05,-108.7058208,1.654591279723024e-05,-19.16119224
3862.304688,8.226707380292634e-05,69.30318836,7.795428017821722e-06,95.33160778580951
3867.1875,5.937750260073697e-05,-121.0049931,1.206565134964438e-05,-165.0284556
3872.070313,3.937482223315248e-05,42.27169332,2.237139202527052e-05,-2.338215353
3876.953125,3.223052214448209e-05,-164.4942842,2.936571252995747e-05,167.9977252960555
3881.835938,2.455148965753367e-05,2.172880994579964,3.239246275088018e-05,-29.15977815
3886.71875,8.139545128047109e-06,162.3893177,2.963077928379595e-05,122.6939136
3891.601563,6.396112223101846e-06,-157.8748331,3.452611180075603e-05,-89.7339837
3896.484375,2.578128236580702e-05,11.90745528930905,4.120395022173733e-05,70.70660550913701
3901.367188,3.026796353174395e-05,-161.2222083,4.642826196265242e-05,-136.2560605
3906.25,1.50604346324715e-05,48.76526610011902,5.205539096709904e-05,26.94744846616272
3911.132813,2.474842868967346e-05,-81.89930755,4.798851300988704e-05,-160.8519681
3916.015625,3.810592621001715e-05,120.9107574560589,4.291504985887696e-05,16.39134589290782
3920.898438,3.935206195557399e-05,-21.40248778,2.947382801854163e-05,-160.0171345
3925.78125,4.035956375551959e-05,-168.5556936,1.053561629656512e-05,-38.50402731
3930.664063,4.086795214704633e-05,48.15011845000254,2.649462861780477e-05,81.02954414
3935.546875,4.343338067006955e-05,-96.90294088,4.133545985968948e-05,-102.2552808
3940.429688,2.849186022953725e-05,117.9929565044289,5.652717877649698e-05,88.84025468027907
3945.3125,2.633580143258834e-05,16.66133916577401,6.606275855751626e-05,-80.23967087
3950.195313,4.625859509028383e-05,-133.2336835,6.431031822947994e-05,108.7093745674061
3955.078125,4.664167930575785e-05,57.20705333795368,5.459949446849101e-05,-58.23309269
3959.960938,2.601399556561841e-05,-101.1889424,3.222006611984905e-05,137.0241109
3964.84375,2.462290810049431e-05,142.5491694739667,1.180828956099847e-05,46.23423013031068
3969.726563,5.212204729030006e-05,-28.86898865,3.616713273872403e-05,-75.76745576
3974.609375,8.418989069078913e-05,143.8351623986883,5.193806343179362e-05,122.5313829
3979.492188,0.000110073,-38.54446299,4.897935462140753e-05,-45.0513812
3984.375,0.000127277,141.1014972096682,3.347031253040293e-05,149.1987658935176
3989.257813,0.00011621,-40.14534394,2.044668777474309e-05,7.176666149369473
3994.140625,8.194135107139328e-05,145.3379674,1.69916725876051e-05,-107.8145943
3999.023438,6.259955347533756e-05,-24.87030482,2.013589436131876e-05,115.4655048
4003.90625,4.558627061167978e-05,157.9034452725251,1.833596638800848e-05,-34.68878989
4008.789063,2.342100808209913e-05,-0.42411693,2.427113306630091e-05,177.1752985298005
4013.671875,1.186315346571105e-05,-139.0394823,3.910284670514815e-05,20.62179779370111
4018.554688,9.73829370185993e-06,98.52572043057535,5.529653759930414e-05,-137.4221954
4023.4375,2.074692564786855e-05,-75.41424966,6.437385053896008e-05,57.58249354343732
4028.320313,2.652530205061091e-05,104.8933190486949,6.334067647732386e-05,-112.5591215
4033.203125,3.150142905836654e-05,-65.67453611,5.10473779416303e-05,73.66203546
4038.085938,4.330644038694233e-05,112.0932160279589,2.40439115899864e-05,-114.2806044
4042.96875,4.833935441221245e-05,-82.75823166,1.0874159032432e-05,-55.3401071
4047.851563,4.281177634261256e-05,93.39744121000314,2.713578807106357e-05,88.11757871335668
4052.734375,3.356458852165743e-05,-66.468441,3.315309018127932e-05,-90.65083223
4057.617188,3.565007874089823e-05,139.5855554486194,2.446672708190168e-05,93.41158705348592
4062.5,5.278982217360675e-05,-16.93370614,1.380727451569505e-05,-128.6237805
4067.382813,7.284680568071446e-05,173.8901010784102,1.603376741503328e-05,26.97985777574389
4072.265625,6.723229003953367e-05,-10.3652634,1.720601095571796e-05,-157.9327275
4077.148438,3.94224898078139e-05,161.7599235300104,2.846292473286721e-05,-0.497838889
4082.03125,1.89893606717156e-05,25.57506493117844,3.172865821633493e-05,150.7817801710748
4086.914063,3.322639198033429e-05,-99.08777471,3.389100677014208e-05,-77.16640778
4091.796875,5.234858521699369e-05,88.94423488954324,4.980738592169127e-05,76.23809062049459
4096.679688,6.665032718032775e-05,-103.9845973,6.750288429426638e-05,-115.73377
4101.5625,6.441225028686845e-05,66.88521277258933,7.43905032034225e-05,63.34429907056998
4106.445313,4.853830108554836e-05,-113.7089695,6.805805304545351e-05,-97.84742085
4111.328125,3.069519006194842e-05,59.26470150592722,6.778950729727706e-05,109.2432979429446
4116.210938,1.69840453586123e-05,-140.1161455,6.75626797276733e-05,-52.23525195
4121.09375,9.553874796572431e-06,60.06834658497871,6.04689344173127e-05,145.1290145692942
4125.976563,1.757803500019223e-05,-37.05117363,4.309998803062264e-05,-10.21156923
4130.859375,2.703464069090675e-05,159.8709682303591,2.811884105250759e-05,-144.7479384
4135.742188,2.203298859731982e-05,-16.91251038,2.722333758897325e-05,75.74350806877658
4140.625,1.078553951663537e-05,141.1684889329496,2.623715478997589e-05,-90.33212624
4145.507813,2.622007671079451e-05,-156.9829651,2.206342986138183e-05,107.1861387017322
4150.390625,6.747597893611968e-05,9.271463699975801,2.341699018842511e-05,-45.04236488
4155.273438,9.244313152183663e-05,-176.1546542,2.715700636575536e-05,142.1567334764366
4160.15625,8.940554136749043e-05,-1.369438818,3.352235409683783e-05,-53.05864205
4165.039063,7.149107031803713e-05,160.0188975806962,4.229005509913718e-05,110.7987607
4169.921875,6.233587673198e-05,-46.39686054,4.428520704015729e-05,-70.80460294
4174.804688,4.427138766860782e-05,111.0344272744599,4.78380461454744e-05,113.4485369869073
4179.6875,3.273902053775276e-05,-86.09031218,5.370547956513738e-05,-61.11714506
4184.570313,2.31216070228929e-05,121.4935035920431,5.695016117181208e-05,129.2366247070901
4189.453125,1.661728999692828e-05,23.07734586347939,5.790830297167618e-05,-47.989532
4194.335938,1.98287706557718e-05,-107.1740676,5.149316861479569e-05,130.2590449557421
4199.21875,1.698676356632446e-05,83.66198954326502,3.055949951846151e-05,-42.87957359
4204.101563,2.030774573956268e-05,-67.79062143,7.188905007576004e-06,128.2656056342304
4208.984375,2.835607218449777e-05,157.5918506241578,1.394492312047777e-05,-171.4618585
4213.867188,4.8395164913881e-05,12.47179200576123,3.391817496008708e-05,5.038231993112154
4218.75,7.99578808902552e-05,-166.267181,5.063670317116022e-05,-158.5564219
4223.632813,9.56792560725258e-05,8.299281485,5.682079843775398e-05,39.46706761709194
4228.515625,9.423423191180865e-05,-169.6947039,5.126771061834341e-05,-127.699031
4233.398438,8.426572915492629e-05,11.7147057,3.464882491149461e-05,72.78577959236227
4238.28125,4.947189847730529e-05,-160.4396663,1.897814143850234e-05,-72.14255563
4243.164063,4.288783878963496e-05,89.99658523145713,1.233532978626283e-05,153.4677651488571
4248.046875,7.997564638142242e-05,-67.47601618,1.983127848060953e-05,15.12466833348738
4252.929688,0.000102535,117.7737489,2.54877069763286e-05,-159.7870377
4257.8125,0.000105806,-65.04287465,2.863365368030662e-05,5.370695878951446
4262.695313,7.714976596990671e-05,107.5063157010509,4.068765073206598e-05,-178.9735124
4267.578125,3.920882397302784e-05,-100.1760387,3.779405275447018e-05,3.271117859079652
4272.460938,3.21138432873965e-05,23.01428652268014,2.182279824655999e-05,173.9273690381794
4277.34375,2.906663969950157e-05,165.5209880392673,1.450786415193646e-05,-24.80587752
4282.226563,2.216449104634659e-05,-20.48517904,6.881415165611813e-06,86.74482568141207
4287.109375,1.655428225174155e-05,-137.8681027,1.976463908760455e-05,-141.5916765
4291.992188,1.995187276414231e-05,76.86931523827391,2.3928840952417e-05,70.0898449
4296.875,7.094050168050841e-06,-93.00306682,3.452692645875339e-05,-72.85985408
4301.757813,1.813034083009578e-05,-123.0924996,3.941634381524407e-05,116.3154932603219
4306.640625,4.168511413103789e-05,65.57457998461669,3.550342423407827e-05,-58.35061143
4311.523438,4.914109149520832e-05,-110.8788985,3.082265660239682e-05,125.4220540236251
4316.40625,3.475062499703406e-05,56.13896504,1.288574634066194e-05,-50.58109972
4321.289063,2.095761806720802e-05,162.1120403001521,1.730487171754492e-05,-84.29602146
4326.171875,3.959396293120633e-05,-77.25635134,3.263060033110319e-05,99.24182393152699
4331.054688,4.74172660076828e-05,89.49712505147934,3.853342280701894e-05,-81.8700134
4335.9375,4.128297075775719e-05,-88.10807319,4.747901307702949e-05,87.39438476955596
4340.820313,2.615015933797017e-05,83.38241501990916,4.22730446415927e-05,-107.798793
4345.703125,1.424906544269571e-05,-158.866802,3.239111257296786e-05,55.66009006867042
4350.585938,1.931985897595421e-05,-32.1360818,3.715906582990487e-05,-118.7907995
4355.46875,3.02269339325434e-05,115.6390617586437,4.426451653924536e-05,73.36473731817658
4360.351563,4.658321452808649e-05,-60.83970281,4.002494262339699e-05,-95.94937274
4365.234375,6.136861247967292e-05,128.9314281471003,2.941295153750088e-05,96.94580024696707
4370.117188,5.99718587491799e-05,-49.79601258,1.307644205297418e-05,-78.64878122
4375,4.563962631569496e-05,131.7303556644254,5.04455127067432e-06,-47.10870341
4379.882813,3.316597734382521e-05,-60.68118405,1.183681252002251e-05,129.682214
4384.765625,2.210133938561705e-05,70.08477759835904,1.389304598336044e-05,6.686062693303126
4389.648438,2.956768546856334e-05,-155.992373,2.855374210458698e-05,-129.4003196
4394.53125,3.147301046195072e-05,15.36011148906633,3.20392073188916e-05,59.27520796816167
4399.414063,2.089883103920527e-05,176.0779731025519,2.915578370127977e-05,-121.4715712
4404.296875,7.273960881218683e-06,-143.2203317,3.37504130753102e-05,69.53832938401104
4409.179688,3.85621204715639e-05,-9.683372732,2.696662631321491e-05,-84.91822774
4414.0625,5.593164770321066e-05,153.3466730125082,2.319667029217479e-05,122.3476178014845
4418.945313,5.62643376329188e-05,-39.54763807,2.385082624903676e-05,-67.842067
4423.828125,3.359464361525731e-05,119.9686340891987,1.219025197841637e-05,101.4606580768163
4428.710938,2.732685264077684e-05,-153.9235491,6.318211325483606e-06,154.9791427
4433.59375,5.389736467534275e-05,-6.127276677,1.646906093993775e-05,-20.87811631
4438.476563,5.509626261039964e-05,167.2422802448272,2.405690495800395e-05,161.0623967639791
4443.359375,2.963181800701587e-05,-8.118660263,2.667551473397509e-05,-18.38339038
4448.242188,1.495758638615541e-05,-52.5038484,2.596935366315922e-05,162.6194726422187
4453.125,4.297411762160037e-05,146.3761186523126,2.637459489762535e-05,-31.26369298
4458.007813,3.575245537304441e-05,-36.32929149,2.935514395129608e-05,131.3002266172225
4462.890625,1.574676054854062e-05,111.8391221151604,3.569249794983876e-05,-68.19830209
4467.773438,2.229723491229578e-05,-123.2992205,4.206028975491013e-05,96.84080346526289
4472.65625,4.028805251786415e-05,71.57479104548156,3.32786484827623e-05,-88.94682477
4477.539063,6.854115159386464e-05,-86.38880276,2.002109186707883e-05,74.34230973829942
4482.421875,8.786569041078899e-05,106.6807059207003,1.751128727467524e-05,-167.9393758
4487.304688,9.021966661114001e-05,-66.89755584,3.210814486843867e-05,-38.77261065
4492.1875,7.566934293730336e-05,109.1982791067145,4.125709714261972e-05,128.1489632284351
4497.070313,4.668117088404428e-05,-93.69488702,3.855752089042193e-05,-53.56971876
4501.953125,3.807750327020097e-05,45.24095255378804,3.840225126218451e-05,112.9634101266014
4506.835938,3.877141947316883e-05,-134.4938084,4.573305301419867e-05,-77.7384297
4511.71875,3.688006821567173e-05,44.73502422,4.9080059197702e-05,110.4980828514553
4516.601563,3.557979874413175e-05,-174.447361,5.039689487226975e-05,-64.34174844
4521.484375,3.774940427759568e-05,-11.83982444,4.670559188526891e-05,102.1522525591834
4526.367188,4.241496545489443e-05,173.0695861141374,3.882318599993577e-05,-105.1465159
4531.25,5.918682837340888e-05,-9.687603336,4.66734792977006e-05,40.22886894815123
4536.132813,6.126533448582173e-05,174.0923059411992,6.201965001514637e-05,-158.317684
4541.015625,5.887278492263681e-05,0.8195685377884386,6.251769716192388e-05,17.86869330616754
4545.898438,7.060235317591686e-05,176.3421854068052,5.579904132194515e-05,-148.7511951
4550.78125,7.144387739402236e-05,-17.52853062,3.964364551864615e-05,45.90183020672945
4555.664063,6.381909948934755e-05,147.7414273249369,2.507104440087501e-05,-122.1545001
4560.546875,6.318402369304982e-05,-31.43568871,3.300341188614075e-05,60.00181987278319
4565.429688,6.412337223158454e-05,145.3287722744204,3.923883773338823e-05,-120.9712921
4570.3125,5.495441354967056e-05,-44.95997721,3.621899245220346e-05,59.09038191871739
4575.195313,4.908729681307919e-05,122.7737215355467,3.541531237211857e-05,-117.0229612
4580.078125,5.474211510944641e-05,-69.00128242,3.088760257370449e-05,70.97844516813061
4584.960938,5.234465798239447e-05,92.61839482,2.101719403705738e-05,-99.72520081
4589.84375,5.832830584783701e-05,-112.1914772,9.856435689682994e-06,54.56782964
4594.726563,6.832198451784904e-05,63.80098676222824,1.525222861678009e-05,160.7990852819233
4599.609375,6.686605376893507e-05,-117.1705185,1.525425197549328e-05,-10.24141692
4604.492188,5.855583432957338e-05,63.34432113875746,6.680644440085019e-06,-119.8831117
4609.375,5.002148891609994e-05,-96.60878758,1.540425141942009e-05,155.8412729352318
4614.257813,5.27222031752555e-05,104.9023167755337,3.592762370204335e-05,-25.65589064
4619.140625,6.870109706377515e-05,-65.88150636,5.240013394237038e-05,144.6199407
4624.023438,7.852186506175383e-05,119.2115562492216,5.678381608970984e-05,-41.13931202
4628.90625,6.327195554016214e-05,-57.97627113,5.716973853282851e-05,139.2678084060749
4633.789063,3.642358323388001e-05,122.5945282811278,5.004288189639736e-05,-37.6968084
4638.671875,7.265969742346383e-06,20.66549511796719,3.485640875794005e-05,151.210886
4643.554688,2.609765198214613e-05,-101.0421994,3.092394448840241e-05,6.319206165209475
4648.4375,2.721150580393815e-05,79.92191214245472,3.850276552915927e-05,-150.7402916
4653.320313,2.47708461666919e-05,-90.10709821,3.785868509391254e-05,43.09808366104802
4658.203125,2.044447611916653e-05,78.85561727923582,3.590184322826597e-05,-121.1700942
4663.085938,2.891159687889241e-05,-95.6475456,2.443401463870675e-05,68.00799294889765
4667.96875,5.069090930630272e-05,100.1951318,1.520338953136391e-05,-22.95950063
4672.851563,4.722409708302338e-05,-70.71443192,4.206779334150697e-05,-176.7796895
4677.734375,3.218590554418821e-05,132.9401528307241,5.230056500086049e-05,11.24884808750196
4682.617188,2.717921340424224e-05,-6.693515418,5.269116712115498e-05,-162.9212387
4687.5,2.764607667093873e-05,-116.004455,4.924514694830295e-05,10.54456851181504
4692.382813,3.980088875399096e-05,111.1679775325477,3.570075669845867e-05,-175.8412364
4697.265625,4.963496236938455e-05,-36.54871354,2.394650379828802e-05,29.12286876
4702.148438,7.453433156694622e-05,161.2899578395486,3.09339903278554e-05,-127.6235396
4707.03125,8.711904093381186e-05,-13.89944741,2.866545774053077e-05,57.42321046509026
4711.914063,7.058850954061394e-05,167.9492100374759,1.408391965508019e-05,-109.3479719
4716.796875,4.936229024496481e-05,-14.65160865,3.348113919169688e-06,-125.5484712
4721.679688,2.053683242004953e-05,168.6146765942039,1.621624249099947e-05,100.7886655141883
4726.5625,2.308400232272366e-05,129.6349361105591,2.159034024415177e-05,-64.89905485
4731.445313,4.541544581250913e-05,-32.73566224,2.231405398722095e-05,-114.8877453
4736.328125,5.620830275371376e-05,162.0458969016271,0.000325876,88.03182272732269
4741.210938,7.090050864628398e-05,-12.92838264,0.000917758,-89.90649982
4746.09375,8.095321922008652e-05,165.6620182976751,0.001234795,90.93408362064427
4750.976563,8.225768563436989e-05,-19.61012986,0.001253023,-88.8731002
4755.859375,8.110345997100018e-05,152.5340326800737,0.001170507,91.38785155593322
4760.742188,7.472890183154643e-05,-37.24145217,0.000689006,-88.09820194
4765.625,5.165097831873679e-05,137.1411476486913,0.000161491,90.26034138149318
4770.507813,2.508942129983528e-05,-11.82023476,1.632729825639302e-05,170.4219248341031
4775.390625,3.251766130208063e-05,-135.7179425,3.454924257112217e-05,-27.62127256
4780.273438,3.896909454492504e-05,62.84062623146747,5.745330212400407e-05,165.5872271364737
4785.15625,3.211021711688881e-05,-112.0909523,6.950504335603906e-05,1.687214982260496
4790.039063,2.170168955286858e-05,58.05575590314152,6.244762975443322e-05,-169.7208282
4794.921875,1.397610994872074e-05,-98.11896214,4.238700583876017e-05,8.410784311758379
4799.804688,2.226359797902484e-05,122.8649304,2.377366953275143e-05,174.6472307065193
4804.6875,3.05050537461193e-05,-70.89933894,1.713668374740107e-05,-51.10152923
4809.570313,4.153648524216197e-05,94.69105672511698,2.038343582871917e-05,85.40331031205235
4814.453125,5.922882036748358e-05,-80.37574668,2.453625613868497e-05,-97.99933169
4819.335938,7.240282892065003e-05,95.46052694432788,2.908315542646724e-05,84.72266394524959
4824.21875,8.090938164071647e-05,-88.95490043,2.88584958615153e-05,-98.21502188
4829.101563,9.234075272444477e-05,101.2494051209124,3.337286563562801e-05,100.2770269659414
4833.984375,9.067938674619669e-05,-70.40703568,4.163185130954964e-05,-68.19316498
4838.867188,5.952409811582566e-05,127.2896019268459,3.618711698024166e-05,120.2443142374744
4843.75,5.064846857206341e-05,2.490354700054541,3.102615473341029e-05,-30.53989737
4848.632813,5.833436046787545e-05,-157.5209085,3.066205267106511e-05,-167.960776
4853.515625,4.292556005308567e-05,27.97989423651385,3.401746405567731e-05,57.32594343096971
4858.398438,1.918997451702648e-05,-168.7715993,3.421192336864819e-05,-113.2036582
4863.28125,3.795008556893083e-05,-64.42426643,2.6237756422847e-05,44.34816909170231
4868.164063,5.648379494779989e-05,113.6463564411992,2.719558841208421e-05,-159.8041827
4873.046875,4.246553459936017e-05,-64.23709773,3.389913066575846e-05,3.375306183
4877.929688,3.067242903897792e-05,110.6428744795222,3.876363526402722e-05,174.1542122906748
4882.8125,2.366076033368584e-05,-100.2276943,4.204611325303207e-05,-2.448526553
4887.695313,3.086713295403954e-05,29.36840435439217,3.794400112676872e-05,175.2582808101367
4892.578125,3.622671418505023e-05,-167.5053191,2.978796472904251e-05,-23.64015889
4897.460938,2.384669920858196e-05,16.81674066681189,2.377561582623277e-05,137.4464900461195
4902.34375,1.18944163689903e-05,-146.4380673,8.518846306853533e-06,-53.63752466
4907.226563,1.288969734949356e-05,-37.4268525,8.845962610461435e-06,-73.96092122
4912.109375,3.673950011098415e-05,123.3501406830965,2.309520021481561e-05,110.8734167424133
4916.992188,6.015635101890277e-05,-54.49295109,3.392663346184414e-05,-50.19358889
4921.875,7.111798498446381e-05,121.5898121988701,3.709592293574309e-05,152.0909588243085
4926.757813,6.90656484180414e-05,-71.12933411,4.032201059410723e-05,-22.16774461
4931.640625,4.836911300046369e-05,105.1113056000258,4.917748275315244e-05,155.2175595068623
4936.523438,2.014330509301417e-05,-31.12327495,5.292333706749415e-05,-26.68006219
4941.40625,2.436204878699162e-05,-135.642992,5.262774985888508e-05,141.7814809688829
4946.289063,2.732389437312046e-05,67.84867840872671,4.878087083249503e-05,-49.8387654
4951.171875,5.198692306800243e-06,-170.4473392,4.390952311361203e-05,117.9719012255781
4956.054688,4.241963192444463e-05,-104.300873,4.773734023508148e-05,-55.10752993
4960.9375,7.205281042518797e-05,67.31672915609914,5.506856779051441e-05,147.1506918575676
4965.820313,8.131539811352869e-05,-108.7023698,5.838037190273085e-05,-20.74123819
4970.703125,7.99618438216715e-05,78.37296058455685,5.742136148306788e-05,170.7225772700269
4975.585938,5.067761025982814e-05,-90.16089922,5.88447740969059e-05,4.143806751818132
4980.46875,1.791064186632791e-05,-174.2191783,4.95344728619966e-05,-173.2409653
4985.351563,3.421663066642816e-05,52.86115860048986,2.558024843460127e-05,9.152912079953868
4990.234375,2.989286598271013e-05,-123.827257,7.663530322294502e-06,170.2537556251386
4995.117188,3.764795771962013e-05,76.52268228110357,8.480912371308744e-06,-100.9997792
5000,3.742924339240358e-05,-86.51869558,1.479106793776047e-05,14.22247068
5004.882813,2.458962770302161e-05,93.45619284,2.064453853315993e-05,158.6156829960966
5009.765625,3.998753907149833e-05,-102.7693471,2.483720652085245e-05,-60.35770206
5014.648438,6.339717901310526e-05,84.42213239212938,3.55444520763082e-05,106.6060752102889
5019.53125,6.933678901709851e-05,-72.78673719,4.792130376295162e-05,-59.92245316
5024.414063,7.368573066269622e-05,129.8314624484392,5.641633196813405e-05,131.1820457274704
5029.296875,7.399578988875022e-05,-39.22954256,5.339111893746125e-05,-46.3748652
5034.179688,6.552924591871158e-05,151.4885446306041,4.469298873893878e-05,136.1186501544666
5039.0625,4.332686545740046e-05,-20.06705131,1.888454262449872e-05,-56.37809562
5043.945313,1.637084834766051e-05,151.5253645349009,2.253437139682554e-05,3.148674994205126
5048.828125,6.156820332499036e-06,13.95744402926578,3.903865330109807e-05,150.1959568796646
5053.710938,1.436518511443424e-05,-115.3890443,5.286964143185428e-05,-55.63961526
5058.59375,1.036543563054334e-05,68.68939094123616,5.276562051391034e-05,109.6464017351707
5063.476563,1.187162569848877e-05,-153.0092053,4.747103930823618e-05,-102.0661195
5068.359375,1.530278884668496e-05,59.33785635330997,4.242549981952107e-05,48.31581495557654
5073.242188,8.943399919848003e-06,-63.4528106,2.482807731185704e-05,179.2202974564743
5078.125,1.183216257225122e-05,-108.3413001,3.1696475160107e-05,-59.56834408
5083.007813,2.454632571005537e-05,56.72294717999264,3.81568316996066e-05,98.07865097500593
5087.890625,3.480577416303545e-05,-130.9962034,3.358179659322469e-05,-95.11966757
5092.773438,3.187976873316713e-05,80.45486518403348,2.118817563188242e-05,80.88377107696306
5097.65625,2.24921389817678e-05,-19.61821652,9.000916177388678e-06,-78.15137671
5102.539063,6.347699409647179e-05,-138.1187443,1.085567206960103e-06,-123.9205484
5107.421875,0.000103558,47.78796948925055,2.37116974692691e-05,168.1382734583808
5112.304688,0.000141557,-139.2292682,4.930503053233912e-05,-4.60966512
5117.1875,0.000181538,34.28604356804222,5.672596068159203e-05,179.5372833023635
5122.070313,0.00016265,-146.4271547,6.088159287108631e-05,8.787437786850743
5126.953125,0.000123472,30.99900734770811,5.092948602036954e-05,-163.8438382
5131.835938,0.000101196,-152.8148533,2.732697158181365e-05,27.66972822
5136.71875,5.998005702295256e-05,35.18916636563547,1.686610176628297e-05,-154.6568519
5141.601563,3.395553893701168e-05,-133.9710497,2.058684488597725e-05,-14.62373071
5146.484375,3.55009655988642e-05,20.12085494894809,2.781431669372157e-05,170.6375526490617
5151.367188,3.743876683110621e-05,-176.9337894,3.890855508973548e-05,7.832177698866177
5156.25,2.023193278994886e-05,-3.598797563,4.922398767600075e-05,-171.1595196
5161.132813,1.381468455314942e-05,128.2296596333409,5.138182703749757e-05,8.394729066
5166.015625,2.344768529685738e-05,-38.6457097,4.3184093367e-05,172.0011081955845
5170.898438,3.202596163175751e-05,-161.6664719,4.78704701233461e-05,-47.7051323
5175.78125,5.551199421445713e-05,37.85496706737336,5.243971254170039e-05,115.5734719619959
5180.664063,6.993041867557787e-05,-144.3264072,4.113125964100481e-05,-87.9926981
5185.546875,8.108557058965078e-05,46.78790725493581,3.934380979761028e-05,68.03608936935811
5190.429688,7.513310281954556e-05,-120.6995934,2.212617368183759e-05,-116.4961086
5195.3125,4.813494105214177e-05,69.34107426704723,2.592482104769676e-06,110.9480525415792
5200.195313,3.511291724133806e-05,-97.56732629,2.315069476836051e-05,-11.48164343
5205.078125,2.407404094231744e-05,122.44562,5.365055515903424e-05,177.3772369898699
5209.960938,3.080372311884738e-05,-1.455244717,7.519731163322524e-05,6.611402715
5214.84375,3.286389871760977e-05,-168.0097771,7.313231851690856e-05,-174.0984886
5219.726563,3.241973671169474e-05,39.84145611710122,5.363330806990762e-05,4.364795507
5224.609375,3.032624480263098e-05,-121.1230029,3.386496625640072e-05,-174.8017471
5229.492188,1.302566950496098e-05,58.55495463007332,8.754627593182621e-06,-46.01709055
5234.375,9.191604670874514e-06,-86.89820304,2.51448345681843e-05,47.74851248543069
5239.257813,9.702507422126904e-06,64.92056512281388,3.118909945305824e-05,-112.8776852
5244.140625,1.876999197940603e-05,-160.2153943,3.419604157608281e-05,84.47765187
5249.023438,4.522055694761306e-05,43.23816402475349,3.759314609675139e-05,-96.29683389
5253.90625,7.324849863496534e-05,-126.5130651,4.006553187426092e-05,80.66256001602031
5258.789063,7.695636505932793e-05,53.67889327521728,4.099692410955068e-05,-113.7679442
5263.671875,7.421139485914745e-05,-136.7540813,4.567225516162657e-05,49.69339614923351
5268.554688,7.572945022498192e-05,33.39062246808131,4.751863248067878e-05,-138.3942299
5273.4375,7.380923327011424e-05,-156.4847404,4.386294522062826e-05,42.34082121804917
5278.320313,6.375167373951687e-05,15.84960968390693,3.603190260383678e-05,-124.3793419
5283.203125,4.279403709649075e-05,-150.7965881,2.478506313350486e-05,58.60845701011978
5288.085938,3.038774166996946e-05,48.23161412230926,2.063233523469028e-05,-176.1710537
5292.96875,2.072702938770113e-05,-115.0965681,3.73115142379261e-05,-14.87565015
5297.851563,1.911403260299997e-05,80.13753184211436,5.082661281892849e-05,166.6904088585886
5302.734375,2.710737495523614e-05,-130.5596393,5.880831691857769e-05,-17.19512684
5307.617188,3.442246763622005e-05,38.21155994173552,6.22367935956092e-05,167.4065963843724
5312.5,2.529239217750477e-05,-131.8298563,4.96073792488052e-05,-7.863118822
5317.382813,1.436635017165304e-05,63.97598353803222,1.78126312458794e-05,151.9530945434267
5322.265625,1.898013016385827e-05,-174.5565254,1.109093898442699e-05,-145.8296707
5327.148438,4.462018466001736e-05,-0.999546626,2.181001890964278e-05,4.959200643
5332.03125,6.731777610591294e-05,-176.3133804,3.019530201018269e-05,165.2490737627501
5336.914063,9.224200565336023e-05,-4.159965165,3.069197575227339e-05,-51.12672732
5341.796875,0.000107477,164.1780652726567,3.346176537971045e-05,89.88065493950042
5346.679688,0.000106205,-28.64905466,3.350313989379409e-05,-105.6336841
5351.5625,9.652356994167278e-05,142.4126984179182,1.524104005281903e-05,65.60344663312098
5356.445313,7.521456339043833e-05,-34.04245823,1.58479222085709e-05,85.11207049613984
5361.328125,4.688000770632668e-05,160.1252730381844,3.077071344496193e-05,-96.61817318
5366.210938,2.247466804892457e-05,42.17543915413992,3.140441823602589e-05,98.16742805608123
5371.09375,4.285519937751703e-05,-85.33006646,3.187362964676892e-05,-70.41935367
5375.976563,5.337019814889315e-05,109.0672452,2.134413596481644e-05,133.4550671611368
5380.859375,4.76379859139352e-05,-52.60626738,1.710458386334245e-05,1.287928662066304
5385.742188,3.447679697446686e-05,146.0962469,8.75876028135852e-06,134.5110529110321
5390.625,2.001913616066412e-05,-9.153594989,1.951991662869375e-05,-111.0095746
5395.507813,1.820578154849279e-05,-99.11234087,3.099875479638909e-05,63.01604701753982
5400.390625,2.274253686051384e-05,114.9903127673738,4.958270097855999e-05,-116.2708459
5405.273438,1.630982825522531e-05,2.568808380548876,5.815576221218646e-05,63.67373627820529
5410.15625,2.718631135485965e-05,-157.8894947,4.86881115184323e-05,-111.7125293
5415.039063,2.217974083431936e-05,14.89281990583083,3.34512938295888e-05,99.24958026481208
5419.921875,1.14443014854531e-05,166.7724044,3.144116428058663e-05,-23.33209248
5424.804688,1.584576372333847e-05,-52.84935095,3.416299172659562e-05,-177.0970216
5429.6875,1.56455717374783e-05,141.5652435293492,2.892655475390078e-05,0.5521801553427796
5434.570313,1.394872191786577e-05,68.09735017172137,2.196764540345592e-05,150.8900776021303
5439.453125,4.432627527524727e-05,-73.60061723,2.741290121366977e-05,-81.99047646
5444.335938,7.300342505895221e-05,112.4702341463442,3.924405923343222e-05,76.77260968102743
5449.21875,8.931455832969032e-05,-62.71976594,4.760709746257942e-05,-118.6093832
5454.101563,8.689469039315066e-05,121.5597949074853,5.588249423794323e-05,39.99316827456136
5458.984375,7.191299813826086e-05,-58.16542282,5.700610902141406e-05,-163.0682178
5463.867188,4.83464110536324e-05,122.8100364809767,5.329459344208909e-05,-0.634702368
5468.75,2.189764998035663e-05,-101.0016197,4.850258029610745e-05,170.2086700584433
5473.632813,4.93267553260795e-05,21.29249730081524,4.305600942585692e-05,-19.83539169
5478.515625,6.381989173570446e-05,-164.2795854,4.369899053237977e-05,161.7019177789182
5483.398438,6.390450854480355e-05,23.45668347,5.82605193727836e-05,0.2142101576383545
5488.28125,6.373526442375031e-05,-146.5089017,7.574375752671898e-05,-170.182111
5493.164063,4.413538194236236e-05,31.24279784698108,7.582150914673144e-05,11.15139139
5498.046875,2.697266692670199e-05,-158.6118837,6.003308843420713e-05,-168.7617637
5502.929688,2.931434334194889e-05,21.43036349524568,4.202390733300938e-05,11.76645711878905
5507.8125,4.610061437872086e-05,-152.380296,2.677269295580719e-05,-175.1582425
5512.695313,5.821477330468149e-05,33.76081574,1.540813909252344e-05,-14.45610274
5517.578125,5.845002463524908e-05,-125.3897491,1.296216030547656e-05,-141.4619372
5522.460938,7.203862498918289e-05,75.99031666237336,2.968707942693695e-05,69.50834483064017
5527.34375,7.004918248785665e-05,-99.58629323,3.224114588331426e-05,-102.8831246
5532.226563,6.000953477045183e-05,97.12038734268231,2.673863974462304e-05,91.97922835327081
5537.109375,6.116707524696359e-05,-64.9556726,2.141355016907591e-05,-56.76428911
5541.992188,3.610982850988353e-05,123.7642909884005,2.641134056337997e-05,177.1755111
5546.875,9.892423070120962e-06,-26.86708928,3.563585391026978e-05,15.69413301886289
5551.757813,7.93926194014812e-06,-49.92955192,2.658511915627446e-05,-154.0680227
5556.640625,3.061042355814177e-05,139.9928280366685,1.488071063674197e-05,81.60189568105176
5561.523438,3.456744211519878e-05,-43.01312478,2.528045177475403e-05,-22.67784532
5566.40625,1.332072225222541e-05,116.2217527916862,4.357109452010671e-05,-173.9945233
5571.289063,2.256471078002489e-05,-157.7835575,4.816055728561562e-05,14.69893049767301
5576.171875,4.155128523698003e-05,23.78036255710358,4.566510541271745e-05,-160.1798951
5581.054688,3.963635895306839e-05,-147.5789211,3.74741994264903e-05,20.31168699372968
5585.9375,3.280814574284829e-05,54.42945348783407,1.430484763736628e-05,163.3569209634852
5590.820313,2.833129364272487e-05,-88.91265449,2.066090201107425e-05,-97.08982862
5595.703125,2.721687488423053e-05,130.9081658917992,2.616843746286084e-05,65.19044123932704
5600.585938,1.379683761880037e-05,-66.45119121,3.502271182494646e-05,-146.6293382
5605.46875,1.157113595697381e-05,-15.0359982,3.347499662713228e-05,8.728359566063101
5610.351563,2.041300929652637e-05,108.4736337773018,2.331889476182943e-05,153.9507448980679
5615.234375,2.363992859242205e-05,-93.3052398,2.353395322659736e-05,-22.45070333
5620.117188,2.771583128940573e-05,59.18912844254473,2.222670208422671e-05,-176.3765325
5625,3.672043437569598e-05,-156.7099296,1.915818647700806e-05,54.84723975888984
5629.882813,4.419879451102389e-05,-15.25394225,3.906082948317208e-05,-83.74603289
5634.765625,5.499400986927281e-05,140.0496044385682,6.434794449262887e-05,110.5137626099336
5639.648438,6.723355522645815e-05,-45.74733515,8.161064775775322e-05,-64.32357576
5644.53125,7.156380314418221e-05,137.4565871463562,8.71842496721765e-05,118.2306370676164
5649.414063,6.371464881176592e-05,-22.98308753,7.682640113139423e-05,-56.0823832
5654.296875,6.388373447648149e-05,179.0826525013847,5.686424403039283e-05,131.2634191504684
5659.179688,6.493382010573758e-05,9.534233976599515,4.105028421000637e-05,-27.93701852
5664.0625,7.722626555476925e-05,-162.6456835,4.19693891699916e-05,-175.2598861
5668.945313,9.268124930086351e-05,12.06300638793026,4.713415681721662e-05,12.08497237495138
5673.828125,0.000100659,-178.4880046,5.412195997420453e-05,-177.7319768
5678.710938,9.706207062161771e-05,0.1002594240337655,6.117678106221775e-05,-2.720607818
5683.59375,8.367646901282112e-05,-175.9613937,6.166183142272325e-05,175.2493867668982
5688.476563,6.403943077668567e-05,4.774731532691866,5.591445563627932e-05,-6.79911804
5693.359375,3.073533506083944e-05,-159.2386271,4.005897075542491e-05,-178.5387237
5698.242188,1.26112976411451e-05,80.35052116070929,2.174992281826847e-05,17.28996061
5703.125,1.310816087175246e-05,75.70336369609694,4.423373480136506e-07,-24.56350446
5708.007813,4.13374968688305e-05,-106.4627591,1.787135584277341e-05,-150.1347288
5712.890625,5.138795627398336e-05,75.15439071964818,3.345283762825421e-05,41.52121161470362
5717.773438,4.783440661744966e-05,-93.54560928,5.039596248802135e-05,-138.4498902
5722.65625,3.219324802971152e-05,82.41514736296612,5.291094664141859e-05,35.37604705211933
5727.539063,1.764149936166899e-05,-145.2578342,5.133631610740365e-05,-158.4292142
5732.421875,1.630645365358088e-05,-33.44406749,5.101880092182152e-05,1.406292273549103
5737.304688,1.822583607608693e-05,119.9522625812765,4.956228383865672e-05,159.5039710123107
5742.1875,2.270320153084708e-05,-46.46884518,5.702004370128972e-05,-25.29338545
5747.070313,3.277141320090387e-05,112.5831812478492,5.720026528723891e-05,158.2759327724337
5751.953125,4.193810261891023e-05,-87.45129629,3.856218696223745e-05,-17.62490956
5756.835938,4.30750730970826e-05,108.9116552383823,2.723431580419729e-05,-173.9590824
5761.71875,3.979429096553119e-05,-46.24710307,2.645461723737759e-05,30.56550479786837
5766.601563,2.605621752938549e-05,177.9552793355295,1.700213339274786e-05,-100.1994474
5771.484375,3.533057057053397e-05,44.73077040582711,2.60859536617527e-05,146.2650077927697
5776.367188,3.345982605615573e-05,-107.2856653,3.89209492175886e-05,-10.40199629
5781.25,2.732903514713451e-05,122.2523554042574,5.11563797070606e-05,-177.213823
5786.132813,2.908673663694894e-05,-9.354967169,5.722543299856654e-05,7.499143609568528
5791.015625,3.491475168678345e-05,-152.9823047,4.469354178404243e-05,-174.9806102
5795.898438,3.727549932471613e-05,58.50552492004736,2.580881471063623e-05,18.38089459259281
5800.78125,4.156889972896459e-05,-79.47030137,2.061126810545192e-05,-116.3454341
5805.664063,5.623445939902632e-05,127.9104902694891,2.275217976318487e-05,81.27663380802971
5810.546875,6.192321497595659e-05,-39.40129408,0.000132662,-128.8899173
5815.429688,6.227612824617815e-05,160.0545637768235,0.000410351,45.63630531212328
5820.3125,5.816711083776385e-05,-1.745488468,0.00058333,-136.1150467
5825.195313,4.872265318830203e-05,-164.3810192,0.000588134,43.49449201111076
5830.078125,4.532670085858267e-05,26.51850099750517,0.000557399,-136.0539301
5834.960938,3.734840357089353e-05,-178.1950487,0.00035321,44.70932132
5839.84375,4.894172501874026e-05,-35.904138,8.310208075710248e-05,-129.6196356
5844.726563,6.045082512166499e-05,136.7788599,1.250067816947673e-05,-169.8204099
5849.609375,6.854035746755599e-05,-53.37728548,7.071682416546327e-06,-150.0093574
5854.492188,7.071551179496962e-05,108.0411909728616,2.590051596663858e-05,48.26068160649016
5859.375,5.529760719086477e-05,-103.7806666,3.64337939933272e-05,-115.36034
5864.257813,5.906428776409284e-05,43.41457695958734,4.386629168314828e-05,63.31065485278832
5869.140625,6.49830027231759e-05,-148.06408,4.533822381471817e-05,-120.5485955
5874.023438,5.707772484863714e-05,22.44731920464322,3.462983752067995e-05,46.66458891749478
5878.90625,3.663405533054596e-05,-155.5131808,3.015328318994733e-05,176.2764876089861
5883.789063,1.085260606371735e-05,58.54669191414627,3.165316674627125e-05,-36.53288722
5888.671875,1.509369496603506e-05,9.999637916383584,2.563043017858584e-05,99.15875892548304
5893.554688,3.226647792667588e-05,-147.612745,3.613744545800694e-05,-107.1277856
5898.4375,4.910363912198252e-05,45.46111128257207,3.705936187320227e-05,61.11539627024467
5903.320313,6.314053990061069e-05,-122.8227515,2.805212754512158e-05,-127.4348548
5908.203125,6.165214891944732e-05,78.72484186229555,1.743419665685105e-05,75.47058065818509
5913.085938,6.147740379272961e-05,-68.57068875,6.103701565603798e-06,-134.669273
5917.96875,6.819990538946937e-05,129.0110367295653,1.803883887665734e-05,-31.79027724
5922.851563,7.006268495649588e-05,-31.20114308,2.512212252452581e-05,145.7939042525436
5927.734375,5.202835754190802e-05,174.7723643762358,3.480960014825969e-05,-27.00854899
5932.617188,1.678334751483259e-05,62.74157395,3.789420378874789e-05,161.9676620407354
5937.5,2.139442293122639e-05,-40.10693175,2.280021226075772e-05,-0.804785571
5942.382813,1.92100579287902e-05,169.6394316924183,1.175697464870399e-05,-143.3411743
5947.265625,3.493172801350478e-05,40.11244161,5.000974974469942e-06,60.60944448666325
5952.148438,5.931258588403597e-05,-107.5892343,1.16216598558134e-05,-17.7269781
5957.03125,7.501700546830711e-05,89.03785687486554,2.051851666747608e-05,168.0789855269838
5961.914063,7.561415051484444e-05,-91.81349777,1.201365461386772e-05,72.36477675057135
5966.796875,6.675060085577746e-05,84.49644380866042,4.671450477880356e-05,-51.04213592
5971.679688,5.282554320561878e-05,-96.44805088,7.228354358802464e-05,140.2748622920514
5976.5625,3.342052153392092e-05,76.58141403166663,8.881159905580033e-05,-35.6728263
5981.445313,1.987935851071107e-05,-158.0385082,0.000101182,140.7687693083107
5986.328125,4.142613101594941e-05,-17.01145227,8.797363015127595e-05,-47.78727735
5991.210938,5.50551909468667e-05,157.0651300041143,7.088111593414064e-05,114.1198995125471
5996.09375,5.612097750051398e-05,-35.67844043,7.717359579126511e-05,-80.16408964
6000.976563,5.610792302556058e-05,130.2596968556401,8.644787468134846e-05,93.01321992595726
6005.859375,3.60350257133561e-05,-67.93259531,8.777185960066075e-05,-92.5692477
6010.742188,1.369416439734209e-05,49.81453448595542,8.065052531389808e-05,88.36479868026105
6015.625,4.0398734196762e-06,148.6218996224993,6.647470023381494e-05,-82.14322903
6020.507813,1.136449613202364e-05,-139.3226115,5.665644420153511e-05,103.4302125584804
6025.390625,2.300456146601224e-05,42.89933602047103,4.489608946368833e-05,-77.37889038
6030.273438,2.741507054575825e-05,-152.7379985,2.398657937018867e-05,103.7815985427319
6035.15625,1.92634691285317e-05,27.06263475499262,2.243909314606381e-05,-105.7288774
6040.039063,2.536372269946752e-05,-126.8652494,4.043452778336053e-05,68.57944996
6044.921875,3.309129631409316e-05,46.47262899212375,4.563404392167433e-05,-115.4839986
6049.804688,2.23347374823557e-05,-156.439608,4.710836721941619e-05,64.52339814009828
6054.6875,2.090244831789881e-05,-42.52562548,5.075942930895389e-05,-101.6473249
6059.570313,3.712377198293956e-05,90.74239213150071,3.789609873437731e-05,79.05179678318925
6064.453125,4.620480918057644e-05,-106.1587585,1.355921516383273e-05,-79.06796909
6069.335938,3.211410334261079e-05,86.12101948887565,2.851484780083061e-05,161.6701772818807
6074.21875,1.621924990740949e-05,-19.90184129,4.061775782831607e-05,-11.60160416
6079.101563,3.866294417133643e-05,-151.3623247,3.852175996016413e-05,-174.5970217
6083.984375,4.694097382918252e-05,30.34915661103353,3.053919185880627e-05,8.210057326
6088.867188,3.368522477409749e-05,-122.0880001,1.677448045425044e-05,162.4507121028444
6093.75,2.867560799600147e-05,115.4181438474365,9.488660720365475e-06,-76.47919674
6098.632813,2.51940241661532e-05,-24.75777949,1.814961352689473e-05,82.06381173964175
6103.515625,7.615962237497428e-06,129.7894559729799,2.701557819806013e-05,-89.31395492
6108.398438,1.856841013753097e-05,-172.3246512,1.508812726441414e-05,95.87927157938796
6113.28125,3.40210249167134e-05,-2.670511426,8.607797167457496e-06,108.0061530343845
6118.164063,4.654861153826513e-05,179.9123307140328,2.351236053979341e-05,-88.05465381
6123.046875,4.288616819914252e-05,7.583019291428335,3.346191811625858e-05,63.78541389470802
6127.929688,2.820436134113496e-05,-157.2820156,3.974012451667344e-05,-135.4858245
6132.8125,1.164643293954945e-05,39.95354911103214,4.015064032138736e-05,24.31487741
6137.695313,9.197361997381129e-06,-22.02730519,3.745272323001942e-05,-177.6327578
6142.578125,2.351755635526268e-05,179.6028708812493,1.846641050182447e-05,-31.10051392
6147.460938,2.997012680800485e-05,-3.398261997,1.524941871037689e-05,29.10349428736471
6152.34375,2.568507503495834e-05,146.1270612982414,3.743673346583496e-05,-179.5414486
6157.226563,3.164752273477047e-05,-85.72323445,5.181560552095521e-05,0.5738009906470967
6162.109375,5.328171186703769e-05,77.33633032078532,4.827446816951721e-05,171.2242607023559
6166.992188,6.5674033946812e-05,-98.2923987,4.055789366671836e-05,-31.47032918
6171.875,5.678486569871016e-05,85.12808532192223,2.955485173974441e-05,127.0922032514363
6176.757813,4.362043793124305e-05,-117.9931152,2.720342197039279e-05,-99.07079467
6181.640625,5.327770224526754e-05,37.62614948753923,4.33534706940574e-05,56.68273291804909
6186.523438,6.845604389370495e-05,-148.7535047,4.829802377506499e-05,-129.5035921
6191.40625,9.176975598712707e-05,25.61823098553517,3.823410123458446e-05,45.27395969
6196.289063,9.956663423149687e-05,-150.8842536,2.028639055275005e-05,-144.6042434
6201.171875,8.406208027147257e-05,45.52916523,5.602036832675398e-06,-1.687649178
6206.054688,7.356633516287863e-05,-123.3666867,7.720450702032714e-06,107.8278475971182
6210.9375,6.674574039185911e-05,47.05290069035708,7.233759243284384e-06,-81.13479804
6215.820313,6.026380832532049e-05,-140.6486116,5.047072469026737e-06,-75.36843346
6220.703125,5.516130000198507e-05,39.59177071477192,1.325209250299293e-05,76.64542856138824
6225.585938,5.037348538067847e-05,-146.2859741,1.007334563896182e-05,-151.8007724
6230.46875,2.769255095642215e-05,23.22400384061847,1.534490391576722e-05,-51.1760266
6235.351563,1.871483635517961e-06,-9.117712444,2.249219642134865e-05,116.1994608095424
6240.234375,2.816020661295154e-05,-164.5725881,2.639493907121307e-05,-65.9615498
6245.117188,5.225549285029756e-05,33.83333579164813,2.831116667105639e-05,100.6255111990988
6250,6.298977743364698e-05,-134.2276068,1.6244632014382e-05,-86.16997929
6254.882813,5.63419327376918e-05,52.17754729970851,1.609869463039956e-05,160.7586287652992
6259.765625,3.891924804983986e-05,-119.8994807,3.961110653808252e-05,-5.663655512
6264.648438,1.713104934252723e-05,65.48452671596777,6.339930306978206e-05,-179.0928557
6269.53125,5.254430441751784e-06,-48.59012241,7.530056838876382e-05,5.446259951318563
6274.414063,1.175154018058408e-05,-177.1762613,6.196010560379228e-05,-165.7656804
6279.296875,6.852039375619784e-06,-2.760509387,3.609467347698074e-05,36.96756124230551
6284.179688,1.378287843165226e-05,65.39655186632177,2.446238129043635e-05,-85.08660698
6289.0625,2.22746816015277e-05,-122.3185893,3.760903453103525e-05,130.8631339344614
6293.945313,3.161045753664426e-05,54.25444178223447,4.142388519223546e-05,-38.02916827
6298.828125,4.757181856841335e-05,-122.3932503,2.960144726260967e-05,141.9235667638434
6303.710938,3.775521503241856e-05,68.61735031912355,2.101241115957766e-05,-70.12826951
6308.59375,1.897508112140136e-05,-72.4759147,2.207392979478331e-05,66.48617412206697
6313.476563,2.475650798027505e-05,177.6894967312069,2.965451027469374e-05,-128.7114433
6318.359375,5.334421204384252e-05,33.43053303432861,3.337313900072427e-05,69.78114920702703
6323.242188,8.081275359900499e-05,-131.6975747,3.074959608713018e-05,-88.47288522
6328.125,8.938630020059298e-05,53.39057589389763,3.426979214716775e-05,105.7541922898181
6333.007813,8.269996454401453e-05,-126.8964735,4.142007609351076e-05,-59.22167629
6337.890625,7.001768870427342e-05,57.12739436224584,4.503392303715355e-05,132.1397153
6342.773438,5.614474320129498e-05,-107.7186821,4.474735111550066e-05,-46.77663454
6347.65625,4.208236829721255e-05,77.93741656771041,3.681105233807036e-05,135.9248449110816
6352.539063,3.601050322413417e-05,-110.1834368,2.557933854907083e-05,-49.04671062
6357.421875,2.798462762011254e-05,51.76319439,1.348815470727916e-05,92.01684871645649
6362.304688,2.614518519880294e-05,156.5179909639248,1.926942466646592e-05,-179.481249
6367.1875,3.847803569927171e-05,-60.21366769,4.104309441855626e-05,-6.415091942
6372.070313,3.62988161491185e-05,98.47085116638036,5.700697615072267e-05,-174.0260145
6376.953125,2.458285405966506e-05,-107.0789656,5.413197554080374e-05,10.91467415723289
6381.835938,1.35339751870247e-05,-39.24580567,4.30112158823063e-05,-162.4598739
6386.71875,4.474372512699505e-05,83.53259792384796,4.578921349837112e-05,44.64282780731974
6391.601563,6.67105555048492e-05,-108.1732942,5.410589428195136e-05,-114.2125648
6396.484375,5.992395620509714e-05,75.33440649299803,5.14213422228571e-05,69.31997138977397
6401.367188,4.620188115829656e-05,-97.49594019,4.012370473680169e-05,-121.4162756
6406.25,4.953891413881038e-05,90.84057014375639,2.537555370166204e-05,39.60719803740966
6411.132813,6.40899006417254e-05,-73.06737141,1.741577469096596e-05,154.3872672809269
6416.015625,7.490908680797114e-05,111.9591000617058,3.341889129759568e-05,-76.47745254
6420.898438,7.724230366994514e-05,-71.76733839,3.924059381189611e-05,85.76245486846774
6425.78125,7.178754624891384e-05,110.1278247482046,3.168318457579386e-05,-94.3383905
6430.664063,4.380176285283839e-05,-58.21044737,2.474022723557769e-05,108.7851528021244
6435.546875,1.657898041202648e-05,169.0608527894308,2.142863953721179e-05,-45.61540878
6440.429688,8.364585986098693e-06,22.67173736495927,2.121739811391816e-05,161.5172892906363
6445.3125,1.374168331122663e-05,-42.94405828,2.286165141784698e-05,15.69108512704148
6450.195313,3.840926453835225e-05,132.7857798873827,2.137730555002671e-05,-141.3217406
6455.078125,4.299770575883935e-05,-41.24752499,1.710588657559168e-05,30.99302858350896
6459.960938,4.365256308598787e-05,160.5808836998755,2.539912933611514e-05,-168.7187268
6464.84375,4.218426576748167e-05,-0.939007177,4.295658762259734e-05,6.988873817905293
6469.726563,3.322235187918679e-05,-131.7223596,5.945751363242615e-05,-172.3908026
6474.609375,5.206286612602969e-05,95.34779435105446,6.91078118169174e-05,13.65364766549549
6479.492188,6.012615915653412e-05,-72.91619855,6.674576233402792e-05,-159.7617301
6484.375,3.723482244379737e-05,104.7702890185706,6.083267010649004e-05,25.31516247004805
6489.257813,7.467289238513657e-06,-163.7776951,5.502206553006268e-05,-149.7099292
6494.140625,3.125424328353773e-05,-61.97274378,4.049283920743901e-05,37.51624711687504
6499.023438,4.873198127229641e-05,102.0437490639845,3.714592453706659e-05,-130.773336
6503.90625,5.230859604086879e-05,-100.5438206,3.711076274647534e-05,61.22688523791349
6508.789063,6.857568464816169e-05,41.61206106013614,2.762605805999717e-05,-86.54829956
6513.671875,9.445157601528005e-05,-156.9195862,2.198680769072084e-05,95.96540680755747
6518.554688,9.138846336413585e-05,18.50510698870826,2.753031703778786e-05,-145.5446269
6523.4375,7.280182425743841e-05,-155.0373431,4.381379175156947e-05,16.75998742147087
6528.320313,6.092879579627496e-05,36.55425315524482,4.971475007166813e-05,-165.3524685
6533.203125,4.317130871253444e-05,-131.4417922,4.913713647509103e-05,7.758231364560548
6538.085938,1.664510285832416e-05,77.40899249050845,3.529059104908226e-05,-175.4268875
6542.96875,5.822306880477761e-06,13.45917031124867,7.233359047097896e-06,25.28131617286845
6547.851563,2.023206983275024e-05,-114.968214,1.13849528673188e-05,17.81272179977739
6552.734375,3.159715194142823e-05,65.85402927612311,1.658795996032708e-05,-155.9425731
6557.617188,2.012122191053933e-05,-102.4900742,2.571831302079239e-05,2.510705005852837
6562.5,1.70559741595671e-05,149.0380970525615,3.635606301276393e-05,178.5687190443331
6567.382813,3.043221315361773e-05,-10.58693342,3.410876375550749e-05,-2.2875034
6572.265625,3.673161869841632e-05,172.3557585416714,2.416899349913081e-05,169.2122391
6577.148438,5.009673295921115e-05,-14.350682,1.801041626285765e-05,-27.11099922
6582.03125,5.396718714286669e-05,152.8703747988337,1.226050295905471e-05,134.9364345733424
6586.914063,3.934212449009537e-05,-56.0697294,9.657539537014176e-06,-52.04699288
6591.796875,3.231184515266378e-05,104.7871893240272,1.750022683039453e-05,169.6449776957711
6596.679688,2.579106491338594e-05,-89.26265474,3.60991272310394e-05,10.67760336378599
6601.5625,1.762043987791583e-05,40.85103733500711,5.422019958919681e-05,-169.1406498
6606.445313,1.562351004251083e-05,125.1941872022881,6.784184951806165e-05,12.67338633462437
6611.328125,3.213354880636823e-05,-98.78739671,7.327049960493545e-05,-160.5110724
6616.210938,4.151879270629363e-05,96.48064321475472,5.900434775213568e-05,17.96027352308501
6621.09375,4.920151151058925e-05,-37.37022949,2.452610585449681e-05,-172.5252582
6625.976563,6.256444261845319e-05,-177.6250366,1.334022676835727e-05,-172.3645895
6630.859375,7.549785593868805e-05,33.48458801267282,3.777693230753421e-05,-1.186851274
6635.742188,8.481090880450411e-05,-124.8266785,4.504917211391873e-05,169.2795011
6640.625,6.495150449883389e-05,75.98917281624051,3.634547899777919e-05,-37.37408942
6645.507813,3.871927457466497e-05,-65.43303116,3.355928704583494e-05,92.94236426786514
6650.390625,3.019020662664381e-05,154.2502965361193,3.125859923793227e-05,-111.9265735
6655.273438,1.319005241921018e-05,6.765727769921877,1.939659300172752e-05,37.18636095174422
6660.15625,1.436457970716445e-05,-20.49035688,1.960980141896877e-05,176.6812049266045
6665.039063,2.264558637855864e-05,-160.7485853,1.59605614874622e-05,-14.99856298
6669.921875,2.800645059601589e-05,55.22948577981065,5.777535630630266e-06,144.4860406892653
6674.804688,2.867772232597297e-05,-94.0648405,8.763401638383692e-06,-147.4115926
6679.6875,3.58113462305513e-05,139.5927802173184,1.482424020243039e-05,9.174239916746432
6684.570313,5.900244123773454e-05,-12.3674391,1.838481239680079e-05,131.1973831336423
6689.453125,7.643929438396305e-05,178.9094902902057,3.551055570186038e-05,-72.46558817
6694.335938,8.000643479562501e-05,9.399008558988388,4.782508701000093e-05,95.60602517282884
6699.21875,7.469267915415798e-05,-158.7381514,5.674428318789669e-05,-97.80772086
6704.101563,5.021429081034466e-05,27.26977401204507,5.582430580558135e-05,87.33435535087338
6708.984375,1.978179869837287e-05,-173.4621188,4.747998852720258e-05,-77.11720622
6713.867188,1.910067734417141e-05,-33.44643909,3.231647506604876e-05,109.3516079352518
6718.75,1.330111291198679e-05,69.91827588864092,2.067592913975127e-05,-57.56732999
6723.632813,4.087018553236569e-05,-156.4766797,1.970463266958769e-05,139.6076948086865
6728.515625,4.586241374807394e-05,13.09884136227108,1.475280940650059e-05,-53.13569471
6733.398438,4.97045412474868e-05,170.6160887643221,1.71911661294853e-05,88.40692145812488
6738.28125,5.020768699037836e-05,-21.7044014,2.386777042634237e-05,-101.1898344
6743.164063,2.739100069654949e-05,147.3934652548697,2.18941452054707e-05,65.98202646779713
6748.046875,1.592939819702724e-05,-50.88435157,2.220200670744171e-05,-117.0500273
6752.929688,3.017319826150041e-05,130.8887953,2.478033624402812e-05,84.33323769186072
6757.8125,4.617534609642585e-05,-52.0493843,2.803667790861485e-05,-92.16435221
6762.695313,5.837944343437789e-05,120.1084229084568,3.788859075738195e-05,76.22680315723116
6767.578125,6.734907422393705e-05,-64.05407943,3.887886369787659e-05,-111.4977809
6772.460938,6.267147899334685e-05,116.3963743437823,2.107192759002789e-05,33.55664833427694
6777.34375,5.123487457326644e-05,-52.98165806,2.943799696025901e-05,127.6434892209686
6782.226563,4.882879452621344e-05,141.1431999255466,5.146027100987243e-05,-69.01145292
6787.109375,5.398943138112655e-05,-46.8958533,5.683967884131654e-05,111.1612914023922
6791.992188,5.427702041083322e-05,106.6047970970377,4.882336795594172e-05,-61.75953325
6796.875,5.199446992637146e-05,-115.2838963,3.731490933294285e-05,132.4714402
6801.757813,5.726194546115727e-05,37.63112894522317,2.890982876923438e-05,-35.46477469
6806.640625,5.548382209776287e-05,-147.7973778,2.42342018775273e-05,151.9154115
6811.523438,4.913887416335271e-05,33.64725108124149,2.603832136914398e-05,-1.136745743
6816.40625,3.650982197764633e-05,-131.6618362,4.310456575598817e-05,-153.1932305
6821.289063,2.775149794624326e-05,69.84062524702605,6.106624435266266e-05,42.12966706654606
6826.171875,1.429078630158582e-05,-66.49641198,6.395320047449681e-05,-126.9403501
6831.054688,3.068302735777532e-05,-159.4950975,4.784966437867294e-05,56.73643464219579
6835.9375,4.567416180320633e-05,42.78531208228028,2.578095636857381e-05,-127.1495816
6840.820313,4.471821842869825e-05,-125.9942819,6.267920974147792e-06,-33.7489674
6845.703125,3.596868394575006e-05,55.89274724430193,2.490701173327414e-05,110.7997784298477
6850.585938,2.370470067003475e-05,-88.78086111,3.284753825854605e-05,-41.12233173
6855.46875,2.983214418913689e-05,141.5505078945035,3.465768040732632e-05,167.9495900398417
6860.351563,3.231309195267005e-05,-11.69093594,4.391276024352625e-05,1.794705446099585
6865.234375,2.787653258694715e-05,-174.3180296,4.688574414023806e-05,178.4048514851012
6870.117188,2.116044263994958e-05,28.09841395253761,3.140071620998914e-05,-9.617784166
6875,3.287507494579165e-05,-122.1663238,2.067780254161923e-05,143.6503343366619
6879.882813,5.249522759532998e-05,58.44965484598438,2.47658363243962e-05,-62.23708879
6884.765625,7.334840888292229e-05,-122.7443961,1.825233384684935e-05,123.4155420044144
6889.648438,8.944298920865612e-05,59.91527179613506,1.873913152546806e-05,-8.576848705
6894.53125,8.233264846961902e-05,-117.0193734,2.847918898259892e-05,-176.9086985
6899.414063,6.103163126399552e-05,77.4682747,2.641105362354533e-05,20.49077839950832
6904.296875,4.799141853709937e-05,-77.23818324,2.161310188829857e-05,-135.122927
6909.179688,4.351782759034211e-05,122.4125823280568,1.638472969167661e-05,46.88679725390776
6914.0625,4.976673324831373e-05,-52.70644755,2.76266102868608e-05,-125.4763662
6918.945313,5.839912204682444e-05,113.8049936683392,4.305071704949981e-05,68.41015512922129
6923.828125,6.874031590704473e-05,-74.76727679,4.164736896532528e-05,-95.86067323
6928.710938,7.810408476164295e-05,110.8159136815968,3.006342667418796e-05,96.94854129469144
6933.59375,7.648370496451197e-05,-67.81675372,1.99057005737654e-05,-52.52625235
6938.476563,5.401995182260098e-05,107.9477675847808,1.862138085945631e-05,168.5165148003877
6943.359375,2.764006108356143e-05,-68.75961822,1.186965159639986e-05,-24.65606697
6948.242188,1.735953634046933e-05,111.9245332137559,2.184440190583226e-05,113.0874721408228
6953.125,1.358237817221897e-05,-83.58270664,4.453258070895992e-05,-64.36969814
6958.007813,1.418639020048674e-05,91.42889613,4.960663157450392e-05,114.6384751416161
6962.890625,1.715396173133089e-05,-111.3020849,4.104682056795127e-05,-77.50584688
6967.773438,2.695622414195504e-05,23.75914909,3.318563191866796e-05,77.63968866784028
6972.65625,4.863688055984899e-05,-162.9061259,4.009324368084809e-05,-134.9240037
6977.539063,6.977615629148239e-05,13.59353842973631,5.627451676246683e-05,35.81979573271848
6982.421875,7.841730362672896e-05,-170.4854357,6.085280345789975e-05,-141.2611639
6987.304688,7.405799069340136e-05,16.19264246695162,5.23413950211506e-05,27.86218412686456
6992.1875,6.794636557785398e-05,-161.0922607,4.849886345064688e-05,-159.7981653
6997.070313,6.052431860232446e-05,15.68751092535367,3.941821439577954e-05,8.006496699863451
7001.953125,4.998322549444204e-05,-159.4932768,3.699567628493187e-05,177.0743470426747
7006.835938,4.171559401371348e-05,19.97404344707566,2.814290797706847e-05,-17.00157029
7011.71875,3.37258738861828e-05,-176.4591363,9.26940850430909e-06,145.8818639618586
7016.601563,3.002259172627119e-05,-29.52377216,2.117526791026084e-05,-105.6348787
7021.484375,5.480007408523903e-05,127.5062677394046,4.570350821063326e-05,60.40135391715816
7026.367188,9.769295232470077e-05,-56.23898171,5.324047909523818e-05,-129.8488974
7031.25,0.000129348,126.5533846411311,0.002489871,89.23723903515453
7036.132813,0.000124141,-44.5944703,0.024797739,-90.03088922
7041.015625,7.824961619384363e-05,156.2972960505895,0.070506388,90.04752314563206
7045.898438,4.262100542419739e-05,35.47550800122895,0.096388731,-89.91881743
7050.78125,6.202840068120395e-05,-90.07706405,0.098118528,90.10592704226794
7055.664063,7.21870892048429e-05,106.3034550953054,0.092128271,-89.86686396
7060.546875,3.561895785284183e-05,-44.60544502,0.055674366,90.15956001699301
7065.429688,4.039292349534248e-05,-127.5596688,0.014151276,-89.83191769
7070.3125,5.822498697756382e-05,58.94303764058822,0.000707276,90.34856153
7075.195313,4.118771152082448e-05,-136.7474962,1.680158167469846e-05,-63.07112814
7080.078125,2.160439738590712e-05,4.725140937750628,5.464554184865386e-06,-138.5650688
7084.960938,2.132900340643523e-05,143.3124768775537,4.053459614545452e-06,51.06866918462725
7089.84375,2.133863526101278e-05,-67.88599737,1.844127567483474e-05,78.56587614895508
7094.726563,1.192905674896937e-05,72.40189330538007,3.37200305517888e-05,-114.4442681
7099.609375,7.818248662452944e-06,-123.828123,3.651657924865805e-05,59.45525262920348
7104.492188,1.488236344603404e-05,78.76544822568852,2.041109393083743e-05,-149.769869
7109.375,2.666962363009819e-05,-109.7113756,1.674727700058771e-05,-36.26562268
7114.257813,4.052827854434759e-05,83.34737178221712,3.340673102266478e-05,111.2427319115703
7119.140625,4.105856959869291e-05,-77.9939422,3.639464232119069e-05,-65.0469676
7124.023438,2.575780888519572e-05,127.8845160596368,3.14630528467845e-05,134.5204272876205
7128.90625,3.103202447240669e-05,-9.852471552,3.014263985209977e-05,1.888856637562783
7133.789063,3.612365111303689e-05,-172.0865136,3.809702154808355e-05,-142.8243868
7138.671875,2.610692203114438e-05,36.93813391777012,4.532867722924745e-05,65.94804895991926
7143.554688,2.983764228695504e-05,-128.3400556,5.436425308354588e-05,-90.07927674
7148.4375,3.810251640017371e-05,67.08594151050866,6.571166733665292e-05,102.2238863609858
7153.320313,4.768518534168366e-05,-75.08180115,6.810161336753884e-05,-72.3081359
7158.203125,6.370010196214511e-05,124.5925427626253,6.46013471404294e-05,108.9316493176227
7163.085938,7.919206442462777e-05,-49.224336,5.756959803844348e-05,-71.20662795
7167.96875,8.940672603520206e-05,137.1200580623448,5.560880989340105e-05,121.9167614675146
7172.851563,8.23815070188426e-05,-41.88104276,6.061345386783499e-05,-35.37846459
7177.734375,7.693441856744522e-05,130.5097658389135,7.097281660913949e-05,158.0422305449782
7182.617188,8.551952577607943e-05,-52.92952684,7.353183289553092e-05,-22.19392893
7187.5,8.878739933501975e-05,131.9837783183161,6.347990706033788e-05,146.2089631316491
7192.382813,8.215169566484598e-05,-34.51049536,6.521938377984025e-05,-49.16746901
7197.265625,7.254325648890904e-05,170.2588046180181,7.089223973341858e-05,124.3161756083735
7202.148438,6.574547073034145e-05,22.48724476346617,6.72975445276475e-05,-57.8178286
7207.03125,6.386611733845884e-05,-131.7279574,6.645853791629805e-05,118.1814264979807
7211.914063,5.60803485284662e-05,52.65885007767112,5.886436080881353e-05,-70.04258592
7216.796875,3.696055738781243e-05,-146.1892718,5.10609231915074e-05,96.69686195554303
7221.679688,2.040512619585155e-05,-9.399605494,4.489323681114752e-05,-105.4396791
7226.5625,1.551659519719332e-05,118.3616624733145,4.122778980228593e-05,39.56969685526793
7231.445313,4.574870133959383e-06,-116.2223366,4.536600222210809e-05,-169.2934211
7236.328125,1.629208138079874e-05,-49.63140588,5.430152041780953e-05,0.5514882472884047
7241.210938,1.431880383294514e-05,119.6586630082562,5.759452417067608e-05,-178.9387777
7246.09375,1.359704415648878e-05,171.8199588006456,5.229828551257247e-05,3.398490564098541
7250.976563,3.841073830222098e-05,-39.6173656,4.364652402301617e-05,-173.8544849
7255.859375,4.418014715679918e-05,123.0411330370228,4.073163643390366e-05,-5.642327597
7260.742188,3.301016566358369e-05,-75.66123532,5.01778821194898e-05,166.2771714833973
7265.625,3.221890853308158e-05,88.58478237167523,5.841440041805193e-05,1.133036105799925
7270.507813,3.010175787680911e-05,-113.7360764,6.885945209219778e-05,-157.9625891
7275.390625,2.137358914940527e-05,38.31073509936814,7.580595363866829e-05,42.34128853825578
7280.273438,1.575113033352204e-05,-91.46584901,7.370037054690629e-05,-119.1457272
7285.15625,2.944321101275765e-05,97.37782187296575,6.101324292428559e-05,68.69706540147129
7290.039063,4.069997278229897e-05,-102.0740499,3.772605318577901e-05,-112.3927925
7294.921875,5.99963442650581e-05,80.44480118457159,1.598614622371243e-05,54.41471810258337
7299.804688,9.279965486950086e-05,-96.23342138,2.199346165531538e-05,160.0074282492402
7304.6875,0.000116715,81.12686299242419,4.406009333541256e-05,-34.53065906
7309.570313,0.000118081,-102.4778277,4.179908647294656e-05,144.0364158838964
7314.453125,0.000113574,76.12043140248468,2.819296489526811e-05,-40.57851824
7319.335938,0.000109821,-104.4576325,1.713639562021933e-05,128.6866231
7324.21875,0.000102242,73.64668495138476,7.938358574414534e-06,77.53772341031717
7329.101563,8.258437390763479e-05,-101.1857055,2.583947540324789e-05,-80.04626698
7333.984375,5.658611210038576e-05,96.44865642,2.895063669269696e-05,92.10945866826727
7338.867188,3.275149491732989e-05,-50.3605553,3.582154194802996e-05,-112.7570283
7343.75,3.074307196960764e-05,-160.1411631,4.255901903422005e-05,39.40113167
7348.632813,4.150639626229281e-05,39.42607191670901,5.241721980756865e-05,-162.4888379
7353.515625,3.533243564394346e-05,-143.3553928,5.997038156375061e-05,15.90757977710254
7358.398438,2.628161042085363e-05,28.28586715068055,5.479456603273518e-05,-166.6514897
7363.28125,1.801511291975372e-05,164.5472291561349,4.146237552600052e-05,2.447355830792027
7368.164063,1.69314952373393e-05,-85.53580594,2.276556102429609e-05,-173.6541413
7373.046875,2.198833793460491e-05,31.78106988719636,2.929608499279435e-06,-23.05110826
7377.929688,4.19036056082344e-05,-159.55733,1.549565591018819e-05,58.75628872284373
7382.8125,6.428145490013964e-05,21.43944722149803,1.458770538363614e-05,-141.9942083
7387.695313,7.086286285237752e-05,-165.0009502,1.618028965205314e-05,7.034480946
7392.578125,7.410624005277564e-05,8.246488680760406,1.223881843069928e-05,-163.7985697
7397.460938,7.597851054442685e-05,-170.3022923,6.16680653234686e-06,-73.87209301
7402.34375,6.71484228274654e-05,16.50129606667383,2.499069644695394e-05,96.54223746
7407.226563,5.465766148887367e-05,-158.679354,4.378167827462906e-05,-82.32992333
7412.109375,4.233462303985608e-05,26.08992092188852,6.539373009112261e-05,97.34384761629536
7416.992188,2.70129638860917e-05,-154.1816594,8.231528911269251e-05,-82.46504719
7421.875,1.219674193606091e-05,-30.11815462,7.615945584580103e-05,95.92689366635267
7426.757813,2.422118449169721e-05,96.68683602,4.998073226759202e-05,-85.48723061
7431.640625,2.720468957382372e-05,-98.45848965,2.393892121310713e-05,101.0484478241853
7436.523438,2.379944315009605e-05,34.71330885467924,1.838695922635319e-05,-0.611126253
7441.40625,2.656343327042443e-05,-169.2906964,3.221213829113237e-05,-160.3256707
7446.289063,2.686153719639715e-05,14.12268123120839,3.234806119357529e-05,8.043405766467339
7451.171875,3.847795074552982e-05,-155.091875,3.843185976290784e-05,169.639072
7456.054688,5.939514157849616e-05,35.63297968250888,4.623477063651308e-05,-29.31484442
7460.9375,8.384150968677388e-05,-140.69402,4.42750607873399e-05,139.8840032445175
7465.820313,9.381634280703842e-05,44.28215694880146,3.489052428903595e-05,-35.06150158
7470.703125,8.766856951579667e-05,-127.6416834,3.016609520814538e-05,145.5400908325756
7475.585938,8.744108281914818e-05,58.28587215102287,2.373821760054488e-05,-34.99753305
7480.46875,8.485027531620923e-05,-116.760138,2.477528020375432e-05,165.4370662
7485.351563,6.040590797202857e-05,59.84331597442909,3.383802141124325e-05,-24.90633252
7490.234375,4.044266104386214e-05,-154.657114,3.422191727465905e-05,135.1008442417162
7495.117188,4.379458622499035e-05,-6.387831476,2.45161231841635e-05,-39.57618238
7500,3.605489101497336e-05,154.3032965485719,1.348725047383044e-05,176.9899285110243
7504.882813,8.129071356452166e-06,-44.03189988,1.526716917847571e-05,84.31356555884719
7509.765625,3.470837730812912e-05,-38.11711845,2.949988909473023e-05,-83.66445715
7514.648438,7.030868168952653e-05,145.6225332361793,2.78421398363191e-05,103.3368591464459
7519.53125,8.721033605354057e-05,-29.87790835,2.200405888479188e-05,-25.46849335
7524.414063,8.192753997119199e-05,161.1810556601533,3.906372917766117e-05,-162.6204917
7529.296875,5.71188105222905e-05,4.246792063939235,5.326195420851083e-05,36.31843294933007
7534.179688,2.63334219654317e-05,-137.3206495,5.577200070450916e-05,-124.0743256
7539.0625,2.371089254678421e-05,101.0296198,5.174874461007451e-05,68.03193288848412
7543.945313,3.098176414493979e-05,-57.70980343,3.139914089621114e-05,-111.0543365
7548.828125,2.951343022765474e-05,-170.7661385,8.715730928192472e-06,46.80586572580053
7553.710938,6.28799536562219e-05,47.63154655095999,7.450589201786055e-06,137.0234532239868
7558.59375,7.905599518469208e-05,-129.3995603,5.25564357928883e-06,-51.42986071
7563.476563,6.870459799687517e-05,61.55201015744262,1.982658376706269e-05,-113.4253821
7568.359375,4.20435476326337e-05,-95.51077129,5.626506223272343e-05,71.42741284
7573.242188,1.649398435381376e-05,-169.9161116,7.879633793623817e-05,-112.2747894
7578.125,5.511164275461504e-05,48.25324436609801,8.295978694203766e-05,53.80922300171709
7583.007813,7.514906328357423e-05,-128.67908,7.51844552856371e-05,-140.0020246
7587.890625,8.078460857212935e-05,58.1091155,5.571594204482459e-05,31.32355626903317
7592.773438,7.433382467519831e-05,-125.7983626,3.568065409961038e-05,-144.2519542
7597.65625,6.059908514423413e-05,36.65810540363516,2.43673901417635e-05,75.02615332932504
7602.539063,5.226320957613985e-05,-168.931897,2.325445626503008e-05,-81.04128606
7607.421875,4.95611615138925e-05,-19.49831942,2.031263342193931e-05,64.00273098068271
7612.304688,4.187214689948952e-05,140.5589061743883,2.643988530562738e-05,-172.0139455
7617.1875,2.145244948949147e-05,-22.91381086,4.439181413175002e-05,-20.78117091
7622.070313,2.573659203964474e-05,-107.6974109,5.23295001004776e-05,162.8231683033406
7626.953125,5.238232745295729e-05,92.78241007060051,3.854880138624489e-05,-6.515243475
7631.835938,5.584983161068903e-05,-89.90023219,1.798073213818242e-05,-154.3663192
7636.71875,3.395082737831504e-05,92.24128182821944,2.786561706981427e-05,97.42898533771201
7641.601563,1.761059826751963e-05,-22.43372342,4.480189575647429e-05,-65.86856679
7646.484375,3.143711430393539e-05,-150.0706497,5.328342535712633e-05,111.0999580118501
7651.367188,4.339447269894253e-05,38.42935212876366,5.856282444116745e-05,-74.13588857
7656.25,3.96895036300599e-05,-149.6387702,5.124028487834669e-05,114.7653652113616
7661.132813,2.001243156255356e-05,54.05141419916937,3.966996045527089e-05,-51.95467544
7666.015625,2.513614274917389e-05,-54.98179828,3.009813725971908e-05,145.9296992735751
7670.898438,2.390599130297372e-05,146.7680135127995,2.591578794324643e-05,-15.24291782
7675.78125,2.115652752181029e-05,-35.6877042,1.72286677108647e-05,154.5873513666211
7680.664063,2.535505414126929e-05,123.7410870495873,1.351733155838622e-05,-91.20361864
7685.546875,1.760743292973698e-05,-75.21052853,2.513970021182354e-05,43.45234185
7690.429688,2.134158427205858e-05,114.8024364033253,3.76162774879058e-05,-171.368847
7695.3125,4.595329927295076e-05,-43.58029652,4.529635332650308e-05,-13.94704231
7700.195313,4.832949196085884e-05,147.1476680607157,4.148418203765867e-05,144.2403316613347
7705.078125,3.473445292546825e-05,-29.98009073,3.953711613908173e-05,-62.5213156
7709.960938,3.186674874960196e-05,124.2554770837495,3.649932207116208e-05,92.86801555234091
7714.84375,3.700206833508874e-05,-92.86501841,4.111167938958563e-05,-106.0903689
7719.726563,4.792592149153846e-05,64.58163410145004,3.999415421716014e-05,77.37962898075341
7724.609375,5.010498152176873e-05,-111.178756,2.863790780982099e-05,-88.95131063
7729.492188,3.863618183375107e-05,79.80074552,2.32379992877882e-05,102.6595537079926
7734.375,1.362212436401454e-05,-96.38505456,2.097291036305343e-05,-67.31334892
7739.257813,2.628177069166857e-05,-133.7318453,1.591889844668597e-05,127.6776903350276
7744.140625,5.653435424204806e-05,43.57286781988105,2.051836884701084e-05,-26.49307201
7749.023438,6.50087764158374e-05,-141.3876336,3.076038509276493e-05,156.2769425625611
7753.90625,6.757809984832355e-05,26.23438735632021,2.148332147548897e-05,-13.24494904
7758.789063,5.844338753662724e-05,-176.3367244,1.733733042688501e-05,-99.68048974
7763.671875,4.493037126100523e-05,-38.70075003,4.110670801721903e-05,110.1742773501135
7768.554688,3.913109502635649e-05,93.58048906777341,6.602490303799236e-05,-56.84971905
7773.4375,3.758826052187467e-05,-122.696916,7.591896841149254e-05,133.7365853486607
7778.320313,3.075941516665605e-05,49.79805097864357,6.277324395532823e-05,-37.98549713
7783.203125,2.01824897565152e-05,-163.9207212,5.322813625856177e-05,152.3456059630198
7788.085938,3.060814937127276e-05,-19.95943819,4.82875048135854e-05,-15.89546553
7792.96875,3.287635057063413e-05,174.1266127710461,3.5956180780614e-05,156.3103716651531
7797.851563,3.751131629951515e-05,13.81036667860196,3.491412853428142e-05,-53.34116354
7802.734375,4.023753593813602e-05,-177.1134417,3.466960190366509e-05,99.77467561475845
7807.617188,2.580754365792593e-05,-24.15746691,3.747879636610846e-05,-118.5335259
7812.5,2.385837109087027e-05,48.13954845829664,3.634131394117375e-05,40.22419184453981
7817.382813,5.796347140266434e-05,-143.6715719,3.125981124169875e-05,-147.9404799
7822.265625,6.285058546354812e-05,27.87610518225356,3.329795582722579e-05,33.77596044965759
7827.148438,5.65629926484644e-05,177.1595805,2.916098763771825e-05,-148.902606
7832.03125,5.672917507271554e-05,-32.23173557,2.241664323031496e-05,26.54286209873667
7836.914063,7.085360139774268e-05,124.6138545450996,2.198069929869474e-05,-152.7822207
7841.796875,9.243528312511091e-05,-53.61804701,2.365920029801958e-05,28.44949531932139
7846.679688,0.000104635,135.8786737097613,2.015803267242811e-05,-137.3491518
7851.5625,9.381958083838317e-05,-37.5237188,2.741872882446167e-05,98.92856710367316
7856.445313,5.742896036026355e-05,146.9089170253085,4.628707281308416e-05,-63.98778305
7861.328125,8.389234115339857e-06,-87.5442374,4.984005170349429e-05,116.7792513171766
7866.210938,5.736653920802672e-05,-28.75983802,5.297229063438276e-05,-68.52698057
7871.09375,9.468767503302534e-05,143.1587984361232,5.022112649501039e-05,100.0651680608986
7875.976563,8.694527917187159e-05,-33.51103328,3.525950206296691e-05,-100.410424
7880.859375,6.326116850282643e-05,152.6524268557486,3.302470716862363e-05,68.60743525726119
7885.742188,3.826759116270407e-05,-16.57171773,3.870256531612889e-05,-101.7718698
7890.625,2.336762065722467e-05,-161.6478425,2.968775807325174e-05,88.87664067488339
7895.507813,6.411644763573085e-06,-9.512209139,2.47176218317268e-05,-71.83413613
7900.390625,3.259289450651503e-05,49.49058061236294,3.112085834823419e-05,119.4602683
7905.273438,6.192774376038316e-05,-149.5293188,2.650009723831184e-05,-50.78033809
7910.15625,7.871636289673114e-05,14.10674963,1.34401140997352e-05,141.1067165823489
7915.039063,8.031823269745047e-05,172.2345449486087,8.46085185979923e-06,-87.5635158
7919.921875,8.457473592172137e-05,-36.13413108,2.523871991212844e-05,43.68132942037361
7924.804688,8.544230328932089e-05,122.9348703546336,4.264827181872871e-05,-153.1377223
7929.6875,7.427402998098009e-05,-74.28705487,4.960997442551692e-05,27.52480435516494
7934.570313,6.081605209980777e-05,92.26966361239138,5.389951235024629e-05,-145.7466083
7939.453125,4.94011058362769e-05,-90.95609197,4.310000359893376e-05,33.22511685839827
7944.335938,5.061521731563789e-05,104.8619150179997,2.012080928073948e-05,-174.0741194
7949.21875,6.734701277397275e-05,-57.64782218,2.617894922524505e-05,-55.80477688
7954.101563,8.761737391914094e-05,131.4315265711024,4.776161479191094e-05,108.0526519
7958.984375,9.324162620425738e-05,-41.71320477,6.463724066939768e-05,-78.61252079
7963.867188,6.63703441682683e-05,149.1228919,5.986424269788259e-05,100.0295207202749
7968.75,2.340300735221832e-05,-8.404857196,4.380301843080214e-05,-74.39607727
7973.632813,1.547918605517926e-05,-79.27344371,3.351266834949946e-05,113.7965640205906
7978.515625,2.831227805821925e-05,113.3687242580972,2.17873790945416e-05,-47.5822581
7983.398438,2.391535405572535e-05,-60.57970793,1.853562577125244e-05,159.4878497979784
7988.28125,4.292533323264563e-06,-17.1986443,2.276674894790115e-05,-50.2238579
7993.164063,3.828076439476385e-05,124.6564664242984,2.932240907790816e-05,100.1590354221274
7998.046875,5.728022500093688e-05,-68.21957211,3.388215919994842e-05,-103.8896689
8002.929688,6.731427435413408e-05,111.8043299664741,4.635776516781202e-05,72.87291921886761
8007.8125,8.070091247645946e-05,-67.37420551,4.791849239747671e-05,-100.4202561
8012.695313,7.054912271373477e-05,111.4322418104169,3.153373123936321e-05,78.63364212731143
8017.578125,2.661029954214171e-05,-38.69716422,1.366198948196204e-05,-105.5861039
8022.460938,3.308948031953567e-05,-119.3129469,7.429077755932341e-06,-49.16052118
8027.34375,4.988933560223426e-05,85.72738708943932,2.527125685135196e-05,132.8238817168306
8032.226563,6.887754719416757e-05,-77.07260592,3.711113874623553e-05,-42.05395726
8037.109375,7.560049270146962e-05,110.3760594,5.022313940699709e-05,119.8390135813524
8041.992188,6.234873398970561e-05,-57.38675141,6.173382465882757e-05,-78.5416632
8046.875,5.591629945945835e-05,147.5243387800392,6.927341196482869e-05,88.55647633461777
8051.757813,5.528595627026496e-05,-8.277196259,8.409818979833535e-05,-95.99090475
8056.640625,5.785013459426145e-05,-160.4441331,8.464323897959104e-05,88.86317242987994
8061.523438,7.207542102340329e-05,49.71645917730208,6.267541421478681e-05,-79.20054734
8066.40625,8.964836508857335e-05,-103.765678,4.704872910462436e-05,116.7533780152919
8071.289063,9.461323640547114e-05,95.81914212854387,4.405373284529798e-05,-58.04113561
8076.171875,8.370188165808358e-05,-67.8968236,3.841987239532858e-05,98.63377159114239
8081.054688,7.578847788000687e-05,129.4994683452385,4.672718964570179e-05,-112.4159967
8085.9375,5.940276295612947e-05,-36.79184032,5.561893555545759e-05,68.20460751994899
8090.820313,2.786335603277778e-05,163.1819255090011,5.726533264666113e-05,-104.2813924
8095.703125,1.164434215164592e-05,-1.042201073,3.991664262914031e-05,69.37219824
8100.585938,1.451074386618563e-05,77.00430945695717,1.597301494864704e-05,-172.9221184
8105.46875,3.527569705614562e-05,-127.8221136,2.791402142441817e-05,-46.0068126
8110.351563,4.151223426372075e-05,65.48214600471287,3.802569253790929e-05,127.8130809086605
8115.234375,5.099600047528292e-05,-94.48527834,3.612072710155614e-05,-73.85000338
8120.117188,4.564475864087297e-05,86.77959085997507,2.23064131904137e-05,56.18560013132365
8125,2.590294533956347e-05,-90.50442446,2.656348157133361e-05,169.1481438502084
8129.882813,2.651476457123646e-05,97.05623077132344,3.929382592335851e-05,-24.00162235
8134.765625,3.07515546229378e-05,-95.43479169,3.513181699235038e-05,141.5310036204924
8139.648438,2.930409068574402e-05,79.06696017486347,2.419479066519752e-05,-82.31671615
8144.53125,3.697664563537006e-05,-80.99003366,2.567158712516322e-05,70.53926186629657
8149.414063,4.141761511073547e-05,108.4137028323966,2.466876991614867e-05,-129.4290843
8154.296875,3.624045529797978e-05,-89.26999234,2.171476192900542e-05,-0.085240713
8159.179688,4.8581803336913e-05,44.61187950804953,1.873464574531392e-05,113.4754939
8164.0625,7.63444482837493e-05,-163.2187301,2.942842845984253e-05,-112.4257669
8168.945313,8.972036904801356e-05,1.355158449115915,4.464073103035085e-05,72.17284093152446
8173.828125,8.397810455745963e-05,165.9079113065726,5.224225734643332e-05,-99.24406277
8178.710938,6.182355052161768e-05,-39.43800838,5.222809984103788e-05,95.23206511183889
8183.59375,4.426208120014267e-05,96.78192194910348,6.146533815962058e-05,-61.70011809
8188.476563,4.36469596906627e-05,-118.0213805,6.621402513037569e-05,136.6773689368678
8193.359375,4.572706605534618e-05,49.66309892088989,5.271504122215116e-05,-29.26448961
8198.242188,4.549772859163173e-05,-126.7309272,3.385847912657753e-05,168.4495123234413
8203.125,4.457442229023759e-05,56.18823559202743,3.142770485668841e-05,18.70843163
8208.007813,4.000393690255929e-05,-140.8553,3.067008495591093e-05,-154.1890184
8212.890625,3.446514624722417e-05,0.8734535024874747,1.757835511050621e-05,9.221483561155326
8217.773438,3.946545219549829e-05,148.0634758363215,1.052779819831403e-05,-161.194886
8222.65625,4.338086734802383e-05,-53.15797138,2.418976764432773e-05,70.25347241285758
8227.539063,4.469091040679233e-05,106.7973858,5.074602688091868e-05,-93.09137755
8232.421875,4.828695481700444e-05,-73.65445485,7.57390771013673e-05,89.33843312169778
8237.304688,6.267555084550298e-05,105.0436323915813,8.2184968990699e-05,-97.4848634
8242.1875,7.859069370274678e-05,-86.36905572,6.870534161537375e-05,75.71234075856844
8247.070313,8.854107819138776e-05,85.28908398215107,5.059648044899113e-05,-104.483374
8251.953125,9.165325474461749e-05,-102.4370622,3.475515941999899e-05,77.08781566839528
8256.835938,8.009288087521785e-05,58.93729652,2.543637414187076e-05,-174.7050617
8261.71875,7.051970699525648e-05,-150.0917931,0.000188672,-45.71085801
8266.601563,5.87760220527307e-05,6.615768116335401,0.000489347,128.956996
8271.484375,4.849485460634478e-05,158.9591883199497,0.000646667,-53.4951286
8276.367188,6.008516955341515e-05,-31.12985705,0.000654374,124.7375590059726
8281.25,8.052355682553464e-05,158.3646843793428,0.000582445,-56.44486563
8286.132813,9.392174279009114e-05,-10.49776002,0.000322368,120.7246471196646
8291.015625,9.982010667174762e-05,177.7584132,7.080087401807153e-05,-70.34398498
8295.898438,0.000109035,2.900475192885363,6.116075934996783e-06,-38.76884469
8300.78125,9.992127699323036e-05,-172.3071035,8.900408714363248e-06,21.68345309130495
8305.664063,6.415014316032036e-05,8.881156335615589,2.07888518043295e-05,172.0607256888332
8310.546875,2.735580609872206e-05,163.8748511966451,2.365663411028567e-05,-2.280717878
8315.429688,2.47685335450156e-05,-123.1545063,2.074456984301437e-05,174.5788328592483
8320.3125,4.664785545254038e-05,23.09414575699351,2.318640014228241e-05,-45.81095092
8325.195313,5.175073652525569e-05,-169.9854109,3.481449738128404e-05,102.5267304709321
8330.078125,4.529773437856675e-05,-3.890564262,4.267375772351938e-05,-91.76102769
8334.960938,2.163019826935918e-05,161.4400425923732,5.101875898823284e-05,84.64683909158575
8339.84375,3.610716068063662e-06,42.27269129789528,5.291414600255763e-05,-98.84074805
8344.726563,1.470583590902372e-05,-141.9045171,4.973983418917958e-05,69.29743482606261
8349.609375,2.05258715808281e-05,28.43671957146039,5.598864762268011e-05,-120.2922665
8354.492188,2.508559568272967e-05,163.4005129189496,7.33391699967018e-05,61.38751455684368
8359.375,5.195717777876991e-05,-52.86293729,9.235185359888684e-05,-114.2485615
8364.257813,4.906921057996141e-05,108.5355703545374,9.334960707865108e-05,71.35816305
8369.140625,1.513710460876516e-05,-13.92141079,7.246135134966313e-05,-100.1889762
8374.023438,6.232503216786928e-05,-124.3112316,4.086652583700499e-05,88.39941676452757
8378.90625,0.00010581,66.62848920484828,1.45779657699154e-05,-31.41034032
8383.789063,0.00014072,-118.2905744,3.860092095808678e-05,-147.2099051
8388.671875,0.000151913,48.73705439874807,5.370127575565153e-05,35.75679875402864
8393.554688,0.000129891,-142.9315955,5.299363210392207e-05,-160.5380165
8398.4375,0.000105294,23.23569611245944,5.185538648204072e-05,2.406888894919121
8403.320313,8.270528506499601e-05,-171.1185115,3.978836132033324e-05,166.4844910654273
8408.203125,4.95592090670804e-05,-10.84729264,3.935630909856301e-05,-49.01656139
8413.085938,2.171415433076549e-05,137.6981413371161,4.902841281694796e-05,122.6165588309518
8417.96875,9.97218438801072e-06,-176.6877949,4.561213043662493e-05,-49.62785136
8422.851563,3.108248528076999e-05,-21.73714224,3.471284086761266e-05,136.7887893135984
8427.734375,3.955175855391302e-05,142.7506757004973,1.901250630187164e-05,-13.32279281
8432.617188,4.05522314961385e-05,-57.18683493,2.656872285512262e-05,-110.7194268
8437.5,2.085454398966493e-05,120.4627698552754,3.944254768680095e-05,102.0431113433832
8442.382813,4.26863244248523e-06,24.25467376228227,3.495786676611134e-05,-57.77832823
8447.265625,1.198636745216529e-06,-52.73477827,1.284177863325473e-05,79.50830359
8452.148438,8.827979048618829e-06,-101.8950988,3.542255246267904e-05,165.9572374273922
8457.03125,2.41988967018004e-05,109.4916091654372,5.331998136766769e-05,-25.33203458
8461.914063,4.430540145917533e-05,-74.88110548,5.953222502479282e-05,153.1762245847387
8466.796875,5.582871807706007e-05,97.30863375395982,5.515644535133124e-05,-24.80838051
8471.679688,5.434053316950235e-05,-74.11561639,3.82460188564427e-05,163.8815085
8476.5625,5.4234276801241e-05,119.0679182476508,2.337834282744606e-05,-6.542991074
8481.445313,4.57563489583436e-05,-52.8080041,1.431816931382897e-05,-173.9953521
8486.328125,3.174578653711322e-05,145.5246529045788,1.084218669012539e-05,52.77134951
8491.210938,3.704223561382865e-05,-9.266316016,1.183727070569228e-05,-61.05367779
8496.09375,5.055489201455269e-05,179.0823885173145,1.291929962483829e-05,162.3768797285821
8500.976563,5.380595359010155e-05,0.3647553362810135,1.082165994247545e-05,31.02560652203376
8505.859375,5.535504730057746e-05,178.8657604882163,1.194803690823016e-05,-122.4816578
8510.742188,5.12457984782605e-05,-13.07577337,8.048152776187468e-06,52.13245253789307
8515.625,3.724140641738794e-05,146.9017013274035,1.142065565543877e-05,166.1231191437531
8520.507813,2.852685577731513e-05,-55.65038635,3.037072845029327e-05,-38.03278692
8525.390625,2.529148816863171e-05,95.54147692042262,3.945762279545809e-05,125.3666604
8530.273438,2.030471126567958e-05,-124.2407537,3.296755935499314e-05,-84.31468379
8535.15625,1.66390190387625e-05,10.71100574052484,2.567767617754468e-05,59.68043557982873
8540.039063,2.308485383609654e-05,143.4948656521764,1.773591132816805e-05,-157.3932368
8544.921875,3.257574503924868e-05,-76.35313278,1.791237130870867e-05,-40.29602454
8549.804688,4.449702633138954e-05,58.36912139531309,3.403146667515996e-05,95.17693423203458
8554.6875,5.047448930078402e-05,-148.0496062,4.230621514435238e-05,-98.57672027
8559.570313,5.420920858913975e-05,19.73461449303089,3.629383083061502e-05,89.29381756443036
8564.453125,6.560356492391757e-05,-163.8537364,3.433045144081558e-05,-73.79772739
8569.335938,6.289599843056927e-05,19.59499667,2.546585426594194e-05,107.963523
8574.21875,6.563494033122046e-05,-144.9782645,8.652584529268454e-06,-97.88548833
8579.101563,8.323375209178835e-05,39.81075190775849,1.52058652038907e-05,9.854384065225839
8583.984375,7.608145145069386e-05,-143.4878043,3.417353592832559e-05,-157.2962923
8588.867188,4.76074154583023e-05,34.46723732841407,4.238603049412963e-05,34.90994907
8593.75,2.324261541651389e-05,-153.9076636,3.874798381113199e-05,-134.5032619
8598.632813,1.330878696443965e-05,-62.46167569,4.334705357025724e-05,64.52304901015812
8603.515625,2.295165733417077e-05,56.12928019758608,5.748385516598953e-05,-97.68461316
8608.398438,2.971150329996147e-05,-174.0910055,6.244037681135479e-05,88.06882121395759
8613.28125,3.548276056200928e-05,-30.40098729,6.138823347011541e-05,-95.89185639
8618.164063,4.481867365837063e-05,132.8865851097429,6.154792259644759e-05,86.26638887507697
8623.046875,5.199294338774187e-05,-44.59123193,4.890098516004949e-05,-82.01774633
8627.929688,4.700585729542225e-05,122.7068247822216,1.954330182086852e-05,108.3178389323406
8632.8125,3.798711884203832e-05,-87.64787641,6.158166972452472e-06,-34.67647588
8637.695313,3.691544195268285e-05,57.95184546464652,1.467686211309688e-05,148.4122038842472
8642.578125,5.076007996714132e-05,-127.7322356,1.229066644851907e-05,-44.13038218
8647.460938,6.097930632552212e-05,52.58190799607904,1.808341330276131e-05,91.42333545367441
8652.34375,5.948236404740364e-05,-144.2176383,2.743969155519534e-05,-89.10939285
8657.226563,5.315201072050384e-05,15.61550696504238,1.47571525416583e-05,83.97100885141948
8662.109375,4.199169912374813e-05,175.0340751943338,1.685560535836844e-05,-169.65404
8666.992188,3.044511115276953e-05,-40.23666415,3.50580577182715e-05,0.644937893
8671.875,2.770014840338328e-05,66.90255578,3.895833757669394e-05,169.9521857089103
8676.757813,5.018522377100536e-05,-161.789889,3.423168080044934e-05,-12.78651734
8681.640625,6.642803235249694e-05,-3.888470415,2.988180461466432e-05,-174.9957251
8686.523438,6.63679882748588e-05,163.5615059525915,1.477313755182024e-05,-0.670807241
8691.40625,4.541740940291995e-05,-26.68885981,1.933055081553153e-05,82.00553240050786
8696.289063,2.644917524460732e-05,119.3890772038854,2.752408545927911e-05,-94.14437131
8701.171875,2.39142753731506e-05,-83.16234241,2.683681444810799e-05,115.9961300081404
8706.054688,1.179841314863284e-05,58.19142757232063,3.892395249733978e-05,-45.25055467
8710.9375,2.606360393134611e-05,174.8429106833703,5.240955487429443e-05,144.5805663307362
8715.820313,3.384468046912232e-05,-9.7030408,6.358854618937253e-05,-28.7494895
8720.703125,3.087192823227874e-05,160.1164874870614,7.158144401664415e-05,139.1852325547248
8725.585938,3.362317379065518e-05,-28.97318015,7.899151885397739e-05,-61.13015171
8730.46875,2.811240028548416e-05,151.8844137050426,6.851870253291724e-05,103.2519174806101
8735.351563,1.700849812924866e-05,11.53337640935132,3.516229417114905e-05,-104.9721967
8740.234375,1.818688228111806e-05,-136.4562309,2.441537758296511e-05,-6.77738693
8745.117188,7.302553206516003e-06,7.038226338082572,4.239177187550754e-05,133.2338714877534
8750,1.692687639569761e-05,108.8245890927077,5.265948665185987e-05,-62.38394509
8754.882813,3.289376521229851e-05,-85.51195897,3.573726651239998e-05,101.8210496217981
8759.765625,5.242039638348093e-05,87.57324319108285,8.631171148565776e-06,-137.0335834
8764.648438,6.340951896672394e-05,-80.59076325,2.423217831407288e-05,-64.16637583
8769.53125,5.502166986685629e-05,116.6773917358779,4.80861075870689e-05,117.192248
8774.414063,4.712631363614288e-05,-40.10851353,5.806552625422689e-05,-56.33915294
8779.296875,6.086000167609452e-05,155.1159056584038,4.995738360385655e-05,116.1193652208363
8784.179688,6.814954582357274e-05,-20.02240726,3.719086516967569e-05,-80.7383809
8789.0625,6.431085213354019e-05,157.2483894556926,2.822584523192582e-05,71.18525144251225
8793.945313,5.30808534799822e-05,-36.1654013,4.609310495183094e-05,-145.8575046
8798.828125,3.089790579926056e-05,112.5482340279301,6.34394592436271e-05,22.69399953996925
8803.710938,2.402066083287697e-05,-130.3904474,5.3207062302627e-05,-164.6156635
8808.59375,2.391472694776708e-05,-6.184874904,4.007642114490277e-05,-5.314715166
8813.476563,3.541711131400858e-05,120.7265784,3.810058406817159e-05,137.4536492709332
8818.359375,3.570803777042949e-05,-72.04613838,3.588574824927226e-05,-84.67905789
8823.242188,2.612075490628029e-05,105.9703318425944,3.375974063769787e-05,56.94517553
8828.125,3.350491348601926e-05,-63.99570402,2.921098568098557e-05,-146.5708655
8833.007813,3.406456074625321e-05,149.1770303099869,2.542732860285206e-05,13.73217243305323
8837.890625,3.401789296204834e-05,24.75620619091433,1.765985918972491e-05,-170.4514249
8842.773438,3.655435470123009e-05,-128.1310354,7.886046927906363e-06,56.5221986
8847.65625,3.945698849273844e-05,89.21521886791398,8.243943186024998e-06,-108.8101936
8852.539063,5.848133842561111e-05,-60.70852966,1.598278419482592e-05,-5.76240247
8857.421875,4.686484954452088e-05,130.5139012588093,3.818493562822903e-05,153.6869476480843
8862.304688,1.276568339329915e-05,-28.50579564,5.670549555503747e-05,-28.65104615
8867.1875,1.988018751239566e-05,-72.63105045,6.97056983433653e-05,148.9268360617064
8872.070313,5.607326768333667e-05,99.74792668125538,7.166054406353575e-05,-36.42735136
8876.953125,9.397607915703581e-05,-86.93303693,6.229969081315705e-05,137.5278564730673
8881.835938,0.000106085,89.91115919609652,5.295736737689001e-05,-40.1404753
8886.71875,0.000100651,-93.53590132,3.776407533758825e-05,140.9997261032904
8891.601563,7.604265801141528e-05,100.2733548884551,1.511568133218222e-05,-69.57510021
8896.484375,5.249695155009224e-05,-31.56112483,9.042312124670923e-06,-76.7879695
8901.367188,4.622181126751153e-05,-167.6311455,3.297793697094579e-05,89.69561132980735
8906.25,3.767885510422484e-05,39.33803836906385,4.640438725055116e-05,-84.85101774
8911.132813,2.100733504798547e-05,-122.3217222,5.78849741206972e-05,91.9726172
8916.015625,1.803703683023377e-05,-178.5840966,5.832342274879755e-05,-88.53764899
8920.898438,3.786923588514951e-05,31.03623195288112,4.568971756011161e-05,99.37970391
8925.78125,3.626787695598878e-05,-110.9821573,3.082385941079498e-05,-64.71055896
8930.664063,5.024080767963591e-05,109.0150761902218,2.344024019440706e-05,136.7634312662761
8935.546875,7.020554715444543e-05,-55.30696895,1.137422185032301e-05,-53.1364683
8940.429688,8.649618385863584e-05,134.8022109274407,3.271468798159e-06,-14.59376223
8945.3125,9.901742402655554e-05,-43.02859406,2.095032114291328e-05,78.32920623162906
8950.195313,9.39068388643928e-05,127.0486929325601,4.314214419752983e-05,-101.4860654
8955.078125,8.378184711019474e-05,-68.92203237,4.243171529643e-05,81.15741299083794
8959.960938,7.252907571005759e-05,105.2606478393514,3.158685315249829e-05,-106.353609
8964.84375,4.702735448472893e-05,-65.98147402,2.558729545783632e-05,43.57276999120143
8969.726563,2.455255942100636e-05,168.8205088637917,3.589876181960252e-05,172.2256126263719
8974.609375,4.295918903570508e-05,34.42011799460906,5.651895573542912e-05,-23.44877771
8979.492188,4.391485648798036e-05,-140.2498546,6.807256189832615e-05,154.3807039207804
8984.375,2.311322934213285e-05,49.04986372019368,7.019477214443694e-05,-25.95888724
8989.257813,5.525548331965741e-06,144.2863101394779,6.768716776356564e-05,147.0147309692098
8994.140625,3.036371614042379e-05,-93.90197032,6.670144598689636e-05,-49.22640891
8999.023438,3.999095338293893e-05,78.39181343,6.038549041984531e-05,117.9586886750119
9003.90625,3.674313909377007e-05,-107.8520279,6.039070736679532e-05,-75.10262018
9008.789063,4.554129463892586e-05,52.81349272122203,7.748157597513868e-05,87.05705739834279
9013.671875,6.844056793287963e-05,-143.4604608,9.341389355298681e-05,-106.1715738
9018.554688,8.504429132250907e-05,24.83518932476547,9.070881608028004e-05,69.69866451331288
9023.4375,8.970375111056929e-05,-165.2548328,6.797694414456161e-05,-112.3421886
9028.320313,8.227931706329562e-05,5.862304980755655,3.06131268183225e-05,63.27854829895246
9033.203125,6.26558732036427e-05,177.4586813862288,1.459277591785929e-05,97.11417162966299
9038.085938,4.549011328825832e-05,3.120849639410636,3.99153667766403e-05,-92.05559495
9042.96875,5.26504436106452e-05,-154.7056547,3.340016796956024e-05,85.69964638816165
9047.851563,6.431542850982422e-05,44.04977536616901,1.492069229764448e-05,-86.1987324
9052.734375,6.360807045564791e-05,-123.2518256,5.3237782462477e-06,-174.5975817
9057.617188,4.612348699186757e-05,59.78859463818269,1.288608909025963e-05,49.27747428858299
9062.5,1.223078367140007e-05,-66.65980343,1.846102507838119e-05,-152.9015095
9067.382813,4.49629126019799e-05,-142.0672852,2.685728499081086e-05,10.09260851730333
9072.265625,7.163826530019328e-05,48.76685847687431,3.225121719931392e-05,-170.2380594
9077.148438,6.618982297433961e-05,-132.9227992,2.938567686585023e-05,13.62088221247395
9082.03125,4.764006097383864e-05,41.19873097615174,2.820987027166777e-05,-161.4227256
9086.914063,3.319501792301961e-05,-167.7823402,3.061175963989511e-05,18.33781302842586
9091.796875,4.934900878923771e-05,-37.25813515,2.730671768927167e-05,-149.0506031
9096.679688,7.186651091502068e-05,131.6208527300763,2.566117071007652e-05,59.46509219109037
9101.5625,6.738269198383013e-05,-46.68926745,2.052207985270808e-05,-113.0306639
9106.445313,4.287194609670063e-05,134.1919098265705,1.534949433363007e-05,111.5358752762455
9111.328125,2.140110118221502e-05,-29.28054967,2.771088011321403e-05,-32.04243773
9116.210938,1.405609502088268e-05,-122.3562724,1.347037442423242e-05,153.9405048986804
9121.09375,2.42906031369323e-05,120.4637319089972,1.06517891874061e-05,177.0556409389617
9125.976563,2.813801981822551e-05,-12.72896136,2.379583314110389e-05,16.02887470495533
9130.859375,4.957377696812435e-05,-155.242053,4.075031849724277e-05,-155.5945486
9135.742188,8.070692154204105e-05,40.76735065427756,4.483567583944266e-05,35.44889966118286
9140.625,9.339676129993936e-05,-125.7727317,4.19632699750127e-05,-118.558815
9145.507813,7.433168385179761e-05,72.59558369610288,4.430805514600083e-05,76.88671558281209
9150.390625,5.480792146976553e-05,-76.59474414,3.734900121333997e-05,-87.75035051
9155.273438,5.493896123791608e-05,126.6413952688677,2.962368738560633e-05,110.0653312872495
9160.15625,3.260052421755747e-05,-45.28494332,1.700322388081296e-05,-74.69052758
9165.039063,1.585796365936152e-05,2.860877275391635,8.923290742233338e-06,95.66393119923363
9169.921875,3.53553058803174e-05,176.6606910970613,1.901974595966408e-05,-76.18306323
9174.804688,2.855414230550875e-05,-33.66731567,3.389302287602285e-05,110.9541076399386
9179.6875,3.431479742006219e-05,95.63162818925927,4.167377208271021e-05,-60.93520045
9184.570313,3.70388224011308e-05,-123.316837,3.596040702228115e-05,118.1988678666215
9189.453125,2.8022095728738e-05,30.31009816885583,1.706808879020545e-05,-79.94223332
9194.335938,2.811236569987532e-06,-74.56963021,2.422388477827319e-05,-22.3081957
9199.21875,2.948403569024063e-05,-175.3846452,7.07191567361727e-05,140.0901067770388
9204.101563,5.440540895802637e-05,19.81557850033222,9.375670884240468e-05,-44.38227821
9208.984375,6.371516751182813e-05,-159.892845,8.775864367443784e-05,135.5499305477019
9213.867188,4.978689079725735e-05,9.401371710250935,7.876097416139524e-05,-37.98390582
9218.75,3.223333366630069e-05,-167.624412,5.882705093466384e-05,155.4164452725851
9223.632813,1.464353320773281e-05,-32.2378307,3.252158756541241e-05,-2.312871121
9228.515625,3.644306368644198e-05,84.48659628089058,2.138132727244248e-05,-162.2227724
9233.398438,4.143639642837634e-05,-110.1458346,2.238319131131803e-05,24.41386389265705
9238.28125,4.291264839974603e-05,49.64231271373523,2.582304426703367e-05,-162.9682553
9243.164063,4.324783812860305e-05,-142.0729673,3.795302894786869e-05,-13.55233545
9248.046875,3.215246401791801e-05,-6.268852162,5.694544456470933e-05,156.3194767948433
9252.929688,4.762037480612529e-05,138.1446584422879,5.118132887733289e-05,-17.51964523
9257.8125,4.730087756331948e-05,-59.11831687,3.158718031847315e-05,175.7339451349846
9262.695313,4.705143515263356e-05,81.74278265405674,2.248672326743508e-05,22.19890727015864
9267.578125,4.940355199248011e-05,-121.7115747,3.001643360517912e-05,-121.5105053
9272.460938,4.44194381247983e-05,46.16905505121823,4.135123946225874e-05,69.27476440283742
9277.34375,4.061951308929407e-05,-137.9922273,3.950420774158899e-05,-120.0449316
9282.226563,3.678886137857649e-05,46.8918675,3.110507701150619e-05,30.59599674599308
9287.109375,3.847742657408944e-05,-120.5221573,3.700774338886257e-05,-168.8845451
9291.992188,4.255443141940874e-05,48.71733130535603,5.405889881422108e-05,15.25935216255132
9296.875,5.392687714261624e-05,-163.20868,7.07860795183353e-05,-164.8783725
9301.757813,5.953833481876435e-05,-0.0695403,7.757997336845743e-05,21.14804447352956
9306.640625,4.215174785294781e-05,174.8013504107336,7.289611036217047e-05,-142.0265387
9311.523438,2.656497233982154e-05,-3.584753676,5.809492941279154e-05,55.53460651976919
9316.40625,1.937603672102183e-05,177.2903193,3.725693677605606e-05,-110.6721174
9321.289063,1.155060917158444e-05,58.00240557831429,1.63199045124502e-05,79.40478029272241
9326.171875,1.486092989088737e-05,-77.98677506,7.730997245512386e-06,123.9757046089544
9331.054688,8.752445290823722e-06,-113.6640183,2.923131535811964e-05,-41.53356161
9335.9375,2.410751722535688e-05,79.72178689191117,4.091502070268571e-05,-161.2801344
9340.820313,4.077925745557151e-05,-104.6657871,9.690486167967192e-05,74.09852368200265
9345.703125,7.972524919556104e-05,79.96781664605177,0.000143879,-90.800095
9350.585938,0.000107381,-90.04646612,0.000144567,96.39953025473854
9355.46875,0.000113139,96.28712571493769,0.000131415,-77.24418233
9360.351563,0.000100566,-87.24250638,7.003337086263281e-05,107.9690278028773
9365.234375,7.472725470366698e-05,87.48576565626803,1.118810083464463e-05,60.17933650294353
9370.117188,4.059038427183949e-05,-107.875569,3.161422854451143e-05,-98.03393159
9375,2.506189656763815e-05,20.24517382786554,2.273914067139016e-05,47.61599923305248
9379.882813,2.115658127956112e-05,-142.215039,3.743784129258379e-05,-164.5963213
9384.765625,3.328195211828289e-05,86.27280232,4.900076986607706e-05,11.07650380236233
9389.648438,3.994565582821769e-05,-64.4833271,3.829284597056535e-05,174.8573647043621
9394.53125,4.797400810257852e-05,143.2039872881734,3.000780295679145e-05,-44.46169305
9399.414063,4.181597863150548e-05,-20.37079539,3.424752375079562e-05,97.47515785430159
9404.296875,3.520640865973065e-05,-147.4233144,3.816544822386115e-05,-101.2639206
9409.179688,5.477787807520243e-05,67.21840580492598,4.097749756140802e-05,72.95549958304213
9414.0625,5.880246686036615e-05,-98.62519799,3.879116072550105e-05,-103.4733683
9418.945313,5.097487402935035e-05,84.66633256,2.4921420520657e-05,75.27188423662595
9423.828125,3.364135574549147e-05,-97.96089498,2.175169350526395e-05,-123.8175722
9428.710938,8.727432443337412e-06,121.6856229633853,2.601507203152345e-05,48.96284318165296
9433.59375,3.026050158081196e-05,62.80318568,2.429241398409163e-05,-158.0141037
9438.476563,5.865806785561951e-05,-108.5220227,3.169218123878079e-05,-5.10640551
9443.359375,6.16692501436125e-05,75.20735164818737,3.610625735127605e-05,175.2991946516297
9448.242188,5.804775756966728e-05,-107.6473408,2.716880799301624e-05,-1.587489643
9453.125,5.446878467859645e-05,52.45216827673841,3.30209036226318e-06,-174.20655
9458.007813,5.272182821556938e-05,-174.8549489,2.381604599141878e-05,175.8436438834089
9462.890625,8.67068756951156e-05,-25.25313951,4.225914271113517e-05,-2.891055291
9467.773438,0.000106863,146.2593481,4.285052368994834e-05,174.3691306757065
9472.65625,9.738476614500328e-05,-43.3185708,2.40195889496429e-05,-13.33882248
9477.539063,7.786122171823292e-05,133.1154858281178,9.174041011286581e-06,72.58722591224979
9482.421875,4.714109151140836e-05,-32.90111126,2.366405001673065e-05,-146.2190713
9487.304688,3.606359999613631e-05,-148.0574976,2.238789647750925e-06,84.95608095893752
9492.1875,6.505565794039359e-05,51.25824964274491,5.459265505148575e-05,22.00347586
9497.070313,7.624405414908825e-05,-127.3249211,9.020140586907317e-05,-156.886951
9501.953125,7.475719485962497e-05,63.22943939511313,9.479055139714381e-05,22.16443844926068
9506.835938,6.518869978323447e-05,-105.5005818,7.563805718515626e-05,-163.2061049
9511.71875,4.326796757020365e-05,97.97759270198651,2.578924214963723e-05,0.7328249254461175
9516.601563,3.012592142966585e-05,-29.41812197,3.262917993614705e-05,45.41352264079415
9521.484375,3.924973665431252e-05,-168.5996449,5.987160056907844e-05,-136.8001319
9526.367188,5.020708744495674e-05,12.24585295245947,6.094905529887467e-05,39.85092752731233
9531.25,4.451856072935616e-05,-179.0420748,4.54532985801639e-05,-146.2430684
9536.132813,3.48603569136829e-05,-28.6336736,2.770251977093023e-05,35.62041357406472
9541.015625,4.320860008496807e-05,125.6901644,1.157980084647275e-05,-145.4223313
9545.898438,3.92483524662947e-05,-61.82669224,3.992754603598277e-06,124.8798086832975
9550.78125,2.25013919655073e-05,102.2566283,1.704959811178051e-05,-73.11182004
9555.664063,1.589679560206597e-05,-84.13128911,3.154626660623889e-05,86.84673906598194
9560.546875,2.153024729195053e-05,91.42391355197969,4.238815800096741e-05,-101.7073462
9565.429688,3.9712376193993e-05,-100.3186447,4.468897136394651e-05,77.73023944952816
9570.3125,6.029363931697275e-05,84.22749740935569,3.338398388703269e-05,-96.04718569
9575.195313,8.420396186990578e-05,-93.56388244,1.476459013878989e-05,116.3921687007578
9580.078125,9.633835238094707e-05,86.34006033,2.062918426280099e-05,8.693924620575572
9584.960938,7.870191723160518e-05,-89.16512507,2.6858460589644e-05,-171.2366951
9589.84375,5.425908244530544e-05,88.90765767856047,1.945340370160386e-05,2.367729319489619
9594.726563,3.174020774510146e-05,-117.4690929,9.429360802653127e-06,166.1011960070954
9599.609375,2.590052569088999e-05,6.244673925381032,4.229322568839978e-06,-105.0437161
9604.492188,4.107729981080039e-05,-170.5189885,7.690396100417998e-06,-21.81810773
9609.375,7.611293418411276e-05,24.32164507001487,1.026237933877115e-05,71.56967015552669
9614.257813,0.000100409,-150.366087,2.116634664165471e-05,-145.9885366
9619.140625,8.321101116766925e-05,39.91660851671101,1.705167800931584e-05,26.31834529129027
9624.023438,5.271167641700478e-05,-135.7296427,8.769294699652012e-06,-174.1391029
9628.90625,2.181511054775784e-05,17.16260504028796,1.74735915428037e-06,-125.7531085
9633.789063,2.609801387917312e-05,46.17733955427319,1.866216185894785e-05,-21.59953047
9638.671875,5.511101886195211e-05,-140.8080096,3.021338957539584e-05,144.8346415
9643.554688,5.558308511952305e-05,45.20128507,2.444768189564817e-05,-26.85321189
9648.4375,4.224991462817307e-05,-132.611379,1.261872126292743e-05,157.2765316
9653.320313,1.915542314259896e-05,57.06548149139921,1.241104407919037e-06,-67.08165404
9658.203125,4.852349208744023e-06,-7.210387764,1.039176199577686e-05,-58.91499181
9663.085938,1.980265059919693e-05,-147.9559888,1.235427670539965e-05,132.5731620616905
9667.96875,2.596154638069447e-05,54.88643828370695,9.868357694229741e-06,9.006279247
9672.851563,3.244721066556635e-05,-79.3709762,2.314545134104021e-05,-102.2291041
9677.734375,3.706356492717224e-05,117.8704912014475,3.822709417436691e-05,110.4867002598673
9682.617188,3.414249917684807e-05,-72.92640724,4.25259724678362e-05,-48.80249163
9687.5,3.997865118434705e-05,75.94215861930516,4.766866235171873e-05,122.7152585
9692.382813,4.853822498597813e-05,-123.8633738,5.621103827785707e-05,-64.04253142
9697.265625,5.227104879859519e-05,53.14630812505002,5.236678907001254e-05,113.7055201586851
9702.148438,5.571353779653465e-05,-133.1873433,5.110887627816992e-05,-87.40313236
9707.03125,4.971703126932899e-05,42.48706309078901,5.845022132582823e-05,75.94543241733385
9711.914063,2.811962384925545e-05,-126.932109,4.920053019754151e-05,-105.5677338
9716.796875,4.702367457801172e-06,-72.93687757,3.048824845732458e-05,82.96397649424399
9721.679688,2.305603496377816e-05,78.05273681097368,1.63074493665513e-05,-66.88066253
9726.5625,1.056492597684087e-05,-94.55733162,1.921811010782581e-05,150.9467650944163
9731.445313,8.786334361171261e-06,-143.2919983,2.127205783529178e-05,-38.18054167
9736.328125,3.390439669599433e-05,65.45640301752124,1.54181331303782e-05,92.28889210807165
9741.210938,7.032413327304401e-05,-112.345785,3.201649341190425e-05,-149.6620353
9746.09375,7.078780830488468e-05,61.02456298800137,5.855774815402166e-05,11.86502529587021
9750.976563,5.263672899746549e-05,-146.4274734,7.043807967034877e-05,179.1792568361817
9755.859375,6.711541604181021e-05,7.256762585349714,6.969398323005377e-05,-14.91738477
9760.742188,8.935050387213781e-05,173.9393790917287,6.218034288466919e-05,148.4563028039478
9765.625,9.481003010634684e-05,-11.82413897,5.006426432694328e-05,-57.16751875
9770.507813,6.927144677312323e-05,-174.5214121,3.773842703577418e-05,98.54884432996931
9775.390625,4.341341759930899e-05,47.93436706891659,2.571702513347421e-05,-110.374598
9780.273438,4.019747412018495e-05,-82.89739504,1.906811313919002e-05,37.64412085350974
9785.15625,5.260349438190645e-05,109.3195793531861,9.992608894590263e-06,104.5964935141459
9790.039063,5.03631143652003e-05,-81.4044839,3.330059845371603e-05,-117.250584
9794.921875,4.027000085035805e-05,71.25575949030417,4.679454075887205e-05,51.71808613969446
9799.804688,4.387339466314479e-05,-144.4673478,5.044024980368324e-05,-136.5776316
9804.6875,5.345555272312691e-05,9.064059701085476,3.810173165275441e-05,44.03068399545931
9809.570313,4.400308069928655e-05,170.1538246163919,1.667872883464741e-05,-79.36754457
9814.453125,2.285041410805912e-05,-56.35182138,4.501401589276453e-05,177.5161697433532
9819.335938,2.777245115784819e-05,76.15332862863875,7.777927306063102e-05,8.628776070170479
9824.21875,2.978963133164917e-05,-123.4672692,8.505249352548534e-05,-172.9524725
9829.101563,2.053855448658451e-05,26.12413825544807,6.91573809234747e-05,-1.220077353
9833.984375,1.335124643332343e-05,97.63504840056054,3.857202309678168e-05,157.1972470345994
9838.867188,2.881597514052778e-05,-99.06957434,3.18568013430831e-05,-94.33017304
9843.75,4.543748482372949e-05,101.9510920061294,4.933748883965195e-05,55.82722496770984
9848.632813,6.140543136541625e-05,-70.66950765,5.219461290948531e-05,-140.7950929
9853.515625,6.010196356062183e-05,111.5199625654235,5.018191894474386e-05,36.32431396569143
9858.398438,4.781034487478628e-05,-80.44980325,4.279120908545096e-05,-129.4704886
9863.28125,3.778408379118434e-05,70.17820198786868,2.829517959604057e-05,64.81601798411879
9868.164063,2.164168339715401e-05,-138.4317028,1.82778082097118e-05,-94.66014659
9873.046875,1.258621420694364e-05,-71.18906136,5.651772483751148e-06,70.36464819863606
9877.929688,2.713090784945352e-05,67.78678738436521,2.945392526984217e-05,142.1408559
9882.8125,3.685597132647789e-05,-142.2217906,5.68632140682821e-05,-21.33547422
9887.695313,4.023225312217061e-05,12.43077415,6.67894061833807e-05,173.9948124434764
9892.578125,3.414821015940587e-05,137.8540764,5.956992178090684e-05,11.13343154414989
9897.460938,4.532083808418509e-05,-76.16347901,5.442975906903987e-05,-135.7005701
9902.34375,3.151822633229216e-05,96.05429345158103,4.633340774515005e-05,74.11746308581453
9907.226563,1.511385882754264e-05,-118.9452564,3.898370638928404e-05,-71.39727781
9912.109375,6.632741651799436e-06,12.14985744,3.635717857723642e-05,115.6982547222454
9916.992188,9.25096618873186e-06,62.50132479755523,2.311779255202148e-05,-76.31666112
9921.875,5.854087031939314e-06,-129.7961658,1.384046793999865e-05,98.43081682
9926.757813,1.186193476745436e-05,-135.254128,7.199260094255866e-06,-131.3177115
9931.640625,1.971032193616407e-05,3.407130211565936,1.790367480716697e-05,-3.404805316
9936.523438,3.894220907216581e-05,117.4267259995709,2.245477714779844e-05,168.7930247610135
9941.40625,7.79628177136342e-05,-85.81151994,2.463001759296448e-05,-31.60374611
9946.289063,0.000109408,85.15315560620976,2.659884189406975e-05,144.9330873536317
9951.171875,0.000116523,-107.0788916,1.608783116961279e-05,-25.70306563
9956.054688,0.000103636,61.38562432016972,7.642858288580835e-06,150.3587932452874
9960.9375,7.576827069416559e-05,-123.2922041,8.276671394106896e-06,-79.37050029
9965.820313,5.612179774538029e-05,41.91858271638495,1.291007427897424e-05,63.06440566848806
9970.703125,6.095351338337272e-05,-134.0863694,1.823656870096817e-05,-105.8215359
9975.585938,7.007964205954493e-05,70.93831218277469,1.875373270962477e-05,97.63099599368608
9980.46875,5.772939738351452e-05,-99.48483804,1.032319426632099e-05,-17.33089099
9985.351563,4.358727146414096e-05,75.03782430097145,2.70165937682302e-05,-134.6864278
9990.234375,2.993965909169633e-05,-114.0196465,4.651040744927851e-05,41.02316952254684
9995.117188,1.653089354826624e-05,-43.18863686,5.462499890839391e-05,-154.5591191
10000,3.286035104186184e-05,125.9699007764436,4.549032359461843e-05,3.727888890502034
10004.88281,3.164349250400812e-05,-1.490333787,4.021326796418978e-05,142.0474738076589
10009.76563,4.383771601354048e-05,-145.2712944,5.046439980372174e-05,-68.30404882
10014.64844,4.924347521258453e-05,50.37638544096625,5.536704220651183e-05,91.30048524
10019.53125,4.659034611282742e-05,-119.7945509,5.241337461078408e-05,-99.17922218
10024.41406,3.056549581881174e-05,87.40421125943638,4.32340999327205e-05,89.55478748579408
10029.29688,2.639581529393909e-05,-8.116041695,3.745790594622683e-05,-79.45338731
10034.17969,4.31594500241694e-05,-130.1426502,3.257646804157121e-05,105.7830961869549
10039.0625,4.991591554537792e-05,91.68233277855073,3.379214725572314e-05,-74.7767713
10043.94531,5.531272990611715e-05,-54.84079516,3.374147072522861e-05,98.83027175
10048.82813,5.78779106211647e-05,140.2871665411331,2.686671495801686e-05,-79.61114647
10053.71094,5.177765559153159e-05,-19.73774815,1.824906299143544e-05,108.2936045759393
10058.59375,3.490570340539881e-05,-169.9633406,8.892618871505018e-06,6.507715033894477
10063.47656,1.569948398073779e-05,66.17317697818876,2.893840488531635e-05,-123.0859114
10068.35938,1.545726741348681e-05,-102.3498359,4.520730388144474e-05,66.46794813995507
10073.24219,1.055146088745092e-05,81.77537983935056,6.002860153739998e-05,-110.3325235
10078.125,1.976782369896313e-05,-21.99757253,6.536392849437159e-05,72.99535953742985
10083.00781,2.858737652450391e-05,150.5062325927054,5.496691393331441e-05,-88.70946297
10087.89063,3.192094791958801e-05,-22.2575591,5.021470192226347e-05,112.6352614514579
10092.77344,3.1808048241227e-05,173.1111536378557,4.701611471761278e-05,-53.60250561
10097.65625,1.235800835902562e-05,13.21476253099591,4.854212993842403e-05,141.1822213
10102.53906,2.796997365418618e-05,-68.75443577,4.560970826622473e-05,-41.79917807
10107.42188,5.688857134811484e-05,111.4283551684279,3.342666170049004e-05,120.5111899395022
10112.30469,6.038796107494537e-05,-66.58228585,1.783849287131897e-05,-70.04789195
10117.1875,5.820012990482196e-05,104.5831556,1.608460933285536e-06,117.0868503504507
10122.07031,6.647959725499734e-05,-95.87345711,5.528828211148758e-06,126.1396767255549
10126.95313,6.784445900135865e-05,75.45019429,5.998864253036621e-06,-111.9431615
10131.83594,6.199649526578095e-05,-102.7875446,1.358910752339341e-05,14.55008459753163
10136.71875,4.542313699697671e-05,78.62784239,1.212864615398197e-05,-177.617581
10141.60156,2.176132648783256e-05,-109.3441932,9.790223562298183e-06,95.38098483984973
10146.48438,1.664709310841917e-05,26.77289015321833,2.463051809301427e-05,-51.29175621
10151.36719,3.852395877514637e-05,171.0928247174349,3.98292006452308e-05,150.3443002861886
10156.25,6.804319723907408e-05,-13.77353338,5.387237080041666e-05,-26.69135501
10161.13281,7.662202792128968e-05,170.7169011653273,5.340331151501641e-05,142.6966024212373
10166.01563,7.233092967076728e-05,-9.914882956,5.162654511945515e-05,-45.58916492
10170.89844,6.117253758209755e-05,163.1978421248928,5.329443069688736e-05,127.0122105
10175.78125,3.722786859120405e-05,-14.94947947,5.15875999176988e-05,-61.46767947
10180.66406,1.813911535835943e-05,-163.9892944,4.513191032855233e-05,124.6464164634899
10185.54688,1.218199359788205e-05,86.10006547461442,3.819357070449493e-05,-32.13818374
10190.42969,2.876290202374952e-05,-43.43890419,3.47868903691358e-05,163.5002602016119
10195.3125,4.625597609824515e-05,126.0509459064315,3.667856279123017e-05,-24.1364564
10200.19531,5.921843262929206e-05,-70.80860888,4.456771860032542e-05,156.4725451608633
10205.07813,6.123914208280754e-05,109.5224918172204,4.685261613958172e-05,-23.46938915
10209.96094,4.606771783100858e-05,-74.736901,4.404292721641846e-05,140.9061209843829
10214.84375,2.711833982386774e-05,75.26921018339198,3.423806412664222e-05,-53.81594321
10219.72656,7.868872373458475e-06,-137.274886,1.889417091498457e-05,87.35828390695316
10224.60938,1.214380592611812e-05,-154.0142744,2.787707528064328e-05,-144.2348976
10229.49219,2.664851251881958e-05,-18.68785831,3.690190218986391e-05,20.27284479407256
10234.375,4.312205358078281e-05,142.0149120447897,3.736344407722722e-05,-174.6333972
10239.25781,3.987069473187241e-05,-32.49107802,4.02151882852762e-05,-18.42291851
10244.14063,1.435270207676227e-05,176.2241264113491,5.154273992415956e-05,139.5816319458795
10249.02344,2.365467478236488e-05,145.5798774230704,5.951043068827774e-05,-45.28033889
10253.90625,4.088646722640829e-05,-18.21650173,5.959409623297883e-05,141.5745491670921
10258.78906,2.872151099108505e-05,169.9664763913884,5.495691624987855e-05,-26.01116339
10263.67188,1.581029726882048e-05,98.23510683364142,4.844776837904126e-05,172.7371036
10268.55469,5.297713591071533e-05,-50.87029807,4.069767531219975e-05,9.108555457810809
10273.4375,6.879147405545826e-05,138.8384367795107,3.118801823030576e-05,-171.9532812
10278.32031,7.073051251472254e-05,-37.26574676,3.420455321572341e-05,-28.0559692
10283.20313,6.129816865326411e-05,141.9645480299332,4.59929677344352e-05,133.1552808
10288.08594,4.931585456410603e-05,-28.63878792,4.196091499388249e-05,-42.77301728
10292.96875,4.254127455904736e-05,167.4302478864124,4.151315399457583e-05,145.8427210901295
10297.85156,3.266373048905344e-05,12.38295205238857,3.914201207896195e-05,-32.21256361
10302.73438,3.24491422022294e-05,-139.3821023,1.911272757781839e-05,178.7965780307773
10307.61719,3.726760315740618e-05,67.34603569028143,1.920837697343877e-05,83.33376204368722
10312.5,4.47992520594565e-05,-89.72445185,2.520158707707321e-05,-91.10438063
10317.38281,4.800886812100182e-05,88.63080031838767,4.280548918150635e-05,69.31888153948736
10322.26563,5.023182102281263e-05,-101.4741291,6.789477614284213e-05,-118.074682
10327.14844,4.999729596924348e-05,75.86555793,7.778719639765215e-05,53.71080923282482
10332.03125,5.409780459752275e-05,-122.9155637,7.422122019390611e-05,-136.7256078
10336.91406,5.598340550321234e-05,35.96724221472616,5.724675615610582e-05,35.61275502653654
10341.79688,3.640688745998375e-05,-168.6958773,2.322432234887907e-05,-169.24656
10346.67969,3.5122171160387e-05,-28.46193305,2.71711089998291e-05,-92.2255247
10351.5625,3.59463782443715e-05,135.5204403591711,4.718649842200855e-05,69.23366739354076
10356.44531,2.610385920942883e-05,-59.16231955,5.871424131199236e-05,-118.5285151
10361.32813,1.234230664437714e-05,106.0744542828193,5.97963619107023e-05,54.25611106598596
10366.21094,1.901729086748529e-05,166.4579974991676,5.022671360326808e-05,-128.0287828
10371.09375,4.488425316181645e-05,-5.239677502,4.114761478724426e-05,60.58521420993186
10375.97656,6.239533862721065e-05,-167.6724086,3.190604253011804e-05,-105.5833764
10380.85938,5.671778873990183e-05,15.63720485,2.101238139016484e-05,104.0483026111685
10385.74219,1.883920505281387e-05,179.7624645165126,1.903894116808094e-05,-31.16174406
10390.625,2.81277644385862e-05,-162.9531369,2.179901910849702e-05,165.2906898385193
10395.50781,5.938269820747589e-05,9.726387842384366,1.865859726921157e-05,-8.190294274
10400.39063,7.126668864471859e-05,-163.1386943,1.582785236448993e-05,-155.2361358
10405.27344,7.250062036757414e-05,21.57903371450482,2.256642375488908e-05,27.01369852079995
10410.15625,7.394938822410607e-05,-166.7820428,3.727185113666465e-05,-156.8505695
10415.03906,8.711501872795397e-05,8.570855793410288,5.374986918529438e-05,41.16914275712796
10419.92188,0.00010692,-176.6784882,6.581173585756237e-05,-127.5713811
10424.80469,0.000126779,-7.66399207,6.897633713075224e-05,56.99628056918567
10429.6875,0.000127766,167.8158747958451,6.269591799610145e-05,-102.586748
10434.57031,9.778215262455243e-05,-10.52190518,5.495294453669593e-05,105.7869996528767
10439.45313,6.003687900244486e-05,177.1982748057497,4.548615234847333e-05,-60.34885628
10444.33594,2.581187414503291e-05,3.189771732,3.807516239077881e-05,118.0067138620756
10449.21875,1.261564154570897e-05,53.39918665085723,3.004432094564735e-05,-84.62517614
10454.10156,2.408464250438416e-05,-118.9677924,3.346561984866586e-05,46.66789676235786
10458.98438,2.804326576999488e-05,121.1171261,5.25292188963333e-05,-143.8732637
10463.86719,4.221424063411571e-05,-23.55838186,5.821375397496909e-05,38.87625609411533
10468.75,4.146833731461225e-05,176.6955918197054,3.856324344246752e-05,-144.6048709
10473.63281,3.201941335824509e-05,25.90920741459112,1.853421461161588e-05,40.18735171788074
10478.51563,2.938270881296758e-05,-127.9851322,1.432814159770558e-05,-123.3434956
10483.39844,2.47563505903918e-05,86.68454820657742,1.237095823055876e-05,28.48681695727603
10488.28125,2.181656070431949e-05,-60.79056832,1.111536843245867e-05,-169.073309
10493.16406,4.773230250902027e-06,-80.92878347,1.494140677294598e-05,34.52869243521879
10498.04688,3.579506681789329e-05,117.7483084384415,2.261881813355625e-05,-130.664219
10502.92969,4.756467443157231e-05,-66.08469972,1.486249334061687e-05,53.34276534816446
10507.8125,4.574650497534302e-05,109.4899642714096,6.2390920203542e-06,-85.89240094
10512.69531,2.463962809985926e-05,-43.35911464,6.770030237306915e-06,108.7455779029018
10517.57813,2.752309842683209e-05,-126.311965,1.167670213076783e-05,-23.19240284
10522.46094,4.1080711232556e-05,86.23365936,2.170735069811183e-05,169.0008879551006
10527.34375,5.426878954018337e-05,-94.42869336,3.418578696152965e-05,-31.18988759
10532.22656,6.344633834052568e-05,70.38901600226615,4.23316180277248e-05,136.5835723938655
10537.10938,5.390873691151675e-05,-119.6456381,4.82624392466612e-05,-51.16422334
10541.99219,4.288343171550271e-05,58.65442498780536,4.758455951905167e-05,110.8410431019689
10546.875,3.847307864963052e-05,-128.6482357,5.177485405054231e-05,-97.23154715
10551.75781,2.934316119357153e-05,38.50032937853469,5.441709749142932e-05,64.31363426064773
10556.64063,1.062204742775849e-05,-106.708833,0.001214141,137.3201141813354
10561.52344,6.634371664242982e-05,137.4519912331112,0.010778519,-44.54501773
10566.40625,0.000185796,-42.04610468,0.028528766,135.3486009173359
10571.28906,0.000262547,139.8593159082123,0.037443534,-44.65293018
10576.17188,0.00026722,-39.87681709,0.037880511,135.3759930778087
10581.05469,0.000230603,140.2990965,0.034943717,-44.58581814
10585.9375,0.000127254,-32.73798404,0.019999091,135.4527267176483
10590.82031,2.908514550306541e-05,-154.4863368,0.004638137,-44.59893681
10595.70313,4.708170148680097e-05,112.8698559758508,0.000187709,127.9194134679674
10600.58594,5.094717818648168e-05,-52.78788115,3.099554670263383e-05,-102.2443216
10605.46875,4.385204971185404e-05,141.1918726000686,1.719515942192675e-05,68.83726133158251
10610.35156,5.779358373842836e-05,-21.87246638,1.43929763775761e-05,-110.5686874
10615.23438,8.602501220081854e-05,156.4127990787392,2.568879250384802e-05,94.88775127546104
10620.11719,8.795883187355141e-05,-28.78389172,3.632096219038051e-05,-96.84760276
10625,6.633697122366316e-05,164.4193093618815,4.185774456813206e-05,61.67528873
10629.88281,5.934278004734713e-05,15.91177710509632,4.411035613473627e-05,-139.2526403
10634.76563,6.446742346878959e-05,-130.7319622,4.508667257064359e-05,23.75382665680076
10639.64844,8.286207614847727e-05,68.57202739653026,4.926072581722568e-05,-176.4766361
10644.53125,7.084658432701765e-05,-111.3173518,4.907890696868191e-05,19.03950605888977
10649.41406,3.498971378805339e-05,40.26298384392321,5.112895490006995e-05,-135.2013149
10654.29688,4.962156968106636e-05,148.4040268548363,4.538269422968197e-05,69.16285479828923
10659.17969,8.936811548001116e-05,-52.0473306,4.773776306392764e-05,-83.56365613
10664.0625,0.000106716,125.9586311117244,4.578227889645416e-05,120.9573517984374
10668.94531,0.000110092,-45.51231885,4.319055687698585e-05,-21.1554809
10673.82813,0.000108733,138.4139201644766,4.892478616497121e-05,176.8588677690278
10678.71094,9.607864494331369e-05,-39.70246659,4.906325423104379e-05,3.423653995873151
10683.59375,7.54168705498763e-05,143.9478175747474,4.82450086283996e-05,-176.4972489
10688.47656,5.138286347231473e-05,-46.13457497,3.805559848197418e-05,-10.31672957
10693.35938,3.13534966013067e-05,113.1482805049216,2.184350583691599e-05,139.7750142056934
10698.24219,1.719891561232423e-05,-89.0133449,1.893292864119197e-05,-90.91431754
10703.125,2.353170894733948e-05,73.20531468434858,2.60102264978315e-05,72.32166629417976
10708.00781,3.712867372937313e-05,-98.25733963,2.565074124247923e-05,-100.9539476
10712.89063,5.483060371873693e-05,97.90860437305639,3.333352740240021e-05,115.7298040979006
10717.77344,7.20832728796206e-05,-71.40462798,4.539088349601959e-05,-54.86300189
10722.65625,6.456350600641056e-05,118.7597229839903,3.810994066919394e-05,116.7122317524113
10727.53906,4.967264169507984e-05,-36.5672303,1.996376144589685e-05,-72.81821041
10732.42188,4.697678258104707e-05,173.4576787250514,8.493611217786143e-06,0.2023850117651432
10737.30469,4.512921580367859e-05,36.04195450728329,2.82570506604945e-05,146.0363963
10742.1875,6.180598515156113e-05,-113.3512188,3.516874830596629e-05,-49.25597263
10747.07031,6.265659960159237e-05,75.23973298844274,3.476082306436396e-05,120.4046380522904
10751.95313,5.374138857360312e-05,-96.00961652,3.115119047786824e-05,-52.74579827
10756.83594,5.253664830202211e-05,89.85496307838929,3.374250031745976e-05,143.0106825694433
10761.71875,4.502311625017066e-05,-83.14061006,3.958342486456846e-05,-15.98577137
10766.60156,3.428281455944865e-05,112.0734582605091,4.024565882602572e-05,-175.8302935
10771.48438,3.21817171325984e-05,-73.18519373,2.600844459103119e-05,13.73461570504219
10776.36719,3.376773880410589e-05,74.47398648176363,1.008285485238836e-05,-104.0334572
10781.25,4.753447071270357e-05,-131.7939654,2.394936980423226e-05,124.9309094207211
10786.13281,6.918916006028494e-05,41.22422187602415,2.655986413990988e-05,-46.94148808
10791.01563,7.478435544336676e-05,-139.0544803,1.858776147432422e-05,126.1685413424098
10795.89844,6.09426178324389e-05,48.15233285,1.808741595619142e-05,-101.2989917
10800.78125,4.20739393150582e-05,-128.882307,1.726140689507686e-05,43.75997407430522
10805.66406,3.021267933325377e-05,4.127359484746373,1.716797374203074e-05,172.7905021454889
10810.54688,5.226477124380364e-05,138.9240340517192,2.061255051284673e-05,-22.92471916
10815.42969,6.40370804205557e-05,-58.29631313,1.660736188290091e-05,150.8957139887694
10820.3125,5.183740480292599e-05,101.250468,1.665114769974697e-05,-11.86375575
10825.19531,3.95651354239106e-05,-134.5177123,2.015994928065979e-05,-161.6308712
10830.07813,7.176228639174114e-05,-9.213121656,1.421114641493722e-05,16.55927135206849
10834.96094,0.00010203,146.5315965100887,1.359889370101786e-05,114.7933469313633
10839.84375,0.000106273,-47.23818342,1.995517933527126e-05,-93.45648007
10844.72656,9.557642666770981e-05,133.4677609967853,2.289064884133174e-05,69.93810037115368
10849.60938,7.688799976931322e-05,-51.22459626,3.142092543501992e-05,-136.2330661
10854.49219,6.131577445067555e-05,125.0197319781543,3.218317789238342e-05,15.72483021508319
10859.375,5.60741935457237e-05,-30.25533642,2.862865058429456e-05,158.9771976
10864.25781,4.708856059601061e-05,155.0709586588833,3.616873159043126e-05,-36.34052611
10869.14063,2.959535352431151e-05,-43.13474691,4.451959217764379e-05,142.4817839892947
10874.02344,9.745676052072794e-06,119.7424974962809,4.636838549114619e-05,-38.69343849
10878.90625,1.954163730962296e-05,-165.1516719,4.195700390596377e-05,156.6255970390612
10883.78906,2.893449120143204e-05,7.906890184700473,4.068244982820957e-05,-0.791022463
10888.67188,2.045036873064937e-05,139.8543077068137,2.67367157715753e-05,-176.3546682
10893.55469,1.563237884500898e-05,-84.33025378,2.414302801537333e-06,-142.9947396
10898.4375,1.992848136138133e-05,-2.083862588,2.907234107268071e-05,14.80697240237406
10903.32031,4.386658796664535e-05,172.5903908807091,5.14794537713221e-05,-155.6094443
10908.20313,3.863426992656082e-05,-7.898826914,5.924945833150899e-05,22.04334123286399
10913.08594,2.020124889660682e-05,179.7233466494717,4.812751142727012e-05,-178.6324141
10917.96875,3.313950845139218e-05,69.60125974569905,3.958219683700728e-05,-25.90266633
10922.85156,6.82947023994401e-05,-93.77864154,3.026578698828236e-05,125.2485006
10927.73438,7.634846987318164e-05,83.63634712583163,2.965194320879683e-05,-94.86248165
10932.61719,6.439317113595593e-05,-114.2550752,3.302939154053774e-05,67.44049608877042
10937.5,5.458190640174173e-05,44.30138291074519,2.624663039035192e-05,-134.4036687
10942.38281,4.061475156219568e-05,-141.1859158,1.768058423086439e-05,-10.94740532
10947.26563,2.905454983858245e-05,77.13368141341992,2.147839195696193e-05,99.17928155033913
10952.14844,4.578291675758054e-05,-63.52929017,3.23015001858842e-05,-124.3658025
10957.03125,7.018828597597196e-05,124.0189489190387,3.926241903417562e-05,30.64392791832998
10961.91406,8.093995461113246e-05,-58.01713834,3.606787870395769e-05,174.2631058379071
10966.79688,5.866810576367234e-05,114.4051235782188,5.235539479507867e-05,-47.31678835
10971.67969,3.248876187130286e-05,-96.0357176,6.231905713668865e-05,118.5166952753591
10976.5625,3.484581772364531e-05,39.47425777803313,4.892103557881376e-05,-69.52284889
10981.44531,4.330295188526446e-05,-160.3354354,3.203347690120142e-05,121.6544240080862
10986.32813,4.687329974151447e-05,12.75135077249602,2.116548466815889e-05,-15.39140344
10991.21094,5.288422316660191e-05,-165.1383059,1.968045407530974e-05,-156.0812003
10996.09375,5.177920875890084e-05,14.55137833333014,2.122216175796097e-05,35.57551960792082
11000.97656,3.926747081214337e-05,167.9165266,1.07962088910257e-05,-133.9669964
11005.85938,4.409684033187579e-05,-55.29892766,1.463170638926301e-05,-137.8674035
11010.74219,5.422371261166657e-05,103.6067406559851,3.577190756328654e-05,39.17930678208604
11015.625,6.564500954958977e-05,-87.05178462,4.728694159511401e-05,-142.2520696
11020.50781,6.46322324024651e-05,94.39662809185346,5.210522874004849e-05,48.63121101
11025.39063,3.976169628987697e-05,-75.30018461,4.753735591069035e-05,-130.4258048
11030.27344,1.98416715222356e-05,115.0014061349665,3.157683571259698e-05,35.95573126720868
11035.15625,1.553967260669532e-05,-82.91057266,1.480345472276286e-05,-128.775885
11040.03906,1.676159930076606e-05,39.23294586691003,2.136396981601911e-05,97.85069419961623
11044.92188,3.448335745748362e-05,-165.0169889,3.592592735389138e-05,-70.46146528
11049.80469,4.467479489562367e-05,20.12031314300573,5.639762727884772e-05,117.0362962045977
11054.6875,4.595818746690422e-05,-174.5712445,7.226455123090432e-05,-69.39599521
11059.57031,6.722521056171284e-05,-13.47467605,7.016890897291615e-05,101.4278516842977
11064.45313,8.322067593380947e-05,164.6007866194832,5.658379220855446e-05,-77.55121895
11069.33594,8.769941816543507e-05,-19.11414033,4.12920064538128e-05,105.2620662503571
11074.21875,8.447421692483852e-05,158.9256585900431,2.747014976710023e-05,-71.84270762
11079.10156,5.034857698540584e-05,-21.25372385,1.717236928715563e-05,121.5647428042286
11083.98438,1.22953673695964e-05,137.4082933570421,7.13662502253028e-06,-138.7184207
11088.86719,8.845036030251512e-06,-151.8403082,2.215284372337904e-05,-12.36823653
11093.75,1.56000050686722e-05,14.87547127,3.275065854323758e-05,147.9345992447021
11098.63281,5.068048557045526e-06,-120.1185672,4.443249017885176e-05,-52.06181681
11103.51563,2.154357654675391e-05,159.2626420660997,5.417428175608639e-05,106.8887642610504
11108.39844,2.613849590086085e-05,-28.34017972,6.10229201379173e-05,-78.01035878
11113.28125,2.31871210503528e-05,165.9167092298752,5.829673566450417e-05,122.3506265863216
11118.16406,2.362193314437409e-05,-11.82907212,5.177155024051522e-05,-34.7273835
11123.04688,1.744199381609175e-05,136.8453132779749,4.44959248981542e-05,160.7967752471875
11127.92969,4.797359434862004e-06,-97.62572527,4.379406061429455e-05,5.498453502633471
11132.8125,1.44706792644619e-05,-8.381983428,4.024253840650381e-05,-150.3240802
11137.69531,3.558140785236803e-05,178.2421021960658,2.768327895537608e-05,55.73628327250946
11142.57813,6.147271043551379e-05,-8.643839399,2.896474250775479e-05,-98.60628128
11147.46094,7.225999661250301e-05,162.3115080218112,3.903723273541746e-05,76.70998933172844
11152.34375,6.565057418343716e-05,-20.92444129,3.95011484273317e-05,-98.78806975
11157.22656,5.547455773406615e-05,146.8676792786137,3.836582531676381e-05,102.5870925973267
11162.10938,5.688229292425443e-05,-62.53080316,4.465594040377738e-05,-79.33031869
11166.99219,6.399865869065406e-05,102.5245186428267,4.930932277887683e-05,93.76459548272558
11171.875,6.837689345688408e-05,-94.92940583,5.061939514045269e-05,-83.24352102
11176.75781,8.045182478845771e-05,62.88570595271312,6.261164206906835e-05,100.1983122062198
11181.64063,8.325711157439796e-05,-130.9337222,7.419178922144507e-05,-77.03018514
11186.52344,8.120739265445466e-05,34.40876557352949,6.937773110116756e-05,100.2034031565863
11191.40625,9.040119788670891e-05,-152.5237136,6.352478666748126e-05,-87.15657623
11196.28906,9.494051219902847e-05,32.86537499213282,5.391203601054305e-05,82.16069977836096
11201.17188,8.850665757899088e-05,-138.8276714,4.332961986108135e-05,-131.1498645
11206.05469,7.849406820381793e-05,45.99766359504531,3.773198771527809e-05,17.30325624623696
11210.9375,6.452784741155189e-05,-139.2788171,3.410166659942125e-05,147.6950878
11215.82031,4.362925228468393e-05,27.86301692904864,5.103647529497438e-05,-55.12367101
11220.70313,1.439990933022078e-05,-174.2893211,5.225188526020654e-05,116.2020883
11225.58594,2.098204115809513e-05,-127.3019876,5.332379149931853e-05,-76.85816668
11230.46875,4.599906997296144e-05,46.09933709,4.86889933383936e-05,101.0675197880133
11235.35156,6.246472335261956e-05,-137.2632971,3.411998592292859e-05,-77.9389055
11240.23438,7.563385875900154e-05,42.40942204381647,3.446857473787143e-05,99.99638702276998
11245.11719,7.708421541661557e-05,-136.7358688,3.936493038156325e-05,-78.85037191
11250,6.096904367448924e-05,34.74464119096044,2.808785483146553e-05,103.8810487986587
11254.88281,5.381942880121504e-05,-157.7752491,1.158280016981641e-05,-82.60242993
11259.76563,5.827011063527739e-05,13.04862266010326,9.804456345699806e-06,-0.113179812
11264.64844,5.606745999472063e-05,-178.1118684,2.015333526975465e-05,144.5186365986331
11269.53125,5.30128560318219e-05,0.085340645,1.210510514068703e-05,-36.74646955
11274.41406,5.626970321977877e-05,174.7899105359548,1.127368694996425e-05,-125.238955
11279.29688,4.406255479887669e-05,-9.344619463,1.413790353621588e-05,64.00481490931227
11284.17969,2.237647847693635e-05,-167.8455591,9.876684130956152e-06,-89.13826167
11289.0625,1.120391824917619e-05,42.58555109356183,7.668559862271264e-06,64.90525495432696
11293.94531,8.66912116974972e-06,-113.2319781,1.640892861408653e-05,-153.4150707
11298.82813,1.032867252754131e-05,4.696430170575715,2.735866758546956e-05,35.85634118843847
11303.71094,3.782306850378996e-05,146.7519701106203,3.77137016615474e-05,-138.1240739
11308.59375,7.031135980512256e-05,-27.35175311,3.862073184485156e-05,46.82813273040888
11313.47656,8.224756544553241e-05,158.3959611672659,2.753211779690453e-05,-125.4489751
11318.35938,7.104515530509388e-05,-9.930420657,1.533326771189286e-05,79.09486603024578
11323.24219,5.616135104855105e-05,-160.1907506,2.035432521117256e-05,-54.29544004
11328.125,4.109788542281717e-05,61.53525066232449,3.399459911697664e-05,132.2181109
11333.00781,3.573339669663293e-05,-67.03311351,3.870310958712635e-05,-45.77953899
11337.89063,3.737315835841611e-05,148.8827976258754,2.713568780072517e-05,144.9529823129077
11342.77344,4.321537461694273e-05,-10.61903593,1.519377375161825e-05,20.55338722168868
11347.65625,3.943547402393063e-05,168.2261698905657,3.234700779734637e-05,-101.4285288
11352.53906,2.59605664789662e-05,-38.67543472,5.873957383638831e-05,95.31585722466686
11357.42188,4.336501264647184e-05,108.5017706412738,6.649541904412123e-05,-76.58315643
11362.30469,6.895116649695607e-05,-77.27930674,5.803887759926576e-05,115.9390829279747
11367.1875,6.76396579491564e-05,99.95787136835155,5.025418759938458e-05,-50.61916765
11372.07031,6.284563458508724e-05,-75.99258115,3.310114063694673e-05,141.8039576492607
11376.95313,5.30347871433697e-05,113.0045391064621,1.570300876565921e-05,-7.958088437
11381.83594,1.457601185422712e-05,-64.5989582,1.045500496655962e-05,-171.5591101
11386.71875,2.359327778297458e-05,-44.13123639,9.107344996410315e-06,-55.41771596
11391.60156,4.133946638090782e-05,118.1998875,1.586120305037721e-05,74.78931175863396
11396.48438,5.04109558939784e-05,-74.57276928,2.298252065461897e-05,-95.32093213
11401.36719,4.477171958621677e-05,107.4309539850037,3.368303901169739e-05,98.69553673509712
11406.25,3.663584770649293e-05,-92.9542632,2.862110487266021e-05,-85.02498822
11411.13281,4.377791370484369e-05,62.00062060104556,1.364418427490746e-05,112.8674647488286
11416.01563,5.611800318510921e-05,-99.66022128,2.006301815781805e-05,-0.165290317
11420.89844,8.096140213446933e-05,100.0282877880264,3.314620940705906e-05,-165.0980511
11425.78125,9.362527442248848e-05,-71.71301594,3.334629011240427e-05,16.98667045111894
11430.66406,8.709798889418743e-05,114.4696071409048,1.30068145402673e-05,-162.3903247
11435.54688,6.242186035053566e-05,-52.33563115,2.066018194620159e-05,-151.3140886
11440.42969,2.801751926633781e-05,171.8793249295408,4.932962770792983e-05,30.0335836
11445.3125,3.401128704556158e-05,87.61665064591077,6.85687933575293e-05,-160.1487692
11450.19531,4.834136788969206e-05,-77.20047914,6.91957139111484e-05,12.31187853366149
11455.07813,4.027262430318676e-05,103.2607450438549,4.328481958142526e-05,-164.7733685
11459.96094,2.276766961028538e-05,-42.86478598,1.860230801958868e-05,40.66635982725317
11464.84375,3.381451527050246e-05,-138.5189929,1.936678769561901e-05,-72.86808361
11469.72656,6.176494268346728e-05,71.72091655228999,3.098621175732203e-05,137.0495139069197
11474.60938,6.610269531944986e-05,-94.81868363,2.483098068778513e-05,-29.30386254
11479.49219,4.671268357969169e-05,94.62359182764671,4.791946075103657e-06,113.6508838601103
11484.375,3.050809627031786e-05,-70.68119069,1.693709571079741e-05,-177.3422862
11489.25781,1.522174721640241e-05,125.1475448404607,3.149516247670549e-05,-11.88592602
11494.14063,6.626846091746477e-06,-139.8019975,3.671215088850967e-05,162.7175794448605
11499.02344,3.113547242993739e-05,56.04878533292244,2.977369026301944e-05,-23.89738971
11503.90625,5.800244783797598e-05,-114.3459828,2.55078054062842e-05,124.6876045592023
11508.78906,5.927422651234262e-05,68.00986080999509,3.295652210920556e-05,-80.68675929
11513.67188,3.956574116587674e-05,-94.05415612,2.940335066509447e-05,103.8471636672465
11518.55469,2.469587444131272e-05,129.2440655,2.145727152605661e-05,-70.80407045
11523.4375,2.427335941497292e-05,-11.44050359,2.358590444856839e-05,87.88453864728083
11528.32031,3.340195394637829e-05,172.2360009699759,3.249173117286805e-05,-101.494249
11533.20313,3.877530903057823e-05,-8.915428064,4.104104210518187e-05,70.93430645124769
11538.08594,3.4847230337225e-05,170.4559619128848,4.796339011069768e-05,-115.8973578
11542.96875,3.673488374417232e-05,-12.78046283,4.448299598093301e-05,63.21681830967687
11547.85156,4.259402196695136e-05,166.7144520530315,2.713654522013741e-05,-122.1705382
11552.73438,3.5852721257657e-05,-9.819375625,1.588881896945814e-05,31.89878435181737
11557.61719,1.957356580175081e-05,-166.8101655,1.280118854515995e-05,164.0413803886228
11562.5,1.057660337827084e-05,140.1151637,2.254897000595471e-05,-72.28837271
11567.38281,3.873942503833009e-05,-8.272038431,3.151856264697126e-05,99.72622916905816
11572.26563,5.370843658987084e-05,161.6795976410958,3.420235551374267e-05,-68.23075849
11577.14844,5.409508341372717e-05,-33.61651993,4.616664872048891e-05,132.2162565063069
11582.03125,4.062669573713407e-05,130.3757659479466,6.004079506691647e-05,-34.32244486
11586.91406,3.901927510440281e-05,-85.1751632,6.491097487832268e-05,157.2813945657458
11591.79688,6.295731302647396e-05,76.00315427838318,6.712920282566754e-05,-15.19363439
11596.67969,6.398723211345675e-05,-115.0907317,6.513091134393995e-05,164.5864457267629
11601.5625,4.532459605750196e-05,53.26827577450535,6.2287507803173e-05,-13.94442491
11606.44531,2.473377183823355e-05,-126.1442865,6.341518560419387e-05,167.8780369776503
11611.32813,2.69419893991526e-06,-103.8393076,6.10158726464241e-05,-15.40973294
11616.21094,2.497782200468614e-05,76.73022139183047,5.27031701262894e-05,166.0493223682762
11621.09375,4.208338050807151e-05,-110.9391596,3.960897463728074e-05,-3.349068625
11625.97656,5.690947073557475e-05,46.93761082679675,2.447376286607961e-05,-159.2375642
11630.85938,6.011718103618821e-05,-154.1537004,2.265181301930344e-05,49.16979812927206
11635.74219,6.524567607878366e-05,3.455106767954905,2.27916601887356e-05,-131.3690255
11640.625,7.989535187331858e-05,171.9462796001018,1.630013523566215e-05,33.96229319290502
11645.50781,7.733814389842853e-05,-11.14565895,1.675634499027687e-05,-159.3349759
11650.39063,6.104566415290377e-05,172.4583682293749,2.024139477534297e-05,17.82517650068557
11655.27344,5.459833507235006e-05,17.55692975789233,2.00084222101436e-05,-166.6923244
11660.15625,6.103795299431415e-05,-146.9859496,2.390448122641851e-05,33.34742024283937
11665.03906,6.832489528664741e-05,27.21079931027156,2.318067363740177e-05,-120.4532836
11669.92188,8.59953688555025e-05,-154.6591848,1.467644577350863e-05,125.7248415272717
11674.80469,9.852785827911167e-05,26.82003622461919,3.031243420741224e-05,-11.26114132
11679.6875,0.000101511,-150.6046732,4.661906303975603e-05,-178.8619493
11684.57031,9.773771303274006e-05,38.31371731704903,5.746727241395936e-05,17.36481385319445
11689.45313,8.558544673919914e-05,-128.6002316,6.055481392782779e-05,-151.2597712
11694.33594,7.9381103968455e-05,66.29093650599917,5.827906959804884e-05,39.47366950756885
11699.21875,7.992909547085197e-05,-102.8147356,5.099930990257096e-05,-127.6520148
11704.10156,6.606357316404544e-05,83.56544081405937,3.489759754404974e-05,54.21791376835537
11708.98438,4.439245846226251e-05,-98.24720264,1.911765387829037e-05,-154.8574029
11713.86719,2.123052050280492e-05,86.86346576774658,1.589793080162329e-05,-11.09582893
11718.75,1.847972184257287e-05,18.59998635345571,1.865006543239003e-05,-172.9464302
11723.63281,2.720275598364365e-05,-155.0432901,3.497422327746981e-05,28.62587983350164
11728.51563,2.532675060996478e-05,-20.74914581,4.410392653820185e-05,-141.7507876
11733.39844,3.546227114123118e-05,141.7663770165047,2.873246678055447e-05,59.13594368888122
11738.28125,2.584579513081763e-05,-56.69675171,1.372403335449488e-05,-32.56287005
11743.16406,1.587522877316162e-05,14.78978886010568,3.565522764074457e-05,-152.3094177
11748.04688,4.422063186714878e-05,130.6139430913356,5.85256108110811e-05,31.67535387744009
11752.92969,7.13558298846206e-05,-59.16682478,5.783493845837015e-05,-149.1971495
11757.8125,8.531667603100434e-05,126.2500467689297,4.308164519503679e-05,41.45527928615437
11762.69531,7.74323193815488e-05,-52.41979581,2.791141640831466e-05,-128.8483553
11767.57813,5.40636614480444e-05,130.2358713486358,9.523545101955807e-06,29.85603436562824
11772.46094,4.75884545048127e-05,-35.97531568,1.443721195082856e-06,93.29248430307324
11777.34375,4.360862380848226e-05,151.1848369307816,7.629013237252703e-06,-92.11735505
11782.22656,3.10532098707232e-05,-31.99881752,0.000152557,175.0325692273965
11787.10938,3.335002292768728e-05,141.4091659379191,0.001063415,0.2567130441070224
11791.99219,2.773798426388986e-05,-47.97868997,0.002516957,-179.3951847
11796.875,1.311230392533922e-05,76.11926614067428,0.003129718,0.5382465474580502
11801.75781,7.527022689372491e-06,-117.9755637,0.003140669,-179.5809232
11806.64063,7.254342060839941e-06,-159.8372241,0.002788066,0.4510923409401817
11811.52344,2.689859530267377e-05,65.77145406786779,0.001453632,-179.3641941
11816.40625,5.39345673802476e-05,-114.9054433,0.000267424,0.936645488
11821.28906,5.023936877487295e-05,65.87686488524488,3.146983060822206e-05,-14.26623539
11826.17188,2.596327916254194e-05,-112.0339949,3.250960629477062e-05,150.5788647124556
11831.05469,2.11829344157527e-05,18.95645587,2.628994564482191e-05,-28.23441999
11835.9375,2.798182619913786e-05,163.9656819571998,2.607358413199277e-05,150.4387057018639
11840.82031,3.368284354126366e-05,-5.767612093,3.113225711858308e-05,-44.46281811
11845.70313,5.838821384020609e-05,-162.1716922,3.166198164407836e-05,139.4069084
11850.58594,6.420592326323775e-05,28.01190224866044,2.103894335970124e-05,-30.22227881
11855.46875,5.416613332865318e-05,-144.6503185,8.648755041782793e-06,120.4326932
11860.35156,4.406243606714664e-05,32.66582410922312,1.320165973103044e-05,-142.9902144
11865.23438,2.196609213903099e-05,-152.2295,1.87289958515863e-05,43.56440647
11870.11719,6.270464405226929e-06,-43.88085825,3.235501687846466e-05,-107.8838538
11875,1.707096131823517e-05,89.02634478778172,5.256922202679595e-05,75.19028710814428
11879.88281,2.404865158442985e-05,-95.48400231,6.352794417417645e-05,-109.0845393
11884.76563,1.947552797608798e-05,93.17542858033168,6.70838282445438e-05,62.88642897285915
11889.64844,6.656096901082844e-06,-139.4838968,6.977353922250275e-05,-123.8003644
11894.53125,2.368493721675001e-05,0.7040083098438941,5.604823003045232e-05,55.59223163765026
11899.41406,3.08347765365827e-05,-163.4265322,2.86718398854223e-05,-114.7801408
11904.29688,3.277162457085801e-05,24.50333838548303,1.903302451694913e-05,81.01674862916798
11909.17969,3.836286717863516e-05,-140.9798027,2.234740350328677e-05,-115.7108896
11914.0625,3.454996534812508e-05,71.60683567843152,3.049243312529421e-05,55.32433471
11918.94531,1.92530992767656e-05,-66.79819619,4.126340993771242e-05,-120.933633
11923.82813,1.690935094942586e-05,-176.1660028,3.917798240773923e-05,67.66596083285079
11928.71094,2.993794263444531e-05,5.651327215752016,2.834633489934664e-05,-102.9329749
11933.59375,3.812889075521856e-05,-175.0976973,1.690519309851851e-05,85.56767651343594
11938.47656,3.50877480155598e-05,16.96710716,3.632999313218889e-06,73.06364095009965
11943.35938,1.716321809500902e-05,-137.7059056,2.325379413254994e-05,-75.7666708
11948.24219,1.67554480661607e-05,127.1704309237932,3.10340618513981e-05,100.8220864567495
11953.125,2.86283885497405e-05,-40.53693559,3.876064711649656e-05,-101.2446589
11958.00781,3.401314116287086e-05,150.4831232884954,4.391878642833475e-05,70.32980127016128
11962.89063,2.992687048973832e-05,-45.46489044,3.615044922660452e-05,-112.1849595
11967.77344,2.693789625735565e-05,91.48020867152262,1.912947461566276e-05,72.62253943699318
11972.65625,3.058557654283769e-05,-111.3556318,1.298914809952579e-05,-24.0982996
11977.53906,5.109705773296088e-05,59.24354191196021,1.946853808088875e-05,176.9490697843477
11982.42188,7.350029962867498e-05,-124.276882,9.116603178425244e-06,3.522529032092474
11987.30469,7.160407298320069e-05,54.16584641053348,6.418205940691057e-06,-10.62550818
11992.1875,5.751533242137737e-05,-126.3166072,2.12291180859134e-05,-179.8439589
11997.07031,4.016911278818394e-05,60.15152818798492,2.955692199535188e-05,4.593622328535659
12001.95313,2.219125325265123e-05,-63.39982738,2.503020058514008e-05,-165.1747407
12006.83594,4.315585707732788e-05,170.5152930817078,1.164764872131261e-05,62.48124676664819
12011.71875,6.416096591303655e-05,10.72612126606895,2.480422061725815e-05,-32.2446221
12016.60156,7.697910512433919e-05,-159.5173729,4.794427162959921e-05,161.0623943860268
12021.48438,7.309221574215217e-05,29.57698852499166,6.242676775995846e-05,-13.17798727
12026.36719,6.327000923600845e-05,-127.8983554,6.010709795235793e-05,-178.5560534
12031.25,4.0887018062144e-05,78.37799307467897,4.531570002096582e-05,32.14570476759673
12036.13281,3.591032204206496e-05,-67.92675272,3.566077637074922e-05,-93.26478075
12041.01563,5.392837365244558e-05,111.2410022515181,5.238251222117326e-05,130.2105440230556
12045.89844,5.939435435633635e-05,-72.73388019,6.558924903192328e-05,-30.21212789
12050.78125,5.644250792671797e-05,93.19049495111679,6.16018788178887e-05,173.5258433969319
12055.66406,5.663189355745721e-05,-117.1681927,5.285208571827755e-05,18.73410524602485
12060.54688,5.729849938609645e-05,31.97403069,4.206529123410562e-05,-143.1449546
12065.42969,6.1663771801568e-05,-172.0365686,3.195295042902138e-05,56.77571841887125
12070.3125,6.806225706854634e-05,-6.028753929,2.458960717067487e-05,-102.2756763
12075.19531,6.518803476250119e-05,151.6083378385635,2.347439425685195e-05,90.21430820119691
12080.07813,6.916623728126166e-05,-63.20416475,3.018383071863072e-05,-89.59273809
12084.96094,7.145655988381908e-05,93.69952768033708,3.582907507559534e-05,89.22466839427939
12089.84375,6.351362424987481e-05,-99.10258512,3.34728370868726e-05,-96.1335693
12094.72656,4.424714585762419e-05,70.85623881729467,2.791087609109539e-05,60.75334847633696
12099.60938,2.009303448977745e-05,-170.2234787,2.372288731738877e-05,-142.4539225
12104.49219,3.81652775913769e-05,-40.29577141,1.901783552466311e-05,10.61929349907623
12109.375,3.891835878059054e-05,139.4622688633058,1.867789005829118e-05,164.0941937814517
12114.25781,2.760324128281679e-05,-54.12486394,1.673690759717478e-05,-38.81849567
12119.14063,2.458244541602026e-05,82.55375263879402,1.722604886975752e-05,131.0772198187673
12124.02344,2.412547884498056e-05,-150.5285977,1.567351893619618e-05,-39.75273571
12128.90625,2.476359621345451e-05,-27.02190911,9.885088200651319e-06,158.7343474782101
12133.78906,2.451793085762821e-05,106.2936657179265,5.360055224343115e-06,74.90555917854078
12138.67188,2.965142276281452e-05,-112.6690459,8.547252039556178e-06,-39.89012589
12143.55469,3.338763536496769e-05,50.13966380191221,1.933127429467255e-05,-131.8300272
12148.4375,1.380735395688652e-05,-136.7792973,5.221046198524932e-05,66.23345605992249
12153.32031,7.795840224428237e-06,175.7561808520974,7.776625912791495e-05,-103.0251477
12158.20313,2.694971900829373e-05,-35.23873982,8.657281786871143e-05,88.90310368
12163.08594,4.395993594476876e-05,140.8108434259782,8.249020014005296e-05,-86.57247707
12167.96875,4.713821348134534e-05,-40.07771023,6.289581302984406e-05,92.84829621813175
12172.85156,4.301158520178166e-05,138.7163207367353,3.453738353550242e-05,-77.19883939
12177.73438,1.416869663697351e-05,-1.163195279,1.648828881923056e-05,126.9739999728754
12182.61719,4.584568243944995e-05,-71.53030503,1.06984038938402e-05,-82.97612623
12187.5,7.18212297534594e-05,111.5530946053225,1.647498570572748e-05,79.75371124511842
12192.38281,7.365692053897183e-05,-72.48424259,2.746803417396144e-05,-87.66121593
12197.26563,6.855860215514994e-05,100.6546695686246,4.228260806718186e-05,99.07037880956626
12202.14844,4.809417070210109e-05,-90.30111682,4.432781582377312e-05,-74.48577647
12207.03125,6.875985980384148e-06,108.8120470208926,3.988862716729473e-05,116.7721114727787
12211.91406,4.10359729815836e-05,46.53154435612882,4.194547585768944e-05,-40.54592683
12216.79688,6.040487475374897e-05,-145.3026934,4.308058507977139e-05,165.2587686723708
12221.67969,6.799894214681229e-05,26.96957977852825,3.920738355542337e-05,-3.337400882
12226.5625,7.772321311980283e-05,-149.6249346,4.222897172422322e-05,162.3138286747709
12231.44531,7.114469815509653e-05,38.75737756293128,4.643937946847459e-05,-22.54445593
12236.32813,6.968862032698475e-05,-122.2092819,4.577119105636677e-05,163.8025661948824
12241.21094,9.251703329280136e-05,74.63264354,5.037966134217291e-05,-17.92355938
12246.09375,0.000119093,-96.76565365,4.97952342932145e-05,168.4429124762016
12250.97656,0.000127019,82.71553883885778,5.022753633079995e-05,8.934489819354626
12255.85938,0.000112726,-105.4655824,5.037066517887913e-05,-164.5600989
12260.74219,0.00010761,68.31177853523381,4.056095323437826e-05,28.48648964730124
12265.625,9.981138021122723e-05,-117.7275622,3.71711661330948e-05,-125.4872356
12270.50781,7.281712590665753e-05,49.83335452401381,2.73297210992682e-05,61.73800182390778
12275.39063,4.438067816329556e-05,-131.6040823,1.753976702483415e-05,-103.1800896
12280.27344,1.769473818997681e-05,40.08094283,1.587025265627233e-05,88.00224976412181
12285.15625,2.750505218156596e-05,124.5810779,2.716588821014078e-06,-132.4751201
12290.03906,5.077642526665969e-05,-46.15013023,1.397071223997572e-05,-72.34657553
12294.92188,7.840151823642184e-05,158.7134501,1.933682863399153e-05,117.5827193135893
12299.80469,0.000110108,-11.32898998,2.268794502105007e-05,-62.04523893
12304.6875,0.000120002,171.7622153711137,2.617412142078183e-05,106.3886333515225
12309.57031,0.000104585,-5.973758769,2.201671074684452e-05,-75.14117552
12314.45313,6.822153085147966e-05,167.6378484371058,1.449896736815666e-05,127.4453897503507
12319.33594,3.872557990151538e-05,-48.08236857,1.476989706246613e-05,-35.12554001
12324.21875,3.812197034777615e-05,107.0575704,1.584904746716714e-05,142.7488391898483
12329.10156,4.437983206610191e-05,-76.44109969,1.716610255546322e-05,-37.94068351
12333.98438,5.159232699286699e-05,82.59487969978856,1.666761271001372e-05,135.2470793353808
12338.86719,5.483453845018817e-05,-119.1777634,1.3867892372395e-05,-66.98081697
12343.75,5.753123804079477e-05,46.26615502580321,1.535335892862851e-05,113.0192480103736
12348.63281,5.808622494691007e-05,-139.2551317,2.099670052306943e-05,-55.8245975
12353.51563,3.934076499773385e-05,55.40631924982078,2.501081253831351e-05,122.5977635809111
12358.39844,2.983836672088752e-05,-65.79289762,2.402748043674204e-05,-40.22905419
12363.28125,4.476028981509098e-05,159.4163457789222,2.346460252934358e-05,169.3549774227519
12368.16406,5.194910366213268e-05,-2.198936621,1.448682937917151e-05,4.686305772776299
12373.04688,3.271994370391666e-05,-170.2416101,5.963148650989338e-06,-125.0084778
12377.92969,1.730954021832493e-05,30.90287674145653,9.633263370083609e-06,78.93569127343179
12382.8125,1.506074540409851e-05,-175.4355562,1.526677570675152e-06,-84.66645871
12387.69531,2.209760882513274e-05,-44.20149784,1.490867716140383e-05,-86.30270685
12392.57813,4.544470016890553e-05,127.2786510294939,2.30545051885078e-05,112.1573383600649
12397.46094,7.224208767200337e-05,-43.98753514,2.47614126728227e-05,-76.37848759
12402.34375,7.351181465469155e-05,134.4293448953035,3.933712638408911e-05,72.95504570935636
12407.22656,5.843390421296855e-05,-64.86139751,6.293978423769941e-05,-121.6098028
12412.10938,4.239564397103601e-05,106.8219236057241,7.397339831670841e-05,50.61531185186846
12416.99219,1.629072427126505e-05,-58.31015447,7.637841775308905e-05,-131.1469269
12421.875,1.69870160869513e-05,-86.50969221,7.758563876073891e-05,46.84467915567672
12426.75781,4.695051031993728e-05,84.14007471880875,7.170588737198212e-05,-137.4451203
12431.64063,5.925169334482286e-05,-93.92228097,6.197906207834924e-05,33.48762278
12436.52344,5.690250945617825e-05,115.9986451822883,6.548992223398343e-05,-155.9877724
12441.40625,4.8268023239338e-05,-32.92357499,7.075549921037094e-05,31.24830365
12446.28906,2.460595727103783e-05,-164.9203256,5.787576433041866e-05,-138.2158134
12451.17188,2.306424176279631e-05,113.4060503075492,3.93619766956839e-05,51.14207180122274
12456.05469,5.205584089579608e-05,-20.83291689,2.545613261186718e-05,-120.6022385
12460.9375,8.368479086657573e-05,168.6131164187265,7.449369021805825e-06,80.61700479052145
12465.82031,9.928313101579575e-05,-10.18038085,7.879164562073973e-06,-33.24109398
12470.70313,9.315944244466955e-05,164.1029234426081,9.879969949463648e-06,82.41164802054189
12475.58594,8.187160362265254e-05,-33.48919307,2.104477417529565e-05,-122.7854716
12480.46875,7.317514901415584e-05,130.0414092872628,2.729601282512154e-05,79.61571316257435
12485.35156,4.965831165182114e-05,-75.5156249,2.497811864673327e-05,-96.07953829
12490.23438,5.131619815598151e-05,41.81281397187651,2.312942037649252e-05,64.91435292947226
12495.11719,7.60056662371612e-05,-159.9505165,1.929725047683899e-05,-100.3147566
12500,7.57245771092363e-05,24.56749519,1.115399029461248e-05,96.03660434451896
12504.88281,6.035574333334343e-05,-143.62404,2.537202705931178e-06,-134.034495
12509.76563,3.324765264999138e-05,60.14294374,9.368321166130897e-06,-131.2239696
12514.64844,2.020976777546258e-05,-60.56589711,2.338929211791118e-05,53.92978920053488
12519.53125,8.661877768379942e-06,-175.1292011,3.003826265245145e-05,-115.0426877
12524.41406,2.751100458578798e-05,98.35795366956982,2.653843804245817e-05,86.39688543850305
12529.29688,5.207405398771349e-05,-68.98701103,2.957292423176273e-05,-48.21719268
12534.17969,5.87905713115172e-05,120.3300832242125,4.34187845960981e-05,154.9261670588161
12539.0625,4.789862577775587e-05,-56.76704269,5.432052669078074e-05,-11.88303047
12543.94531,2.97848851979245e-05,139.5906069233393,5.698305186854741e-05,-172.901322
12548.82813,2.395961839977004e-05,55.51401644322381,4.81120754487461e-05,32.02896123840912
12553.71094,6.118681201224632e-05,-74.15690743,3.562195103393839e-05,-122.9296161
12558.59375,8.879635264031155e-05,117.2318212484145,3.409121771728821e-05,72.07895156971657
12563.47656,9.491356555855811e-05,-62.38648622,3.785052925110403e-05,-109.2060626
12568.35938,8.988752441780587e-05,124.8142485699265,3.725952030897402e-05,46.20255734362136
12573.24219,7.721285730355176e-05,-45.57912087,4.889252938247397e-05,-147.5952739
12578.125,5.486156826074697e-05,120.9524410802272,5.643223532735769e-05,43.01254061804142
12583.00781,4.644092454032446e-05,-90.76072402,4.653367736813668e-05,-130.0483129
12587.89063,4.565400230755855e-05,78.55813653659143,2.881664108560667e-05,51.18804165421507
12592.77344,3.197552703747402e-05,-115.016487,1.016625517567018e-05,-133.5675959
12597.65625,1.840233584975653e-05,5.606205389649131,1.653784520223133e-05,-94.6544755
12602.53906,2.047818154882671e-05,111.6279267768116,4.016834618789244e-05,83.45545438858733
12607.42188,4.000751206215024e-05,-109.3332925,5.483142207061079e-05,-93.09872749
12612.30469,4.319533698862355e-05,61.79314322290166,5.359596704793281e-05,89.61678099729605
12617.1875,2.834331083894336e-05,-135.4674856,3.517538729819136e-05,-88.92372811
12622.07031,3.861020487501872e-05,21.46823089544352,1.149233392156421e-05,133.5409553
12626.95313,6.350304790407015e-05,-157.6184488,2.462347598488883e-05,60.66950611314071
12631.83594,8.204519730572309e-05,24.14068707118288,4.203285065950812e-05,-91.71308354
12636.71875,9.286347812091757e-05,-160.3686596,4.741382090685331e-05,102.4908394831446
12641.60156,9.726307512989361e-05,16.34783431269858,4.005268215498678e-05,-73.79508929
12646.48438,9.190638195522836e-05,-161.7245294,2.211913546405831e-05,117.4311824625251
12651.36719,7.754674023125362e-05,20.65698012146274,1.238742570276014e-05,9.761228112087903
12656.25,5.535270622103839e-05,-154.1990587,1.690424288007158e-05,-128.5671387
12661.13281,3.637334627531689e-05,33.25954429657825,2.207611477255262e-05,65.73894934843484
12666.01563,1.770088684405631e-05,-134.5869283,2.886535006519197e-05,-94.00387812
12670.89844,9.08299180008468e-06,-166.4545173,2.978440586371944e-05,121.8488260870654
12675.78125,1.607684594651789e-05,39.82725803306763,3.2182016276297e-05,-24.56057019
12680.66406,2.203280834101336e-05,127.2838518508301,3.483511892324201e-05,167.8732739869277
12685.54688,5.147210257754162e-05,-58.20751813,1.999707414816137e-05,3.931445487134005
12690.42969,5.280960687736994e-05,120.1087270336157,1.416294209035946e-05,-43.5594684
12695.3125,5.665770030520115e-05,-68.06158099,2.719494770570537e-05,169.2081241610883
12700.19531,4.970860959834335e-05,122.5107735252942,3.086999158613124e-05,4.968082832476516
12705.07813,2.80817322854866e-05,-32.39633626,3.167331011816427e-05,-164.2466304
12709.96094,1.962545058716424e-05,171.8850963422334,2.982606977623108e-05,37.07850759325925
12714.84375,1.592484767319788e-05,9.917217391446464,3.603591861721666e-05,-139.9277417
12719.72656,6.280402415369249e-06,-63.66835956,5.055901562658994e-05,20.69224541538124
12724.60938,2.861158494386388e-05,-175.7873011,6.295543945284549e-05,-171.75705
12729.49219,4.814025733818448e-05,12.69693259,5.819930044678014e-05,0.1191816223926297
12734.375,6.110614074116946e-05,-172.3245827,4.649123379162126e-05,160.4062755635441
12739.25781,7.210252115172389e-05,3.936043518376886,3.770759112469991e-05,-51.76301538
12744.14063,6.506671103349267e-05,-171.4712993,2.653038585632438e-05,77.47504077
12749.02344,4.508793187411091e-05,32.97577241108006,2.688369693668627e-05,-159.5119541
12753.90625,4.486787248986469e-05,-99.54491569,2.509755575660823e-05,-22.23834106
12758.78906,6.335390069271658e-05,111.3507366983491,3.114730280481401e-05,115.7247990370631
12763.67188,7.949289562752434e-05,-58.60562019,4.390020763588374e-05,-91.1906796
12768.55469,6.504667435227412e-05,119.7168141924074,5.425470829030642e-05,68.53250052239238
12773.4375,3.221094090041543e-05,-87.10062303,6.515037691319678e-05,-122.3273195
12778.32031,2.857515820008424e-05,62.34697919615706,8.260993874322402e-05,55.90430328174419
12783.20313,2.753273424981382e-05,-81.76313616,9.323988426976065e-05,-118.1382971
12788.08594,4.157494620076802e-05,134.0320295,9.232788767280249e-05,76.32474460149099
12792.96875,6.899481750070364e-05,-37.44997108,9.037500740969753e-05,-86.27654095
12797.85156,8.582977184031838e-05,139.9951977418461,8.724141789278346e-05,110.8640636292857
12802.73438,7.937552508664514e-05,-53.86935683,7.91567023384325e-05,-59.6893482
12807.61719,6.834426997350771e-05,104.8111960703721,6.383199804498308e-05,115.1910480510163
12812.5,6.571426865154585e-05,-95.88421529,5.120534973750864e-05,-85.86969824
12817.38281,6.426843157333725e-05,74.42348529,4.888870421223058e-05,68.15572299187843
12822.26563,5.621245471293806e-05,-109.1770949,4.52588000150297e-05,-117.8114377
12827.14844,6.64332482861886e-05,68.98626641,3.777255790388884e-05,71.87292017080054
12832.03125,8.632309215745688e-05,-106.2641598,3.305236131339048e-05,-96.2018732
12836.91406,8.411035042228066e-05,80.42062833570144,2.697526228694896e-05,92.40808299193171
12841.79688,7.771349825739778e-05,-97.38987334,1.74265974052853e-05,-117.8944331
12846.67969,7.69030424736325e-05,87.57727009,3.075568975969401e-05,22.45615326481435
12851.5625,6.35050789810329e-05,-73.57352476,4.976708288080885e-05,-162.049641
12856.44531,5.719744022867167e-05,116.7692744093515,6.499031014650213e-05,11.49145757696236
12861.32813,6.129718555504073e-05,-76.94050779,0.000103955,164.4577680494856
12866.21094,6.216152228655827e-05,90.81461424436714,0.000208144,-36.21778829
12871.09375,5.425912364505583e-05,-98.02691442,0.000271814,137.8125298526572
12875.97656,3.593042978610889e-05,73.01046527415963,0.000275538,-45.9002032
12880.85938,1.384057223128988e-05,-113.1704206,0.000268376,131.5585185102226
12885.74219,7.149084106426346e-06,-164.7736148,0.000170822,-46.09214523
12890.625,1.539969490389594e-05,44.93975598530722,4.292006794976587e-05,147.6889820518943
12895.50781,8.049435262924653e-06,-106.5511167,1.618458588997697e-05,105.9620218381078
12900.39063,6.92062193915626e-06,-146.6338019,3.630804698649711e-05,-45.42577289
12905.27344,1.557022385945487e-05,67.19405359324482,5.957396607840255e-05,156.8850528827166
12910.15625,2.544161377926951e-05,-74.42970231,7.725507923165186e-05,-3.983810896
12915.03906,3.392078829248765e-05,135.7479746529286,7.576433170783695e-05,-166.8946949
12919.92188,3.538100493325725e-05,-23.6256323,6.939402167133833e-05,27.05924446744556
12924.80469,4.240141652381429e-05,163.1960837,5.736169218229126e-05,-155.3727472
12929.6875,5.28126994042516e-05,-1.259490711,3.604405399629277e-05,8.813611420542895
12934.57031,6.003068603492173e-05,-155.8197081,2.653294448068455e-05,163.0698755621992
12939.45313,6.098505636489546e-05,40.66899120041339,2.801455862602525e-05,-33.52947655
12944.33594,5.434738322344466e-05,-124.1731874,2.101395879615937e-05,146.4425395376302
12949.21875,4.9518670636507e-05,80.79949810733102,1.040878421843177e-05,-2.469540939
12954.10156,5.299936725106501e-05,-70.01219614,6.54699429899218e-06,-114.5239247
12958.98438,6.382973989132195e-05,130.9637391050155,1.156078215548868e-05,-173.6312516
12963.86719,6.183229004358109e-05,-40.05849772,3.446011723396785e-05,40.54311980523376
12968.75,6.063060728178409e-05,139.0876355419993,5.084439271349072e-05,-133.5191752
12973.63281,7.564517063290751e-05,-46.70106831,5.035168819690412e-05,47.18996547824161
12978.51563,7.941771240679487e-05,125.9861936960537,3.777328891502082e-05,-121.2113301
12983.39844,8.612487513005201e-05,-70.45096499,2.095503721218592e-05,99.37115957219996
12988.28125,0.000109836,94.55671584350966,3.215390125442865e-05,-23.39913177
12993.16406,0.000111347,-94.5591611,4.985393019250243e-05,150.0275179934549
12998.04688,8.957794224934485e-05,79.23411132803868,5.842364198561351e-05,-40.38733577
13002.92969,6.499441223203195e-05,-99.5203142,5.49634639962864e-05,141.5512129281535
13007.8125,4.131543904242779e-05,82.24020555837239,3.666331252944432e-05,-32.32558124
13012.69531,3.228325631238817e-05,-100.8448905,3.705398196604453e-06,-145.2648435
13017.57813,4.162341572809284e-05,82.21426442175806,3.826274469354456e-05,145.6452889
13022.46094,5.350969227447594e-05,-111.6917073,6.075113671628746e-05,-32.43848197
13027.34375,6.175376912519355e-05,60.20592376781827,6.801934390115271e-05,150.0472744685764
13032.22656,4.921065087632381e-05,-110.9238516,5.84775538310286e-05,-30.78696208
13037.10938,1.94782897506708e-05,92.40742789342701,3.01173522775069e-05,122.0956085608795
13041.99219,1.418727378965361e-05,39.71635492,1.954746793521551e-05,-133.740403
13046.875,2.68763939464931e-05,-97.84195633,3.498901482423058e-05,-9.661765706
13051.75781,4.421331912284229e-05,112.0368066397049,5.776434621894328e-05,158.6152334219978
13056.64063,5.587933575361191e-05,-57.68490459,6.012611317155136e-05,-18.34253624
13061.52344,4.490562764776525e-05,138.8362273681651,5.668515477633699e-05,172.8159740438013
13066.40625,3.134025650210276e-05,-45.66314928,5.664331281867002e-05,5.112513909849984
13071.28906,4.207516548154962e-05,75.72417907147224,4.537438541016949e-05,-166.7368084
13076.17188,6.106388161860457e-05,-121.8070228,2.461927023437398e-05,-3.211547477
13081.05469,7.030021543263414e-05,62.59322554862077,2.51811578644912e-05,93.49191226295254
13085.9375,8.546407901639379e-05,-108.7778336,4.535845423693671e-05,-114.1481173
13090.82031,8.219473295426449e-05,75.03227870980291,5.475782416659098e-05,49.89470654592755
13095.70313,6.214436343612373e-05,-116.9741354,6.26012716130879e-05,-146.1572517
13100.58594,6.12746508857186e-05,32.53431672109336,5.723229420866378e-05,24.38186263132144
13105.46875,6.494680928544382e-05,-172.9732335,4.671860514181541e-05,-174.292112
13110.35156,6.739902152592371e-05,-15.15438438,4.64034814257407e-05,-15.75234347
13115.23438,5.848550529951129e-05,159.0389421773679,3.885817045604084e-05,146.9400505021049
13120.11719,2.583731663792751e-05,-20.9624175,3.514361985252356e-05,-56.60866671
13125,9.387104707984955e-06,-55.00799757,4.045332516557917e-05,113.8967989364639
13129.88281,3.861548250257535e-05,121.9620663665413,4.247884055983613e-05,-58.32168414
13134.76563,5.384250288560771e-05,-59.33902263,3.94990548731974e-05,139.1267539534875
13139.64844,4.451710023479087e-05,125.8858624031312,4.288575695262267e-05,-26.48615135
13144.53125,2.75871681148281e-05,-34.30409313,4.630374146565613e-05,164.3184520267086
13149.41406,2.673195797496094e-05,-163.5390774,3.634181801847756e-05,7.554631479269784
13154.29688,4.688304576278651e-05,45.61927530616928,2.429328559639465e-05,-143.0919875
13159.17969,6.490459414006495e-05,-130.5829929,1.301023026177922e-05,75.21105915454642
13164.0625,6.873455059634086e-05,42.58234163338717,1.206871673831701e-05,-64.27150524
13168.94531,5.681955980770186e-05,-141.2413587,1.111166932447264e-05,80.23761572381747
13173.82813,2.069239579147814e-05,55.03630932,2.063076178086617e-05,-140.7617919
13178.71094,3.437077013176599e-05,5.936735258055596,3.593808628921009e-05,26.64713273207196
13183.59375,7.838693402923638e-05,-173.7494085,5.264671410678194e-05,-157.5709506
13188.47656,0.000104079,2.653841389569996,5.336218347201392e-05,21.21374463720014
13193.35938,9.039003909261222e-05,-177.9824576,4.431583704940201e-05,-174.0825055
13198.24219,5.480444323213787e-05,-2.151649401,5.078883283830518e-05,-19.37504871
13203.125,2.258526245705726e-05,157.7292541429883,5.082853038790885e-05,143.8054502005133
13208.00781,1.532106133403991e-05,-145.218101,4.495629653833552e-05,-50.70841914
13212.89063,3.014367009597097e-05,13.42899139321961,4.1140669744726e-05,120.1125271435517
13217.77344,3.253520069979389e-05,-162.0174707,2.800113926055877e-05,-94.18363766
13222.65625,3.804835038389652e-05,14.32062951,3.196657392143543e-05,26.00322690764343
13227.53906,3.456154573006355e-05,177.3135643411863,3.892635827297777e-05,-177.0226722
13232.42188,2.060893629564478e-05,-18.6242772,3.787022515031438e-05,-3.982161237
13237.30469,4.267580022837098e-06,-150.5768668,2.914424175291139e-05,178.6256976351289
13242.1875,1.94318550167081e-05,157.0207546453892,1.151082396550619e-05,-22.15560619
13247.07031,4.089402547000371e-05,-11.89003659,1.144262205383451e-05,30.53081579585143
13251.95313,4.930020456114569e-05,167.6065753232024,2.13406797046983e-05,162.1377358
13256.83594,4.027411134140328e-05,-0.820339423,2.10238307958448e-05,-39.44157812
13261.71875,3.940383870777536e-05,-146.65362,1.877186232710852e-05,121.4562882745866
13266.60156,4.90107893965663e-05,58.35522173128095,2.850715421520582e-05,-87.23162101
13271.48438,4.940134865324637e-05,-100.3408089,4.370782443226555e-05,58.19108101704136
13276.36719,4.110164618869982e-05,84.67760153107494,5.938296288364077e-05,-143.6411911
13281.25,3.421542889569453e-05,-109.8806384,6.260558020565953e-05,23.16670819727882
13286.13281,2.599781809130573e-05,64.67114235385095,5.41852740614947e-05,-168.8631495
13291.01563,9.976404525022496e-06,-98.69600914,3.773035667108219e-05,0.3675296161354812
13295.89844,1.238727839842729e-05,133.6428898819274,2.328170046584295e-05,167.8707509
13300.78125,3.390197924893823e-05,-34.05904679,1.531671217235377e-05,23.92502669535028
13305.66406,6.203196293249336e-05,161.2508990995479,3.777631080858665e-05,-121.0433998
13310.54688,7.762419095046277e-05,-7.426254428,6.431094834968292e-05,61.22943020457198
13315.42969,8.016120431589593e-05,-172.4437895,7.125712710139976e-05,-108.5705857
13320.3125,7.037284191161479e-05,21.80828598025853,6.315892179725065e-05,87.73673653065681
13325.19531,4.570045576769458e-05,-130.5267249,5.232682046985501e-05,-72.68874815
13330.07813,3.801101126111732e-05,94.73427145145227,4.847022874497719e-05,135.8340893068255
13334.96094,2.934382173313799e-05,-47.74617651,4.644689139801518e-05,-27.11294131
13339.84375,2.671897601401408e-05,146.022763,3.712744778950335e-05,157.6858907237787
13344.72656,3.733850368240472e-05,-76.94677932,3.791833140551795e-05,-18.28859836
13349.60938,5.969840494077609e-05,83.57046835661568,4.207773668102401e-05,156.7412222199939
13354.49219,7.095026740087747e-05,-94.42463512,4.546640574197053e-05,-23.98717941
13359.375,6.424433782794502e-05,98.59905280353166,5.855363215093145e-05,164.0875681893207
13364.25781,4.105919167294496e-05,-36.16646194,6.511762524916126e-05,-15.10667384
13369.14063,6.113843412630242e-05,-149.7504089,5.815828772827227e-05,170.2308385323858
13374.02344,8.481916533024048e-05,52.02400159150729,4.143859624859469e-05,4.460667102956684
13378.90625,7.123086948101603e-05,-118.1207007,9.717458527278208e-06,-155.5025679
13383.78906,3.606041986426411e-05,79.39667854301294,2.44702118014401e-05,-172.2541612
13388.67188,1.561321988815843e-05,-38.72178855,3.863350740160736e-05,11.70078760631951
13393.55469,2.646636348950466e-05,-132.7956067,3.346624143265853e-05,-159.5773535
13398.4375,3.265417569483082e-05,76.13601026201978,3.298610458975522e-05,41.90028167688815
13403.32031,2.255394113575445e-05,-51.34998908,3.634534851206324e-05,-130.6126502
13408.20313,2.47995762177098e-05,139.3045405089637,3.763926863992312e-05,37.95410979643894
13413.08594,1.646703845079078e-05,-73.06626185,4.644359760063655e-05,-153.1366727
13417.96875,2.548257537054301e-05,3.359037756679865,4.996257727688373e-05,18.00202463274312
13422.85156,6.417206951693489e-05,173.3637911134461,4.651134757434706e-05,172.3023196695851
13427.73438,8.736227174893719e-05,-15.35267289,4.903415722125617e-05,-37.98244405
13432.61719,9.364735190769453e-05,163.9938703271877,4.805832357237361e-05,132.1527085122621
13437.5,8.137141405794336e-05,0.5144567493183588,5.100714644502782e-05,-46.72423234
13442.38281,5.432153134771193e-05,-147.9639775,5.255477809947655e-05,129.8512348059426
13447.26563,4.585758508215566e-05,84.87513829920006,4.275760932443195e-05,-55.28302511
13452.14844,4.580183860102643e-05,-56.63030813,3.683956572912845e-05,125.4294955686922
13457.03125,4.563016812491232e-05,163.9007021288503,3.322269916330381e-05,-59.23952927
13461.91406,3.39746869280726e-05,20.85407765666943,2.65142227366253e-05,93.21844291251622
13466.79688,1.796231484661682e-05,-85.18073749,1.469858432898713e-05,-134.1111159
13471.67969,2.595831204334772e-05,-168.5301495,1.981224127985098e-05,-47.07792164
13476.5625,5.718189873605971e-05,30.90731483722399,3.060396034746274e-05,116.8334890693556
13481.44531,7.609314926935674e-05,-147.1524384,3.644733408151464e-05,-91.72188556
13486.32813,7.07169423743975e-05,32.64604949731842,5.06823391605701e-05,61.30011203729909
13491.21094,5.594575693838366e-05,-154.2782137,5.528728366277021e-05,-131.295772
13496.09375,4.13848057586637e-05,26.26462205850307,5.351244134545152e-05,38.13091828360111
13500.97656,3.154945686860278e-05,-141.0405953,4.838665291451595e-05,-153.4508676
13505.85938,3.597384444616943e-05,64.66041800859811,3.536155646833956e-05,14.46922670759143
13510.74219,4.948874928973814e-05,-91.57071983,2.063134817720822e-05,150.2558207
13515.625,5.359383251128993e-05,89.42462401512263,3.009429805826161e-05,-76.85686367
13520.50781,6.048868072395297e-05,-103.5576608,2.811391597355785e-05,75.15731343416518
13525.39063,6.645696330159927e-05,79.70742401818924,2.850182495177959e-05,-151.733099
13530.27344,5.275349043816828e-05,-95.79647493,1.097591894514809e-05,16.32290961645503
13535.15625,4.380614960229987e-05,73.18481105,2.505342558331228e-05,4.742662706650805
13540.03906,4.300047432733366e-05,-124.2327698,4.446739945661976e-05,171.3047373780282
13544.92188,3.918410222082202e-05,27.05600116729366,6.359564052896518e-05,-23.42450907
13549.80469,4.443817327675592e-05,-165.3977079,7.438414721342165e-05,151.2465514189647
13554.6875,5.21259536445042e-05,6.922706459727347,5.140714105135638e-05,-36.18549824
13559.57031,5.659373671098523e-05,169.2292790800821,2.443794831759637e-05,122.2350783782154
13564.45313,6.161701369111204e-05,-21.35090381,1.189659557423846e-05,-64.76770876
13569.33594,7.56339810204803e-05,151.9821188724313,7.319689835586124e-06,-89.74878869
13574.21875,8.812177903712419e-05,-39.06005346,2.233401307200498e-05,94.64999753253871
13579.10156,8.645978508553244e-05,127.7735848148168,3.075936122613085e-05,-102.1601923
13583.98438,7.512198760111151e-05,-66.86521082,3.795663917835687e-05,86.12960684288646
13588.86719,6.06772658845641e-05,95.83846528295187,4.143709992550779e-05,-79.07781215
13593.75,4.765241577709679e-05,-96.68376789,3.779433183841676e-05,115.3459811884904
13598.63281,3.248615250472906e-05,99.42123317496895,3.654355401213789e-05,-36.78216538
13603.51563,2.931548311397909e-05,-40.18697934,2.994354623176024e-05,147.1705669431022
13608.39844,3.318918561502289e-05,159.8734460106455,1.793185729222851e-05,-54.24051847
13613.28125,3.534947450799414e-05,-12.98762073,6.906380304585992e-06,86.05421753018025
13618.16406,2.9506851675473e-05,175.5505804392842,1.755438846909598e-05,-165.0916245
13623.04688,2.63262179384031e-05,29.54927091513662,2.240466345269038e-05,13.62241086722368
13627.92969,3.991423247863758e-05,-131.7664577,1.621947551181105e-05,-176.7775795
13632.8125,5.549040449275e-05,48.72502994601593,1.960935101254621e-05,14.66616118
13637.69531,6.15449072715589e-05,-131.5406023,2.774125491228761e-05,-140.0321922
13642.57813,5.488320558835771e-05,38.38987445317105,3.760050553105895e-05,58.97074006859429
13647.46094,5.434874281482232e-05,-167.9732763,5.029376397944298e-05,-109.8616727
13652.34375,5.986664034065714e-05,-13.19403513,4.944462737173349e-05,82.32234350508506
13657.22656,6.805122992791982e-05,142.0985658896431,3.561266843981299e-05,-83.1397363
13662.10938,8.059692157223447e-05,-48.63871545,1.829686676999666e-05,89.16549708071069
13666.99219,7.20326956615089e-05,131.8466461042713,1.097236341788391e-05,-167.6398391
13671.875,4.428067284776319e-05,-47.44828789,2.857704117367483e-05,17.90820478661052
13676.75781,2.309959348337362e-05,132.9365775873054,6.339086414426347e-05,-140.470171
13681.64063,1.816635220314583e-05,-50.92686234,8.996021818664404e-05,47.94917008
13686.52344,2.449497541398793e-05,120.5150217105133,0.000104607,-128.6667557
13691.40625,3.670989684927977e-05,-46.88651553,0.000107341,58.28897878
13696.28906,5.624850350540581e-05,151.4436096978091,9.227608050537946e-05,-108.7517579
13701.17188,7.006408455155499e-05,-12.73481577,6.683218763350318e-05,78.85627473278805
13706.05469,6.841704042219179e-05,-174.5937043,4.20260446264532e-05,-94.432053
13710.9375,5.988905395544152e-05,13.67360405405868,2.205563536725546e-05,120.2734394118217
13715.82031,4.814272397661157e-05,174.9893557971672,1.550796377483435e-05,39.72144371974589
13720.70313,4.106325482050995e-05,-45.39008669,3.009656256908832e-05,-111.5348407
13725.58594,4.69968171679481e-05,112.3724600685688,3.091581945981429e-05,61.65164181662412
13730.46875,5.238172879651806e-05,-56.80000803,2.194374855537566e-05,-100.1026367
13735.35156,4.585292051772819e-05,132.7721142,1.879686369013759e-05,108.0328216985221
13740.23438,3.423115822356135e-05,-43.26129443,1.188369834814791e-05,-55.10765458
13745.11719,3.416376862623845e-05,147.5616703142826,9.205202879330635e-06,163.8229394
13750,3.701564514692178e-05,-25.54749418,1.50526363875752e-06,-16.14642858
13754.88281,5.356998278508275e-05,154.0673034083115,9.301844058957921e-06,-16.36945765
13759.76563,7.908012777018427e-05,-17.06527633,4.246176242699651e-06,36.15461599
13764.64844,8.031698005573219e-05,-174.844148,2.756830962069559e-05,-173.8596596
13769.53125,6.764342476538903e-05,23.39549688,3.14677222854248e-05,20.05763908428491
13774.41406,5.441859358986392e-05,-155.0503935,2.59458031135119e-05,-129.7905167
13779.29688,3.967702659325013e-05,40.58623347455782,2.855100427397582e-05,79.22474117557057
13784.17969,2.509971086985087e-05,-105.9488214,3.97113053855094e-05,-65.40307304
13789.0625,2.065250335937844e-05,70.79203883516689,5.619777781197476e-05,138.7909186089654
13793.94531,2.295713021314381e-05,-123.3684369,5.987716974008324e-05,-34.08312707
13798.82813,1.641395138132682e-05,94.42474089273041,5.624287976947656e-05,143.4334540982486
13803.71094,2.883139673984949e-05,-24.4929354,5.256974219375787e-05,-34.38637119
13808.59375,4.474592174483616e-05,-175.3999745,4.39316225866091e-05,150.2084444635371
13813.47656,5.540970321651067e-05,20.57738568,3.157396610197817e-05,-25.52423899
13818.35938,5.93107169045996e-05,-161.7884812,2.051961190936275e-05,-177.9687623
13823.24219,5.536356150411645e-05,13.16861743601511,1.758489889379431e-05,38.34119473
13828.125,4.466784939079416e-05,-160.3768705,1.677512417059206e-05,-146.5846584
13833.00781,4.73720437162174e-05,21.75045372275582,2.043484273684895e-05,33.22416281112439
13837.89063,5.781890672096247e-05,-167.0426586,2.594069751702987e-05,-123.905106
13842.77344,6.626020682140505e-05,16.02637965777883,4.050005989778773e-05,67.10531944
13847.65625,7.429299352694139e-05,-152.6324622,5.294928664896084e-05,-110.2277989
13852.53906,5.865199853831044e-05,37.09531476,4.646365311164573e-05,86.24510279621791
13857.42188,3.184440110226922e-05,-145.7131487,3.834163041827648e-05,-57.44932429
13862.30469,1.457059097156144e-05,-24.50356353,3.873626312591113e-05,175.0981154064748
13867.1875,3.335201842177295e-05,74.86767793732881,6.322339634061273e-05,27.45928218403016
13872.07031,5.986181539553676e-05,-105.6323876,7.652008185148671e-05,-154.3192719
13876.95313,6.774192101101165e-05,75.74183689842242,6.946938039747751e-05,12.75962098298869
13881.83594,5.734761045992911e-05,-123.4371718,5.73585283588893e-05,173.4374006354735
13886.71875,5.158204691756897e-05,37.89001710736832,5.579790055487881e-05,-25.32614849
13891.60156,4.870751428704449e-05,-143.2023191,5.673581733445536e-05,143.2090311454674
13896.48438,4.320879013429958e-05,24.41912350846123,5.384937586162091e-05,-47.49691078
13901.36719,3.059880466160218e-05,173.3577818945825,4.853619000007635e-05,131.3841723676244
13906.25,3.25176923453401e-05,-62.47726478,3.940184831314039e-05,-53.3016519
13911.13281,5.376037710339503e-05,92.91379397790011,3.561488699686143e-05,104.2283772334202
13916.01563,5.814596317574219e-05,-98.20440524,4.187079603714277e-05,-74.76067539
13920.89844,4.015326548921087e-05,74.31115134733291,4.990007420160838e-05,118.2752912392401
13925.78125,1.716807169288388e-05,-142.1268796,5.807542730755477e-05,-57.10314043
13930.66406,1.897046821903087e-05,-40.29528725,7.366719486801186e-05,130.9492493735266
13935.54688,2.274428687967483e-05,93.14453839086906,8.281710581002456e-05,-35.44058093
13940.42969,2.042559287012352e-05,-114.0099938,6.888887562299252e-05,157.9406486153096
13945.3125,7.074754020239644e-06,-12.50573571,4.038548101965368e-05,-11.47544251
13950.19531,1.681371377860345e-05,113.6369132939492,1.373460885240893e-05,-132.9616234
13955.07813,1.169017181052751e-05,-42.81398836,3.044217345480589e-05,121.1545432808545
13959.96094,1.150090375522608e-05,159.5148836072746,3.766624025795276e-05,-40.06056224
13964.84375,2.167909958260554e-05,-35.57566986,2.668559885782221e-05,160.0488213231889
13969.72656,3.790824904151036e-05,154.4142958594486,1.051266647357756e-05,76.48810053073565
13974.60938,5.297621744779228e-05,-30.88497912,3.363768610186375e-05,-53.32290023
13979.49219,5.037163863909461e-05,125.0912376851738,4.450993669347058e-05,122.7389373314441
13984.375,3.529441248789667e-05,-84.88433151,4.22991275913652e-05,-62.31052814
13989.25781,2.490341600964853e-05,57.99254843565369,3.637613135031253e-05,134.9802927597257
13994.14063,3.353358466561545e-05,-144.38293,4.114490677567412e-05,-24.44032037
13999.02344,3.241448661672648e-05,54.24666228199806,4.710826971522305e-05,160.3861866738597
14003.90625,3.346078890139777e-05,-62.92550458,5.649880957558694e-05,-15.43608805
14008.78906,5.146256530900196e-05,135.5709163046832,6.61696589254853e-05,162.4535225983574
14013.67188,5.222520911854389e-05,-42.37328755,5.715800762710205e-05,-19.3331847
14018.55469,3.733994296035376e-05,156.4418007322136,3.575620701446259e-05,179.4805074074559
14023.4375,2.263156542450869e-05,-10.64374646,2.71431763867892e-05,28.58498192584402
14028.32031,2.295446354201836e-05,108.8494476107131,2.170296536918206e-05,-124.0721888
14033.20313,3.988718583421043e-05,-86.27014824,2.377771701652501e-05,92.38215001848191
14038.08594,3.166866722932537e-05,105.4155301581264,1.715065914925208e-05,-72.69225879
14042.96875,1.712226871783544e-05,-39.165775,5.137572105264937e-06,93.67254297921262
14047.85156,7.24906334339963e-06,-153.3904636,1.448540188301792e-05,-110.5377322
14052.73438,2.592955301058308e-05,118.0037429135967,2.579990095168121e-05,76.28423136445144
14057.61719,3.215156524144427e-05,-39.91264772,2.297296297840641e-05,-112.4418618
14062.5,3.180460307822735e-05,-150.7698482,2.572008609754863e-05,35.55839628867347
14067.38281,5.025777095508223e-05,50.98253226133569,3.162415161770133e-05,-168.2610524
14072.26563,5.169778259694201e-05,-128.4409095,3.236428226944921e-05,-7.682441969
14077.14844,3.503575248522548e-05,50.53845988993547,3.65662121463522e-05,171.0441105977653
14082.03125,3.097888937796787e-06,147.3977572307476,4.635596313787859e-05,-13.10545234
14086.91406,2.06334190331411e-05,-118.823685,0.00010241,134.4531385
14091.79688,2.799002175582921e-05,41.88271539,0.00022337,-56.64200474
14096.67969,5.405590753568242e-05,-159.7706166,0.000291894,122.7162825690803
14101.5625,7.371607312188387e-05,11.00216529448277,0.000303837,-58.25744812
14106.44531,6.948693470590016e-05,-165.9818441,0.000271631,119.0492009090872
14111.32813,7.123288607954178e-05,30.91155281621103,0.000150595,-63.10104741
14116.21094,6.900528953247553e-05,-137.7228054,4.271174392737146e-05,102.9703166900776
14121.09375,3.559546496355168e-05,53.82540355072473,2.179403864273467e-05,-124.5250795
14125.97656,1.523075038843258e-05,8.886160748186347,1.902369779129102e-05,50.49600336243469
14130.85938,5.604126944629128e-05,-140.8149596,1.289547459819872e-05,-99.67743322
14135.74219,8.07136143076869e-05,46.60696827271471,1.582019733317261e-05,141.2688890025928
14140.625,6.496097870801692e-05,-128.7523673,1.780722420979969e-05,5.363008844640522
14145.50781,3.63260734596403e-05,64.97663680250776,1.399565305555119e-05,-109.668977
14150.39063,3.675813611471952e-05,-76.06187581,1.545976567841676e-05,132.3486073586574
14155.27344,4.494348417657444e-05,136.0585018101184,1.409629029244882e-05,-5.266098106
14160.15625,4.275948369244092e-05,-26.67442014,1.70205036758446e-05,-174.7361931
14165.03906,2.669633772789602e-05,154.9766423987813,2.045018708999737e-05,-29.03402977
14169.92188,2.431737977685472e-05,71.69317857012678,2.960477130276257e-05,87.80808422044029
14174.80469,6.749161082609512e-05,-91.92874658,4.863081048094881e-05,-116.828935
14179.6875,8.895938976852034e-05,86.44686972539768,4.973523130434287e-05,59.45461929290645
14184.57031,9.510971496360477e-05,-96.76259915,4.647664573693291e-05,-124.5924521
14189.45313,9.49993428405821e-05,73.05270563743056,3.365576434613442e-05,41.36054109803272
14194.33594,8.37653291995052e-05,-119.9116002,1.021606744175039e-05,137.6229393252657
14199.21875,5.506431660524202e-05,52.67431682575045,3.611010307175308e-05,-136.3425294
14204.10156,2.599679196650602e-05,-132.3261392,6.322511825327186e-05,31.59494600056365
14208.98438,1.047035027630111e-05,8.961107951902752,7.835089756240986e-05,-148.1939915
14213.86719,1.430222917807803e-05,130.2690433069483,8.069874636599282e-05,33.47130337165061
14218.75,1.780767836492356e-05,-42.5279796,6.308649950213261e-05,-140.8098434
14223.63281,2.508415976107284e-05,-168.0244631,3.785225885978294e-05,53.26469060297128
14228.51563,4.780859667815553e-05,39.80527290673454,2.347586261232736e-05,-104.9174524
14233.39844,6.669650517751518e-05,-133.5989074,2.291969309659908e-05,92.30316956083109
14238.28125,8.484415596869921e-05,45.42189184481015,2.434212938518513e-05,-89.36538729
14243.16406,9.929217065094871e-05,-137.9286244,1.900566710743698e-05,82.52633967150966
14248.04688,9.154788866122495e-05,42.14775427324876,1.764071218392446e-05,-72.75951435
14252.92969,6.90012421693831e-05,-129.5342769,2.707626940161411e-05,133.6294558999999
14257.8125,5.768340784974152e-05,63.22554871215515,2.851095546802149e-05,-27.62042566
14262.69531,5.281588284728092e-05,-107.3086873,2.462995939002478e-05,173.3098883418012
14267.57813,4.038879875816418e-05,73.59404461119344,1.670220107168794e-05,-10.87972857
14272.46094,3.390997006428278e-05,-134.9487006,1.394372101335125e-05,104.3752372
14277.34375,4.600188632691411e-05,32.89098622820446,2.054043211519551e-05,-112.1093373
14282.22656,5.019819950848431e-05,-136.0752846,1.752928514823594e-05,58.63106833540748
14287.10938,5.107985351649626e-05,58.74138814234191,6.490499894480578e-06,-104.0625539
14291.99219,5.727793955429258e-05,-104.9548292,9.010904806664421e-06,-168.1002432
14296.875,5.745884469122767e-05,97.06777039365711,1.80398914394241e-05,5.991940106211016
14301.75781,4.605616997447581e-05,-59.39843452,1.805037563954566e-05,-177.90097
14306.64063,2.005171390426804e-05,112.2451010408462,1.408326500332235e-05,5.289870313309988
14311.52344,3.19687388433792e-05,-142.4433824,9.875605321284665e-06,171.821332
14316.40625,6.221466787839756e-05,28.47408864781232,7.886233367384399e-06,5.877878296
14321.28906,8.236071971021497e-05,-163.5852747,1.546362953548909e-05,-136.9414218
14326.17188,7.392939901557449e-05,17.94540681179283,1.70302945077649e-05,37.67671581138448
14331.05469,3.478374460381962e-05,-127.3139791,1.228053635117016e-05,170.6022977361833
14335.9375,3.462837093133123e-05,141.3441985,1.015905910481514e-05,-84.96292185
14340.82031,5.279263278520782e-05,-21.94912199,1.861693257736419e-05,37.24707178050538
14345.70313,5.797459791898017e-05,144.1131325017748,2.719215954050379e-05,-152.927623
14350.58594,6.45364101875538e-05,-64.06113384,2.18964035758718e-05,17.50257139729503
14355.46875,5.843004146365021e-05,90.27002750102289,5.570695245058271e-06,119.4811454898441
14360.35156,4.571180332576915e-05,-127.9465301,1.180507293119595e-05,-141.6928784
14365.23438,4.147413940789223e-05,27.54309079964192,1.740449932429226e-05,30.13900094667038
14370.11719,2.471641964005951e-05,-172.8225348,2.196624272758965e-05,-156.4900191
14375,1.315206824806331e-05,-54.28911743,6.41346744828304e-06,30.10503177806934
14379.88281,1.549910927326802e-05,33.54322805099512,1.809761807182283e-05,-18.32911569
14384.76563,3.323899477647953e-05,161.4111826,3.381886824613905e-05,158.6102483216261
14389.64844,5.191156624473963e-05,-36.0461085,3.853601223001333e-05,-15.8217521
14394.53125,5.809137493959339e-05,139.6922140879816,2.373320916379071e-05,164.1835202275676
14399.41406,5.286951551720255e-05,-39.84795593,7.182250547733249e-06,174.2366403466113
14404.29688,4.409920479210823e-05,163.7717623,4.259325221404995e-05,-21.0412457
14409.17969,4.449020820509564e-05,26.80149050120012,6.718705225188486e-05,164.6043009571605
14414.0625,4.500048961048053e-05,-106.5199196,6.981141311893903e-05,-10.14544112
14418.94531,5.936842311605444e-05,117.2215467666549,5.287235782442476e-05,166.4118460661676
14423.82813,7.621321531423764e-05,-42.28202291,3.305380496712084e-05,-16.92230912
14428.71094,8.066595386410967e-05,149.6162492332106,2.076689867160936e-05,152.5806329946409
14433.59375,7.142686348686663e-05,-15.4989513,2.086935518254381e-05,-69.6465
14438.47656,4.576331655701868e-05,176.2400032441532,3.285633692025356e-05,108.3944599
14443.35938,1.851682264478248e-05,2.233320331977691,4.641661639900045e-05,-51.54762638
14448.24219,1.472848844903098e-05,-109.9434951,4.876161500528937e-05,139.6431472885456
14453.125,2.677931197569477e-05,116.5656737243638,3.988370607568197e-05,-33.58127858
14458.00781,3.577332696566706e-05,-42.41703825,3.626337540038241e-05,152.1076278981009
14462.89063,5.464229336021373e-05,136.7031022673026,3.173203977286907e-05,-29.43643114
14467.77344,8.293430462214678e-05,-46.0811957,2.63554709289594e-05,143.8509388856224
14472.65625,9.156544317447926e-05,127.2851246350486,3.168756754340695e-05,-42.63507677
14477.53906,8.82609807653578e-05,-59.18430288,4.053138687201658e-05,129.7553369215071
14482.42188,8.657466305673007e-05,114.1542179987596,4.026147834148953e-05,-60.98427574
14487.30469,7.684483511062255e-05,-88.93887668,3.399931877338072e-05,95.69438464347853
14492.1875,8.095323353658643e-05,65.82824396414227,3.809874085712523e-05,-126.7678031
14497.07031,8.891221105034195e-05,-121.7705179,5.640873620843695e-05,31.05896690845408
14501.95313,7.599183911523405e-05,50.65458520698046,5.824568472938535e-05,-151.8601742
14506.83594,5.054774042449764e-05,-120.1290333,4.077007233358422e-05,19.19545074984106
14511.71875,4.466600409055048e-05,84.61967122535114,2.162032472229723e-05,169.8315326189949
14516.60156,4.131374020337384e-05,-95.74751513,9.288978589051287e-06,-100.2265046
14521.48438,5.099826536136507e-05,86.21634180114256,8.770188448709102e-06,58.05894683230078
14526.36719,7.15340036584949e-05,-99.57488234,1.680477969893332e-05,-0.620871383
14531.25,8.141058341042926e-05,71.38207792809408,3.4723530311399e-05,-150.8643359
14536.13281,7.411005747298082e-05,-107.6926913,5.36835778221868e-05,57.78917383066444
14541.01563,5.239160067521171e-05,77.09275960727233,7.411412218878873e-05,-99.29591979
14545.89844,2.938457001768239e-05,-121.7134368,8.689723122623826e-05,102.4333296052034
14550.78125,4.144937177818969e-05,-7.044160764,9.972398449136643e-05,-66.36997143
14555.66406,8.092170626551583e-05,147.4172557787083,0.000112808,116.8233541618864
14560.54688,0.000112137,-35.06827986,0.000121264,-56.22080399
14565.42969,0.000136597,155.2894450199776,0.000124271,132.2691032608513
14570.3125,0.000144966,-18.9746817,0.000129433,-40.90475609
14575.19531,0.000122029,166.5083968708256,0.000130561,146.9368266080243
14580.07813,9.076355585828343e-05,-6.805100233,0.000112286,-25.13058757
14584.96094,5.245042644308622e-05,174.5614469185088,7.966178129121987e-05,160.5614724
14589.84375,1.755081533780673e-05,38.61915321016884,4.798931889491257e-05,-14.68469435
14594.72656,2.39543634137562e-05,-71.35022196,1.792281636203793e-05,173.1065494380191
14599.60938,3.687140666926249e-05,102.1939141512455,1.641560840568124e-05,107.8172763777631
14604.49219,5.532572080582919e-05,-102.7281722,3.870081577411329e-05,-70.91508792
14609.375,6.197243006247789e-05,57.66953172566264,4.712255504545579e-05,102.6232423295649
14614.25781,7.289524884798711e-05,-128.1466911,5.087249520858446e-05,-83.1678071
14619.14063,8.212193884121528e-05,57.12790725,4.712726883551788e-05,94.00754299134893
14624.02344,7.740875335119152e-05,-112.205221,3.257491866999064e-05,-89.74488117
14628.90625,8.342025918062866e-05,76.63209797275341,2.421446812128176e-05,83.64674512003836
14633.78906,7.108017594172038e-05,-104.8574182,2.539724103209205e-05,-100.6120916
14638.67188,4.348553043201914e-05,46.63369526100423,2.569263322054681e-05,72.10368303
14643.55469,5.297302663903394e-05,-160.9845151,2.229598073328154e-05,-116.5480037
14648.4375,5.22409048029085e-05,15.37139604067824,1.302633321681938e-05,63.72050275
14653.32031,3.759150670149032e-05,-159.7255383,4.432301603588392e-06,40.58826152190088
14658.20313,3.371506097526625e-05,75.32924900608511,2.05913755110196e-05,-129.1049965
14663.08594,4.851074393237539e-05,-52.66398396,2.83768885028135e-05,43.51966366718483
14667.96875,5.212115505070811e-05,161.1208767434211,2.529468638533753e-05,-123.805223
14672.85156,5.191701941575937e-05,-3.921687617,2.221056160830789e-05,86.97006709871388
14677.73438,5.146493582173961e-05,179.8201678990015,1.344219840950516e-05,-87.01584416
14682.61719,3.586988882613989e-05,11.42245860356594,4.731274912995916e-06,144.5498793300675
14687.5,1.39435921356291e-05,-133.3688222,1.320247587565358e-05,-22.32719764
14692.38281,1.410790898052538e-05,124.1615807786551,1.687017802184266e-05,131.4020712717215
14697.26563,2.226921241545726e-05,-24.35594641,1.977930823332237e-05,-75.73941694
14702.14844,2.85453618224934e-05,-170.5554314,3.066064958286948e-05,89.15321060298518
14707.03125,2.27585886931146e-05,26.88842123375471,3.912213250607548e-05,-112.9614969
14711.91406,1.049665275666621e-05,9.579775351470319,3.972265946915773e-05,33.82975957985796
14716.79688,5.114569540867524e-05,-155.7474357,4.723111492631105e-05,-171.9277736
14721.67969,7.482650487697796e-05,39.65052345648503,4.952256978612155e-05,-0.058110657
14726.5625,7.642871472316696e-05,-119.0220106,2.749451505090448e-05,161.8965317297332
14731.44531,6.417526126649015e-05,85.68898093010269,1.629338180667331e-05,-96.22181197
14736.32813,5.898287949793378e-05,-55.51563327,2.184386795692321e-05,35.61409868763862
14741.21094,6.684949989055508e-05,157.1007857832997,3.188256049474546e-05,-173.1524631
14746.09375,6.793672770128346e-05,-14.73524387,4.061100678380274e-05,-2.872998989
14750.97656,6.718142775250385e-05,162.2212017198768,3.536658716747309e-05,171.8909760377537
14755.85938,6.066631795595688e-05,-5.11578958,2.066627179374873e-05,-4.962064503
14760.74219,5.374035492799927e-05,-169.5359047,1.310693704342243e-05,-156.8506626
14765.625,3.372563148641885e-05,3.752071776344697,1.114075530626067e-05,95.04421588810139
14770.50781,4.850173062048738e-06,44.84074550356112,2.486267673382312e-05,-31.17344366
14775.39063,3.139923936261765e-05,-177.1521131,2.49662856163364e-05,-179.2507652
14780.27344,3.971860187714251e-05,14.95400268466343,2.391082946640962e-05,49.94110708782988
14785.15625,3.857676663447905e-05,-167.6501315,1.853165591256229e-05,-106.1147223
14790.03906,2.723281511458716e-05,-18.5008704,1.470338549269817e-05,116.8904535629965
14794.92188,2.079172180634369e-05,129.1474630205795,1.052188335200444e-05,-44.83559477
14799.80469,2.668956343586883e-05,-50.56349863,1.643222692783625e-05,-83.53492461
14804.6875,3.628515709064925e-05,139.0933866,4.191305502721609e-05,102.4021875
14809.57031,4.075311585550726e-05,-35.44721476,5.987742750505238e-05,-76.59725454
14814.45313,3.561918306886733e-05,143.6054868746219,6.881183700187965e-05,99.9415914
14819.33594,2.393751595643065e-05,-21.90590517,5.63094278629827e-05,-83.91036752
14824.21875,2.177037894266239e-05,-171.3809404,3.395909236340094e-05,88.59424189661298
14829.10156,1.303910098856696e-05,33.57115140274619,2.067906008297796e-05,-128.8600853
14833.98438,6.980921239422241e-06,-38.20317505,2.988999598356144e-05,3.939690360922864
14838.86719,1.830196836289883e-05,-139.8129941,4.832002041086757e-05,174.2779835030784
14843.75,4.41494902873218e-05,64.52530424026912,5.781915162595063e-05,3.072284806427129
14848.63281,5.883790131565904e-05,-121.458129,5.500090159093664e-05,-167.9083799
14853.51563,6.301485862105954e-05,40.32202129,4.123819322641957e-05,10.52543004
14858.39844,6.315987176097261e-05,-149.2220618,2.902435067812907e-05,-156.6771056
14863.28125,4.916578842979279e-05,14.62057702386357,2.582992935602056e-05,29.77172435019056
14868.16406,3.91033414349018e-05,163.0671513,2.218823641752239e-05,166.4501446334872
14873.04688,2.312011473111443e-05,-34.49664302,2.450711294169535e-05,-39.13910463
14877.92969,2.206731704118735e-05,7.548017541669458,2.247278072272014e-05,153.1024757823646
14882.8125,5.849698329702053e-05,175.8714810466082,1.693858391592049e-05,-13.91781736
14887.69531,6.918741462855945e-05,-11.33077434,1.070031036293631e-05,-132.8960395
14892.57813,8.197171869005005e-05,162.5955084474697,2.954717523342626e-05,80.34419577380611
14897.46094,9.163367511799841e-05,-21.77440196,4.434970202486122e-05,-91.20644779
14902.34375,8.136105308344565e-05,150.2310840043711,4.914937645749677e-05,103.5094283849015
14907.22656,6.967820685286662e-05,-35.89835046,5.260952273727356e-05,-67.13963995
14912.10938,6.488273182404312e-05,143.9041936509894,5.353021785493296e-05,120.8943810313129
14916.99219,4.788999160322263e-05,-36.19787394,4.579511520067951e-05,-41.10582593
14921.875,1.283578539282805e-05,112.2965199546916,2.846751243235707e-05,162.8203873822594
14926.75781,3.506304085237283e-05,175.5546495060748,9.542561539428434e-06,23.53970433096231
14931.64063,5.964900974759755e-05,-11.56455951,1.405510399937577e-05,-82.98649882
14936.52344,6.048469925969488e-05,170.3286571,3.073719041333224e-05,115.1064261551763
14941.40625,5.288197940402055e-05,-1.50251636,4.401676017718893e-05,-39.04915378
14946.28906,4.139786668751955e-05,-169.4355698,4.756761198324162e-05,159.6456498
14951.17188,2.243147786596274e-05,41.63539382823352,4.134076775806354e-05,-19.31967663
14956.05469,1.806120729747929e-05,-108.1937104,2.695573919164402e-05,166.1990317304656
14960.9375,2.044370229906063e-05,38.89263730536216,4.526249494016801e-06,89.39097770069411
14965.82031,1.240259043833806e-05,-152.1743512,3.114108370512695e-05,-2.778401376
14970.70313,4.38230534543393e-06,-161.1320741,3.688994229572969e-05,176.8919302457471
14975.58594,9.585398426144669e-06,64.35085507773863,1.574349629533091e-05,-13.3229353
14980.46875,1.639709651949382e-05,-152.7618011,1.204141553022834e-05,-42.11464152
14985.35156,3.107587329840863e-05,-1.152753467,3.201509451297066e-05,160.7542940035282
14990.23438,2.929541674802677e-05,164.8301256925702,3.856473466252768e-05,-13.66997623
14995.11719,2.631656051295149e-05,-36.7404502,2.153026084133191e-05,141.9066637633046
15000,3.270273750212846e-05,138.2650031203376,1.239109823947806e-05,-171.8644245
15004.88281,3.266690538823813e-05,-24.97368062,3.356509325004818e-05,-24.55072516
15009.76563,2.503292942092447e-05,-164.7217418,4.046175544551228e-05,157.5184557891054
15014.64844,3.843580214386449e-05,63.51892115,3.426998504147902e-05,-12.87515547
15019.53125,5.735978304182141e-05,-99.03711886,2.126205108061849e-05,-173.0647195
15024.41406,5.652787103293929e-05,98.14734232147225,1.664689504978908e-05,51.22266948
15029.29688,5.050565618919114e-05,-75.93493957,2.475710926461259e-05,-116.902004
15034.17969,3.967632262188874e-05,73.10604421,2.962912923331523e-05,32.85457866848773
15039.0625,3.706428962031669e-05,-159.4330431,3.940652132043582e-05,-170.5392463
15043.94531,4.259183864822233e-05,-4.076217702,4.282826299733316e-05,8.741572577415312
15048.82813,4.439751564068474e-05,-177.7698361,3.252193730158505e-05,178.8952035516373
15053.71094,3.935965794906701e-05,24.68549757618006,1.79398707259768e-05,-28.54182996
15058.59375,3.170615643120861e-05,-132.6166306,1.206165750381147e-05,92.05602126018164
15063.47656,1.845079471936292e-05,51.99737356768433,2.962927527963203e-05,-118.6848479
15068.35938,1.056809406041104e-05,-48.65660511,4.978115681277512e-05,59.22158426175093
15073.24219,3.494614708419952e-05,172.5263828,5.993207129957893e-05,-124.9440465
15078.125,5.747517833406118e-05,5.568131798646252,6.0405610740809e-05,49.68515592482225
15083.00781,7.532443428432217e-05,177.3759842891038,4.796667110933908e-05,-134.4134242
15087.89063,8.443196601185111e-05,-24.84432642,2.773280770190002e-05,35.18150302153225
15092.77344,7.827266139412759e-05,135.591428,7.331814562066404e-06,123.4072192422956
15097.65625,5.740078810152542e-05,-63.09685558,2.407656948511677e-05,-138.6531664
15102.53906,3.561758508967774e-05,84.28503968138365,2.756464738333922e-05,12.37084159925058
15107.42188,2.473769198078238e-05,-141.0567894,3.346303330971126e-05,171.9596678612954
15112.30469,1.962697727580374e-05,5.768426979517518,4.469225168643462e-05,-25.14278719
15117.1875,1.1954201311995e-05,-168.6551762,4.727137529268832e-05,136.4038027785271
15122.07031,1.660394893889351e-05,101.6938571837377,3.783730870865525e-05,-44.583389
15126.95313,2.933412129083129e-05,-51.0874231,2.888239435944925e-05,151.5368932111092
15131.83594,2.957875723903993e-05,157.3745203,2.376457979285175e-05,6.068180688643539
15136.71875,2.924992682769651e-05,5.324422404196428,4.159043367734805e-05,-142.1628151
15141.60156,2.562676867638627e-05,-135.096133,6.511375488033325e-05,37.28701974887997
15146.48438,2.580859036631743e-05,80.70811679,7.578757240686401e-05,-148.1978423
15151.36719,2.072867482527872e-05,-57.61340165,7.053384725359081e-05,22.34491948932407
15156.25,2.644022983590691e-05,172.746664,5.80293176986991e-05,-177.0750995
15161.13281,3.187661292398256e-05,35.21625624059566,5.690831775516675e-05,-15.76466017
15166.01563,4.335436280080016e-05,-122.4948324,6.22342910148116e-05,153.8883281996439
15170.89844,4.973628539146731e-05,60.11294274709221,6.894218461833053e-05,-32.24468747
15175.78125,5.088277295867432e-05,-108.6413922,7.375899084282431e-05,155.0120074
15180.66406,4.393772104656604e-05,82.33237323029901,6.779362236763546e-05,-11.89243325
15185.54688,3.272349072207199e-05,-93.80141458,5.394511661859585e-05,177.5440789804882
15190.42969,3.35111858465164e-05,107.9428639262838,4.785385268719915e-05,12.34282569652565
15195.3125,3.592473932503425e-05,-60.97667661,4.978615654533944e-05,-141.5319031
15200.19531,2.968318063110555e-05,87.35755376601034,5.241913494479006e-05,60.92968073327185
15205.07813,3.638293948183792e-05,-120.1637796,5.093504641875884e-05,-111.0534815
15209.96094,3.738710838774594e-05,37.35620075456763,3.976850585531325e-05,72.15648602428536
15214.84375,5.80274642158419e-05,-163.6026765,2.307224789043858e-05,-112.3262956
15219.72656,8.093274293596519e-05,23.54765098,1.692439500192051e-05,11.54349277546472
15224.60938,8.146097917028222e-05,-144.9372787,2.506332768721699e-05,144.7629427
15229.49219,6.553268578756298e-05,47.05534724729522,2.935781115683658e-05,-52.19271713
15234.375,4.435328605282508e-05,-115.3556386,2.465038661093702e-05,117.2504455301889
15239.25781,1.476553122700595e-05,117.7855171515135,2.081346196887746e-05,-101.3625272
15244.14063,2.931851829065525e-05,47.98091676449496,2.950446426478131e-05,45.71701417270197
15249.02344,4.282299922325507e-05,-102.8759889,3.970886839133622e-05,-146.8842327
15253.90625,4.736088885814324e-05,99.21831405559217,5.291993813820248e-05,27.96369731648314
15258.78906,4.594396532659801e-05,-67.08427292,6.765965556161702e-05,-155.8672967
15263.67188,3.878318009934425e-05,127.2398203165541,7.058983521651754e-05,24.10255646679098
15268.55469,3.854697175866868e-05,-26.79699065,6.170929345028248e-05,-152.8076796
15273.4375,4.68357680354682e-05,166.1304122344413,4.593514782959492e-05,26.27117352030004
15278.32031,4.702153528976165e-05,-29.76115,2.112554870068618e-05,-144.2801927
15283.20313,6.199198745236695e-05,118.9224540544333,1.487138599308572e-05,89.92389515530141
15288.08594,9.245210807155821e-05,-81.80101351,2.155716048882895e-05,-83.5229885
15292.96875,0.000117439,83.87779476962372,2.362561425048206e-05,98.46638253743281
15297.85156,0.000112404,-99.29413502,2.5949331603012e-05,-69.21487676
15302.73438,6.556071110710175e-05,83.83425855,2.935437546884098e-05,128.9710284489988
15307.61719,1.072554526071967e-05,-54.09703209,0.000108483,-113.1466341
15312.5,2.682851655177672e-05,-139.7690285,0.000707974,52.52929593
15317.38281,2.565407510135503e-05,54.86658699039982,0.00159421,-129.1032575
15322.26563,1.636135773609873e-05,-86.36892941,0.001919626,50.66250219091943
15327.14844,1.39737074119039e-05,157.3134768,0.001918921,-129.4323812
15332.03125,2.120384385928197e-05,-2.624994383,0.001659065,50.39249510415603
15336.91406,1.323797042543847e-05,-148.611494,0.00080472,-129.297856
15341.79688,2.215832477717517e-05,118.3181161,0.000120852,53.43206681275304
15346.67969,3.393623307475892e-05,-38.66728267,2.570671367904796e-05,43.66201372909454
15351.5625,2.684413599590431e-05,156.3956181809353,1.481853815111081e-05,-120.4275198
15356.44531,5.993202429595229e-06,44.61457907,1.117649692808336e-05,94.53416544026074
15361.32813,1.783849516930043e-05,-27.22926354,4.903777441559877e-06,-42.51071228
15366.21094,2.688871626370489e-05,-161.1467253,2.102095318811352e-05,-146.1765736
15371.09375,4.162996328675935e-05,66.33717866587676,3.604019638412955e-05,31.57924881782274
15375.97656,5.548817080905413e-05,-79.89741437,3.432275363692487e-05,-133.9900052
15380.85938,4.900407468725788e-05,118.7669180714014,3.662850190057588e-05,58.27839709493546
15385.74219,1.556004303434578e-05,-25.8249491,3.728574800444413e-05,-136.7279709
15390.625,4.128846144908131e-05,-85.24502698,2.14511888114003e-05,29.77550132379513
15395.50781,7.907483697886674e-05,116.0560970919367,8.531903879949713e-06,-166.2173207
15400.39063,0.000100944,-45.40115473,1.272777372098027e-05,-0.927247077
15405.27344,9.622111096520931e-05,147.1264548849147,8.549703527803325e-06,-159.7998194
15410.15625,6.883880032340369e-05,-16.23943951,1.149613008367473e-05,79.52685821357585
15415.03906,5.024391943068397e-05,-150.5974772,2.149140975709945e-05,-113.3390899
15419.92188,6.968820829996467e-05,77.84623068983791,2.702704205240281e-05,60.01091186876728
15424.80469,9.023920740053816e-05,-77.82639759,2.085997386249748e-05,-123.225351
15429.6875,0.000101153,113.9373513225744,1.006010411522381e-05,40.03280069111647
15434.57031,0.000105827,-66.22971451,3.70340045729554e-06,-139.8795589
15439.45313,0.00010089,108.1934548943679,8.615616920198396e-06,98.49333231704023
15444.33594,9.038344586791647e-05,-79.05118704,2.096787846904797e-05,-96.35574062
15449.21875,7.712408837565069e-05,85.09944322846353,3.487038062556681e-05,74.25617653
15454.10156,6.174837505994628e-05,-109.6972604,4.225403778034858e-05,-103.3531755
15458.98438,4.403883906340558e-05,79.79227633214654,3.07969056898377e-05,87.81926718899939
15463.86719,3.100688618904532e-05,-95.77766011,5.785993712959906e-06,-13.10087629
15468.75,2.440777401100583e-05,66.15765055437042,2.43447978836655e-05,-109.1664356
15473.63281,3.083228154023269e-05,-118.57619,3.020826587544083e-05,84.78870477743774
15478.51563,4.203418834430991e-05,38.08027060446297,3.400053683650975e-05,-65.74269202
15483.39844,5.555993290067771e-05,-160.7466017,3.947314439938195e-05,139.6774129337137
15488.28125,5.952821732109678e-05,21.91807452775581,4.246885620177817e-05,-13.19519251
15493.16406,5.249565196277339e-05,-147.8007327,4.677785484252632e-05,179.2348101808324
15498.04688,4.080329155477532e-05,48.61135706916023,4.868366697810024e-05,-0.315390733
15502.92969,3.502366346499198e-05,-113.2252417,5.09186946972718e-05,-173.4582311
15507.8125,2.516664474167877e-05,114.0599295,4.283007427222338e-05,19.56193135
15512.69531,3.69108587474018e-05,-1.410751818,3.5583769527945e-05,-135.8070131
15517.57813,4.333977225454139e-05,-160.1714059,3.977764185084069e-05,68.03238912947688
15522.46094,4.635062461265981e-05,21.23495313611512,3.671125794324888e-05,-91.74717474
15527.34375,3.779756245547153e-05,-153.0866905,2.32393677067641e-05,99.23536429577139
15532.22656,1.20187909980963e-05,37.62383809836275,7.239896843840452e-06,-106.9331526
15537.10938,5.827212091240698e-06,48.28694523220111,1.661383986662074e-05,-39.81078231
15541.99219,1.411883025083875e-05,-163.9475082,3.678323297677361e-05,131.7599347945155
15546.875,1.332577580815633e-05,5.023988489103252,3.488803881034941e-05,-45.62742054
15551.75781,1.16554269530625e-05,88.26794743734037,1.803669392752394e-05,159.3871170575375
15556.64063,3.031230414428094e-05,-114.5559289,9.233781793984821e-06,16.84055279111015
15561.52344,3.266418587789615e-05,44.44068482725456,5.996961341026356e-06,-30.72930139
15566.40625,3.350265209193119e-05,-154.5086879,1.646077880935262e-05,-174.9789949
15571.28906,2.280372134605588e-05,9.829455301051066,1.96721521934328e-05,58.95597849839235
15576.17188,1.971167925737411e-05,123.6788095830914,3.231229886932652e-05,-84.25096099
15581.05469,1.367199524947044e-05,-75.75038226,4.365584907758258e-05,102.0027402142864
15585.9375,1.085116304476188e-05,-57.43255895,4.5966311469381e-05,-81.4409823
15590.82031,2.166194566170878e-05,111.2775148178462,3.441357766791141e-05,86.64801005374302
15595.70313,3.170261368139378e-05,-75.58088139,2.713061144978126e-05,-118.5009506
15600.58594,5.633178664785398e-05,107.0450933069192,2.950490155499876e-05,25.93407575718239
15605.46875,6.906504275660199e-05,-67.29888141,3.369826387877184e-05,164.9394122340853
15610.35156,6.533363290781401e-05,131.7664069791582,2.937422626455331e-05,-45.74911912
15615.23438,8.554645043022755e-05,-30.68927278,2.297998831153753e-05,103.4551341376988
15620.11719,9.922943890488337e-05,155.0275046972963,3.332369325903161e-05,-104.7633086
15625,7.680673983864344e-05,-11.22438749,4.083824984051386e-05,60.10162952679345
15629.88281,5.757456419271819e-05,-165.9146658,3.479978185350242e-05,-128.8379766
15634.76563,5.29163866703545e-05,29.25852653149979,3.421043233618734e-05,58.93860455012999
15639.64844,5.075480285193786e-05,-148.8099649,3.624832803756086e-05,-115.4058743
15644.53125,6.262605718995157e-05,21.40226530112625,2.629235374974994e-05,51.90126815704159
15649.41406,8.448965071647185e-05,-172.6057778,1.907969183662201e-05,178.8511914221141
15654.29688,9.487326690687751e-05,-10.91940368,2.064726999066857e-05,-57.26220013
15659.17969,9.099682571194986e-05,152.3145941,3.200005825267697e-05,58.58397428651788
15664.0625,8.076974674432744e-05,-35.04514483,5.803489506882961e-05,-137.2498433
15668.94531,7.236348740298037e-05,150.7272053,7.29797312590851e-05,33.79903379625685
15673.82813,6.50508382948211e-05,-7.479966492,7.361092166570724e-05,-164.6459885
15678.71094,6.113821714056368e-05,-158.0527472,5.459338645073472e-05,1.288150972209392
15683.59375,5.904041544296477e-05,48.56923694358941,2.921427735844713e-05,174.7552895560151
15688.47656,5.915474862557644e-05,-113.6381676,2.070195142587853e-05,-10.18095606
15693.35938,5.036196802020467e-05,74.32603878606582,2.166035989212678e-05,-172.6598874
15698.24219,3.81792052291791e-05,-117.3430131,4.215165972275773e-05,38.70060221534651
15703.125,5.2567596629932e-05,37.19842123226856,7.228083304853375e-05,-137.6160767
15708.00781,7.070960112907045e-05,-147.2948723,8.196595147390371e-05,35.58814346578501
15712.89063,6.464663474207856e-05,30.12293265763847,7.938993195211182e-05,-152.9573131
15717.77344,5.014239870071111e-05,-159.015112,7.29133669517409e-05,19.90524640462962
15722.65625,2.76222948988848e-05,-15.16224595,5.971456311313762e-05,-170.1054535
15727.53906,4.098033371049164e-05,82.64395655134079,4.533328372461657e-05,8.144280935076299
15732.42188,5.887383411493002e-05,-112.3500423,3.570569218344217e-05,-151.4815382
15737.30469,6.181228458324768e-05,61.70145363973147,3.477629522698306e-05,48.17765348259412
15742.1875,6.058512777392902e-05,-119.3826722,2.952808121885117e-05,-127.3915154
15747.07031,4.112177387732101e-05,65.62094419194587,1.429850587747858e-05,71.63576620798311
15751.95313,2.86050084538242e-05,-118.0736123,9.320890217574811e-06,-10.76291091
15756.83594,2.866327087350825e-05,63.99411866,2.071495974435219e-05,-129.7631299
15761.71875,2.874855685001088e-05,-103.8797804,3.165142990869461e-05,57.57751937598238
15766.60156,3.947890747230137e-05,79.48131060491836,2.531320221164669e-05,-126.2555015
15771.48438,4.254462170312321e-05,-90.71959037,1.147171112293685e-05,61.69467393668896
15776.36719,4.110831745934036e-05,104.8030355854834,8.564637721266638e-06,90.65257628872448
15781.25,3.798438220469501e-05,-68.59164724,2.793524341416872e-05,-95.28226125
15786.13281,1.612972303033563e-05,171.0528428372156,2.905096816337389e-05,81.22988365
15791.01563,3.236272922228677e-05,57.11662711057266,2.043871831263619e-05,-97.205375
15795.89844,3.876167166526754e-05,-120.0090797,9.59547231440026e-06,86.23710341572391
15800.78125,5.002182951642233e-05,63.34222604,5.911673745794463e-06,160.0556285648364
15805.66406,4.396183410327538e-05,-106.4763863,1.381540498468894e-05,-32.49563967
15810.54688,2.466829144767844e-05,100.8209862526528,1.390203818769809e-05,155.9843602479583
15815.42969,2.529645022420827e-05,-46.51067751,1.925096403252119e-05,-12.48965223
15820.3125,3.540030820099673e-05,148.7745332734792,1.999710811047249e-05,177.2139446
15825.19531,3.721318094049856e-05,-44.67204411,6.939085667111076e-06,40.74968679240107
15830.07813,3.007425007910853e-05,95.51425221058062,1.587822316026976e-05,-75.6158797
15834.96094,2.982847639183422e-05,-143.9245427,3.397126408257963e-05,104.6146698471449
15839.84375,5.346584533586017e-05,10.58841238714348,4.112550055113283e-05,-56.73050711
15844.72656,7.23867418134284e-05,176.3336846535024,4.256574347711826e-05,144.1708077534251
15849.60938,7.916143143240899e-05,-18.1326368,4.539660186040878e-05,-25.68277131
15854.49219,7.148732469343412e-05,155.7234744,4.771357932031065e-05,174.9466837820933
15859.375,5.781801012421227e-05,-32.0964532,5.423778709647876e-05,17.24766347423449
15864.25781,4.250516499048844e-05,134.3926007,5.431330824251304e-05,-152.5834944
15869.14063,3.505678481624423e-05,-70.87590847,4.277062404185759e-05,29.87009025
15874.02344,3.543432828330922e-05,94.37952209955834,3.515385794904722e-05,-167.8730516
15878.90625,1.855082075260412e-05,-89.41093482,3.991332047407821e-05,-12.78635039
15883.78906,4.397994443595646e-06,37.71776313611087,4.030712768707826e-05,139.0153344143764
15888.67188,1.068864097948192e-05,103.6177569094983,3.953327100577326e-05,-72.18853441
15893.55469,3.071525361371891e-05,-97.07500818,2.495359224323748e-05,81.63031919
15898.4375,3.273618234946016e-05,90.15005630473424,2.013247246690055e-05,-161.7998178
15903.32031,1.872271098548417e-05,-103.6863058,3.107345699891321e-05,0.5044095153852385
15908.20313,2.031680066896918e-05,32.58941924418833,2.722991570922255e-05,166.3638783
15913.08594,1.099473216801724e-05,-132.1535262,2.000443448954016e-05,-37.40222796
15917.96875,1.427248726279144e-05,152.6423240864805,1.659137988114739e-05,137.7693377914221
15922.85156,4.053642595990318e-05,-23.19273349,1.596186432959249e-05,-34.93498083
15927.73438,6.41875056539011e-05,161.0927296226184,2.29508947667104e-05,146.6720471077712
15932.61719,6.664838716920269e-05,-16.75378473,2.712511791869885e-05,-53.11940864
15937.5,4.429235896564599e-05,149.8182210890492,3.526031408347536e-05,86.07496019448178
15942.38281,2.710808137460928e-05,-118.6536555,5.620063830699183e-05,-108.4618582
15947.26563,6.453802598374265e-05,30.34855699687468,6.667224836998451e-05,73.31896245782201
15952.14844,8.049771867367967e-05,-145.5759479,6.480940005649213e-05,-98.27090929
15957.03125,6.011326619816615e-05,32.30287236774379,5.695613643601081e-05,91.84431587347015
15961.91406,1.260823644956563e-05,-168.237164,4.492962407901402e-05,-65.14728417
15966.79688,3.089036092581633e-05,-135.571865,4.999585852002087e-05,141.3373730288523
15971.67969,7.433789181407367e-05,64.94291637531227,5.327407750923588e-05,-34.82008496
15976.5625,0.000105803,-106.0062164,5.978084869361166e-05,151.1771132908564
15981.44531,9.070886132295451e-05,83.03150773858651,6.840873717826785e-05,-22.5571645
15986.32813,7.69660806278188e-05,-78.45638599,5.671146288299736e-05,162.2018036169734
15991.21094,5.834856783999915e-05,113.3429830521461,4.280466632050057e-05,5.896135102070843
15996.09375,3.802581227981684e-05,-42.33311039,4.191886720333157e-05,-134.0236526
16000.97656,4.94230637550468e-05,158.2596742637685,4.678010943093955e-05,71.27274961272418
16005.85938,5.667631134728461e-05,-13.37250481,5.306039636585525e-05,-102.7504608
16010.74219,5.509442214783411e-05,169.5937653905501,5.52600495797401e-05,80.96875245557227
16015.625,5.677858786738061e-05,-10.37561671,4.438127613642146e-05,-96.20588083
16020.50781,4.421596656911268e-05,176.6775364,3.182701700325774e-05,78.8956224
16025.39063,2.626282925819266e-05,-16.26954526,2.499958438067216e-05,-122.1522612
16030.27344,4.195654236266053e-05,130.5735828905185,2.108843569387815e-05,24.65522442324896
16035.15625,6.427332926490289e-05,-53.22354971,2.339570024580361e-05,170.4546988294273
16040.03906,6.547548067848246e-05,131.5243075,3.309944334778234e-05,-29.89891032
16044.92188,5.344753206026227e-05,-37.58219703,3.409744171571995e-05,144.1253096748425
16049.80469,3.635070683853541e-05,161.4602948,2.110746606585139e-05,-40.91796966
16054.6875,2.890941604291215e-05,23.53340485284848,1.269278780543004e-05,95.15942615320756
16059.57031,3.164544934534228e-05,-141.2059459,1.925799927418455e-05,-128.9564364
16064.45313,3.05056280841376e-05,18.75933073317772,2.897672169469569e-05,32.41129513091845
16069.33594,3.844345914573937e-05,-172.0124019,3.631550608896808e-05,-136.2826389
16074.21875,4.129339214986412e-05,12.88389185562313,3.901447718318717e-05,66.17697825495109
16079.10156,3.676216621996343e-05,-154.4848349,3.520324621625969e-05,-100.7739777
16083.98438,3.97101714075358e-05,42.27034478,3.923684793617998e-05,86.74868065288139
16088.86719,4.596379748161776e-05,-130.8266918,4.553786585160829e-05,-93.34155954
16093.75,5.873724280109018e-05,53.38393815143986,4.72825519233169e-05,87.67095369275908
16098.63281,7.038165350875391e-05,-119.8172127,6.084697527534354e-05,-83.6973574
16103.51563,6.455933101023242e-05,69.16344428013329,7.521506162248552e-05,102.0365821713255
16108.39844,5.184669260689105e-05,-101.8206753,7.693606814046603e-05,-74.93936472
16113.28125,3.683450887495055e-05,104.4051737669876,7.935295043621284e-05,103.8737302913252
16118.16406,3.252616243188686e-05,-11.35812082,8.324036597743364e-05,-86.29352242
16123.04688,3.958856893017909e-05,-154.5833631,8.432466479576653e-05,75.86218073761974
16127.92969,3.370614700684352e-05,29.31918249638136,8.47417479464432e-05,-118.0987896
16132.8125,2.899198218452967e-05,-135.8892134,7.96373777530408e-05,45.87169445384625
16137.69531,4.203940530614175e-05,73.02556867437544,7.473306215151324e-05,-155.2116787
16142.57813,4.717131084700389e-05,-98.92037881,5.690472313806218e-05,15.55727317534672
16147.46094,4.531567815212104e-05,71.31578704774046,2.868814378243219e-05,-175.8668181
16152.34375,6.055314351735973e-05,-129.8080832,1.131631192868842e-05,-97.72234965
16157.22656,6.975599933367447e-05,33.64871147884619,3.860768920472596e-05,22.18671394029558
16162.10938,6.86280546792993e-05,-165.1830874,5.887594346584006e-05,-159.6216434
16166.99219,7.531000666059335e-05,-1.938537441,6.801972717159812e-05,25.87381998362497
16171.875,7.19830849400676e-05,171.9341629886571,6.290924815368239e-05,-150.5047187
16176.75781,5.503408126336639e-05,-19.80746565,4.731341040153299e-05,38.78635824470633
16181.64063,4.458680669674883e-05,140.5125152024505,3.759793634478024e-05,-124.2434454
16186.52344,2.443123523609704e-05,-35.66219814,3.933459874561484e-05,86.74691298799492
16191.40625,1.32737059951654e-05,-145.1828475,5.584446910303374e-05,-71.48389344
16196.28906,3.177731971480892e-05,75.52834138610902,6.227634647401523e-05,120.4055942124097
16201.17188,5.197669984238298e-05,-95.1795805,5.609367106618888e-05,-44.75648559
16206.05469,5.577860630407873e-05,86.51798761017574,3.982769192712917e-05,152.3233657694583
16210.9375,4.85878757284544e-05,-100.6044268,2.004369289860714e-05,29.28113593
16215.82031,2.351534436578668e-05,48.32222296,2.889392039982997e-05,-82.19558492
16220.70313,3.370035824455035e-05,106.7320256501535,3.136769493077405e-05,118.9818191620282
16225.58594,6.634107175555685e-05,-82.9564243,2.676169675712827e-05,-58.20173995
16230.46875,8.172370076573415e-05,104.7906593323529,1.689712597555639e-05,115.1924884238962
16235.35156,8.561391726349637e-05,-68.10024939,1.644392894821873e-06,-167.8635661
16240.23438,7.801950543886969e-05,128.4584764334861,1.252614401070602e-05,-82.88083559
16245.11719,6.863122784013902e-05,-32.02995342,2.9956093319879e-05,83.40303004021386
16250,4.615412806096082e-05,160.9269709,4.946335573227212e-05,-91.72493877
16254.88281,1.093492897271142e-05,-16.42652914,5.658042451952259e-05,92.29653019459205
16259.76563,3.169672967056184e-05,8.704849231196246,4.844145857785063e-05,-74.9100765
16264.64844,5.149125290104433e-05,-173.1513896,3.728421864631566e-05,138.6304304133246
16269.53125,4.862727821129035e-05,11.86781994,3.711026753611918e-05,-5.87539752
16274.41406,4.451059604012773e-05,-149.5525585,4.638083569904158e-05,-166.6002243
16279.29688,3.57954593194468e-05,57.43432906489787,5.062570574285401e-05,22.59863725220834
16284.17969,3.960674602049565e-05,-90.77063374,4.73850479464311e-05,-150.713378
16289.0625,4.837669372389204e-05,90.06085983611236,4.533759158237863e-05,39.67361681686582
16293.94531,4.853142956750869e-05,-110.4832628,4.216518215275141e-05,-128.1202451
16298.82813,5.203640034202174e-05,60.15663111885202,4.01731123309611e-05,49.72095504858005
16303.71094,4.696999730638336e-05,-111.4906358,4.730494028622201e-05,-140.8401932
16308.59375,3.883470406361453e-05,62.77130640857057,5.93406067981776e-05,38.98483834361261
16313.47656,3.825251661448897e-05,-115.2842609,7.085178275568419e-05,-134.2044818
16318.35938,3.607060360220182e-05,88.56224343471297,8.03014659476682e-05,49.12357850099421
16323.24219,2.499908866226604e-05,-76.51982887,8.133971631584333e-05,-131.7106309
16328.125,1.640710288248072e-05,105.6620326,7.055146362808487e-05,40.54393170401518
16333.00781,9.673856999831838e-06,-35.44999409,6.074186437333411e-05,-162.9489959
16337.89063,2.31599834365234e-05,-141.146003,6.329783984482677e-05,0.059489381
16342.77344,2.201459687393153e-05,47.29895972830844,6.149749931107751e-05,-178.2900362
16347.65625,2.569499876072506e-06,-62.31370959,4.540456412200928e-05,11.23406434475859
16352.53906,1.351976605910384e-05,-145.0086492,2.725635476776493e-05,-142.2698481
16357.42188,3.161775823133103e-05,64.29146031887153,2.985745678952247e-05,69.73685430258247
16362.30469,4.766261172394372e-05,-104.405849,3.9174282399224e-05,-95.09508095
16367.1875,3.472745608005842e-05,74.32488896707495,4.922548356927375e-05,96.60643990932755
16372.07031,9.438154745003078e-06,-98.07419403,5.721460320029483e-05,-80.75985718
16376.95313,1.676057678412819e-05,-110.6438451,6.076423913214955e-05,99.94184768966446
16381.83594,4.419976988176048e-05,82.94964887,6.491098413175288e-05,-67.94490178
16386.71875,6.407249861483942e-05,-106.3409814,0.000107399,151.7569106664093
16391.60156,7.468108274592286e-05,60.27861128491411,0.000213041,-10.3396195
16396.48438,6.095214820989266e-05,-127.7626038,0.000261748,171.5645169915113
16401.36719,4.048662848564001e-05,22.26960103717638,0.00026651,-8.851845296
16406.25,4.497265856004395e-05,161.8789378309308,0.000254057,171.6177035758919
16411.13281,4.94298870558608e-05,-47.26318822,0.000158684,-11.9035753
16416.01563,6.020296869616165e-05,119.9842135,6.105721065827169e-05,147.1571649496801
16420.89844,6.291725554490298e-05,-53.3262464,4.389070852780359e-05,-76.24037006
16425.78125,4.656047274131731e-05,137.5801632967522,4.47479391419571e-05,86.09179298721024
16430.66406,2.331475057114697e-05,-28.13627793,4.224530907837142e-05,-119.1187323
16435.54688,7.379912911043213e-06,-104.2885435,5.465521029948656e-05,40.31126709285645
16440.42969,2.410889384372929e-05,115.6236774450126,5.115641579441357e-05,-149.3948065
16445.3125,2.840372805680819e-05,-51.76497959,3.979279698070601e-05,6.839420254026178
16450.19531,2.62801377251223e-05,163.3914447440459,3.573397556733089e-05,171.1124925514442
16455.07813,2.720672972205497e-05,24.68399635541245,2.471495918686131e-05,-7.247890224
16459.96094,3.588653287882506e-05,-144.713161,2.531098992129912e-05,170.2863209103301
16464.84375,4.586036084431885e-05,26.25825978,3.549474330456729e-05,-9.965294582
16469.72656,5.029893203201266e-05,-167.2934758,4.042862802096404e-05,160.2798594500531
16474.60938,5.240536487212944e-05,-0.584869564,5.029401340398129e-05,-46.93856609
16479.49219,4.548590931534352e-05,-173.2307676,5.953229231277082e-05,119.6279002285123
16484.375,3.457411130133529e-05,37.33993505127869,5.335609054254468e-05,-69.92603456
16489.25781,2.441299364959961e-05,-102.7489488,5.102826944329438e-05,101.3010458457182
16494.14063,1.769789939558553e-05,128.5029913587743,4.145181377530283e-05,-66.40985987
16499.02344,2.317740918399189e-05,-6.547821512,2.024179656328097e-05,143.4582973960923
16503.90625,3.415779037349393e-05,-163.12515,8.504865795175583e-06,-15.33949918
16508.78906,3.902288818076014e-05,35.94503566038173,7.078145133056772e-06,148.5399956189797
16513.67188,3.17029592308644e-05,-151.1373957,2.664734641324277e-06,161.1974100612815
16518.55469,2.146725772889885e-05,-25.92972168,1.419685029438524e-05,-36.8385184
16523.4375,2.139039913973901e-05,81.31866530205578,2.117269291830742e-05,114.6079545298218
16528.32031,3.020137133263845e-05,-148.4657749,3.198630508301166e-05,-82.78288531
16533.20313,3.894873927627449e-05,15.58015911242726,2.442996204809624e-05,93.58200847385174
16538.08594,3.76080841516681e-05,173.2268218473496,4.078724210930699e-05,91.38871965
16542.96875,3.976223238793057e-05,-58.18194591,0.000130531,-88.88252351
16547.85156,4.902141692258337e-05,94.51312197953597,0.000172387,89.12347478594592
16552.73438,5.221453942750212e-05,-86.54139587,0.000186736,-92.06374983
16557.61719,5.149008395994664e-05,98.59255150265774,0.000159901,88.41694669321608
16562.5,3.948770002050345e-05,-60.0980119,8.288792389212916e-05,-89.44780481
16567.38281,3.14123857882782e-05,158.7139152612291,3.854118196400252e-05,103.6454665759304
16572.26563,1.184913727337714e-05,7.926969245,3.317614434345437e-05,-62.56584198
16577.14844,3.911411609492103e-06,-15.90096441,2.856652236379046e-05,123.2763024
16582.03125,2.072759005263225e-07,172.0437522,1.791708115156114e-05,-68.57051337
16586.91406,3.189256844701531e-06,-41.76176672,9.595374176290636e-06,60.62956856
16591.79688,1.040654519159263e-05,-149.1362325,1.161677163731194e-05,-163.5507736
16596.67969,2.326917969638717e-05,51.88793760971718,2.741230760790523e-05,35.16173029460829
16601.5625,4.237521059223632e-05,-132.6563467,5.436889685680503e-05,-127.6848244
16606.44531,7.024698557348404e-05,52.29953535463748,6.350042445612651e-05,60.26412354532972
16611.32813,8.571420958984174e-05,-115.5589615,5.541810240252494e-05,-120.4657663
16616.21094,7.876786515315188e-05,80.49651468482335,4.541213918325145e-05,46.75250710326355
16621.09375,7.080674556765326e-05,-79.78303644,3.884464782414832e-05,-160.6279271
16625.97656,5.910976631943004e-05,116.3830044916258,4.994394908359596e-05,-12.39581822
16630.85938,3.168770409416311e-05,-54.72324262,6.785670179803954e-05,156.6408895938603
16635.74219,1.198549134018449e-05,106.4421553821814,6.976402052269702e-05,-24.47673231
16640.625,2.37443873601524e-05,-103.1811625,6.363190552968532e-05,153.9561928
16645.50781,5.059034522825237e-05,54.57274267677941,6.734279420856708e-05,-29.23439865
16650.39063,6.884048091850048e-05,-138.243359,7.387688804687454e-05,154.2579498417623
16655.27344,5.836665673469277e-05,46.71054186575424,7.274527490939243e-05,-10.11032337
16660.15625,3.393269902753825e-05,-138.1038355,7.536345111276321e-05,-173.4311405
16665.03906,1.74051313532089e-05,-46.28066323,7.287940674154961e-05,19.87268399385341
16669.92188,3.700727256276054e-05,52.75154023704567,6.958495593735948e-05,-135.6314491
16674.80469,5.761165126690447e-05,-150.2584691,6.493693405241613e-05,59.50312298683803
16679.6875,5.029663091106337e-05,33.67338475144056,4.031541891100115e-05,-128.7790712
16684.57031,3.088404836192504e-05,-119.5213184,2.099594255896152e-05,15.39032337369417
16689.45313,2.314678547909647e-05,101.3007095961372,1.235547802262155e-05,166.8243908227899
16694.33594,1.651014358821366e-05,-29.74626461,4.431198342484831e-06,30.64016439492308
16699.21875,1.881874575730902e-05,-132.183295,1.630935243979393e-05,-85.92353038
16704.10156,2.616618018286931e-05,104.9462400773869,3.260498432133637e-05,91.55193962582017
16708.98438,3.238436395391765e-05,-38.47281536,3.662843545402491e-05,-100.8467611
16713.86719,2.365394468785187e-05,-171.3873364,2.185945871300383e-05,41.78145259609871
16718.75,3.912664984669754e-05,82.65694745441984,3.082472162008868e-05,139.1764020027416
16723.63281,5.357572772180231e-05,-67.74782911,5.201370611625488e-05,-55.90612914
16728.51563,4.782952081243652e-05,138.4316581759873,5.301439427241156e-05,120.5651518049044
16733.39844,3.223298336380472e-05,-11.71887243,3.673261077814743e-05,-69.70206127
16738.28125,2.492723876453499e-05,-133.2935182,1.453979841710376e-05,100.5031272034467
16743.16406,2.279159722217487e-05,95.70315266284418,8.140499600183084e-06,101.3747899491473
16748.04688,2.238731732347078e-05,-17.15480348,2.906806615064595e-05,-58.71547772
16752.92969,3.459221917037663e-05,-170.6514706,3.782059007328222e-05,134.0711565615736
16757.8125,4.161385015057514e-05,2.851572254049325,2.813792481140919e-05,-31.67660039
16762.69531,4.803069245197476e-05,168.6378874,2.381797444007028e-05,172.4982073183152
16767.57813,5.614329998532373e-05,-19.96215576,2.811774115328437e-05,7.937812913138317
16772.46094,5.463524096346502e-05,155.9026905699316,1.757603242039514e-05,-155.6513317
16777.34375,4.055415767471713e-05,-18.3791155,9.868948540775415e-06,131.8454270674525
16782.22656,3.467969609054402e-05,173.6603853796999,2.241655935541174e-05,-10.16856966
16787.10938,3.64610678357279e-05,-8.463831259,3.491024857628042e-05,-167.6741393
16791.99219,3.636449468958373e-05,173.8607521244467,4.053526293987564e-05,29.09985714104215
16796.875,4.530626309058431e-05,6.292210597416375,2.667524236240195e-05,-135.3469095
16801.75781,5.430046629227345e-05,-162.6533923,1.154305397395209e-05,112.5394604085595
16806.64063,5.268734336730163e-05,27.27038222075464,2.684268480468648e-05,-10.4877083
16811.52344,3.61995720261907e-05,-142.867234,3.359537054049752e-05,-169.0213163
16816.40625,1.156834383247393e-05,87.36886113860083,2.546887317757194e-05,21.04903292236027
16821.28906,1.444618721475326e-05,23.40590475559251,1.1818157080883e-05,168.7238164157094
16826.17188,2.336176626569825e-05,-146.3942022,3.24591441938966e-06,-58.46511991
16831.05469,2.970020457850184e-05,-9.483333418,7.277798830172501e-06,-69.487634
16835.9375,4.114000729410953e-05,160.9769254986392,1.645810418790144e-05,146.4583185625555
16840.82031,5.865062103394285e-05,-1.807063153,3.378975316338557e-05,-4.599863785
16845.70313,7.93574925710636e-05,-179.1977834,4.967647902363648e-05,-160.1402349
16850.58594,8.054158496482555e-05,4.361214994456711,6.916333147158742e-05,44.09741633880707
16855.46875,5.845576195121194e-05,-163.0908128,8.185577224306354e-05,-118.8956164
16860.35156,1.928621786794398e-05,31.6159333,8.455786442252078e-05,74.92576869286003
16865.23438,1.354157836252929e-05,2.586353431125674,7.551547839147986e-05,-96.82334112
16870.11719,2.187550296516612e-05,-174.8481553,5.441563419985667e-05,81.33197093525513
16875,1.63159218808549e-05,30.21051742513512,4.044525011119902e-05,-128.1870834
16879.88281,1.539556357910376e-05,-96.43011452,5.227430968748681e-05,9.084168127415564
16884.76563,1.512875258485777e-05,85.07443607,6.824056830122955e-05,170.5369779606396
16889.64844,1.512535663327799e-05,-108.8587808,6.433724431119555e-05,-20.08950926
16894.53125,2.075345411920882e-05,94.48141526957666,5.593585808377676e-05,148.1739048881955
16899.41406,2.912655096239627e-05,-78.72469823,4.5517898440623e-05,-43.95935995
16904.29688,3.708886338941797e-05,107.0450010226492,3.679544496031301e-05,109.4928840121748
16909.17969,6.346017449422708e-05,-62.40418343,4.153640734783671e-05,-79.40220177
16914.0625,8.865709297905566e-05,117.1100439226944,5.142615651050688e-05,111.9056693482046
16918.94531,8.626916582219207e-05,-65.21518916,5.725607235453813e-05,-61.137144
16923.82813,6.887166453074338e-05,119.6174025800985,4.543033813042783e-05,128.3721361908353
16928.71094,5.136644449735081e-05,-52.34599473,2.764361014578963e-05,-32.84815029
16933.59375,3.222979835931233e-05,141.2692886856606,1.485220276156519e-05,-167.7299528
16938.47656,1.570098315133542e-05,1.974927943645445,2.440641164863046e-05,83.30708962275445
16943.35938,1.112331940045058e-05,-125.6332367,3.125985079096542e-05,-77.43008773
16948.24219,5.451350028795523e-06,118.8157447043798,2.500476201998918e-05,151.0508961709189
16953.125,1.931303455752993e-05,25.03044426791375,3.70144127904434e-05,17.83331753957766
16958.00781,3.295170326912158e-05,-150.0975915,3.948979211509888e-05,-136.0208551
16962.89063,4.044366131647554e-05,22.11275084597433,4.117375488148049e-05,63.07953591112867
16967.77344,3.775759816141922e-05,-166.7505727,3.117028161684033e-05,-107.5937678
16972.65625,1.959358773676321e-05,-27.35974907,1.046565260142955e-05,161.5405184201751
16977.53906,2.880550238758598e-05,92.27684577480471,3.919118971617069e-05,35.88886245334554
16982.42188,3.70034292644579e-05,-109.2942986,5.664884629848914e-05,-134.7373807
16987.30469,3.405704052064518e-05,26.07714379606847,5.617458403508712e-05,58.76409655850156
16992.1875,4.206303238462181e-05,142.6210615880411,3.796934318537139e-05,-116.9754173
16997.07031,5.697017750808214e-05,-75.57633378,6.035789391562486e-06,130.5853914110778
17001.95313,6.501176382989078e-05,75.12391192989257,4.439691261808848e-05,29.49640370738152
17006.83594,6.872002873767919e-05,-132.4544172,6.731469224351208e-05,-145.8263057
17011.71875,6.585162489485917e-05,22.39882379676065,6.344269109414143e-05,31.19920692195866
17016.60156,6.253728199268563e-05,-167.1268021,4.947554809199724e-05,-160.7015232
17021.48438,5.985244343735017e-05,16.72344886492529,3.332254759099914e-05,0.9275585381657884
17026.36719,5.573305995523507e-05,-155.168147,3.044785028950827e-05,150.9024873181851
17031.25,4.869478279711886e-05,37.84639259527339,3.490422916967607e-05,-33.49855278
17036.13281,4.107727280452598e-05,-140.37574,3.487968911587596e-05,159.3107357352115
17041.01563,3.105874275571668e-05,40.21732349,2.729652023883232e-05,-9.93648295
17045.89844,1.639533121371589e-05,-100.2313558,2.785105014455043e-06,160.7705593147757
17050.78125,2.21783435275978e-05,128.3124811240193,3.40171493033909e-05,-174.8776674
17055.66406,3.526656783605121e-05,-70.28464272,6.517862717682578e-05,4.085403338738074
17060.54688,4.108407210711466e-05,87.84210409894885,7.654075653768478e-05,179.5555836924677
17065.42969,3.152012685238702e-05,-113.5565866,6.831492968945065e-05,-4.121188894
17070.3125,2.920781639946043e-05,34.91388489636459,4.540576236905697e-05,168.8460854546717
17075.19531,2.72882035349912e-05,166.7276874493175,2.570307184901429e-05,-35.28875151
17080.07813,4.587102545194433e-05,-83.83444792,1.963893718789809e-05,127.3612704883463
17084.96094,7.435316604789158e-05,77.39505456493069,2.033232386427049e-05,-41.28100518
17089.84375,9.060045087023911e-05,-115.5425654,2.900828948616616e-05,154.3092480928585
17094.72656,0.000101835,51.83423327585916,3.789843309240149e-05,-23.03774642
17099.60938,9.433319231286995e-05,-124.266896,3.254913005942277e-05,161.8199377902472
17104.49219,8.349668111822176e-05,70.46275011,2.120932414241747e-05,18.98786454402996
17109.375,6.937409810629714e-05,-95.87562046,1.740184283047752e-05,-126.9034509
17114.25781,5.958619112056516e-05,97.84413745042785,1.070815117376297e-05,108.4867290644697
17119.14063,5.158238665682313e-05,-87.82605822,1.750561328323939e-05,-24.51537275
17124.02344,3.314006128058158e-05,61.84072128170287,1.77028507638274e-05,-139.084315
17128.90625,2.884212520011359e-05,-169.9597181,3.7028723979555e-05,91.74155946275775
17133.78906,2.982813533148216e-05,3.988060402953196,4.922197033894579e-05,-77.84384284
17138.67188,1.251218654698806e-05,-178.3120426,6.166056471895303e-05,106.8684374815431
17143.55469,2.340002502285555e-05,-136.4362777,7.199686272979325e-05,-59.51178103
17148.4375,4.959731431319116e-05,33.30386590828106,7.226742170812855e-05,134.3363308258841
17153.32031,6.193712238707054e-05,-143.1030663,6.991192363336521e-05,-33.03129882
17158.20313,7.461938714448788e-05,47.22307576572353,7.704510963015218e-05,172.3123639437198
17163.08594,8.038588450085084e-05,-127.5935305,9.29569917655111e-05,6.851030450070057
17167.96875,6.989795529603223e-05,62.81317579898159,9.734504504104379e-05,-173.4943474
17172.85156,5.299507970060054e-05,-98.48761569,9.507270740375009e-05,8.239203374
17177.73438,3.697073935611648e-05,88.10813767222146,7.841039244555865e-05,-174.9303535
17182.61719,2.0935832367702e-05,-105.2144688,5.730782006011663e-05,-16.30308437
17187.5,1.4288835068236e-05,-16.64604462,4.200985437422746e-05,143.6824230492465
17192.38281,4.667971962932655e-05,146.4295913968811,2.849104909051206e-05,-59.19618192
17197.26563,7.376959047024082e-05,-22.84861416,2.808900836088497e-05,108.9455707631857
17202.14844,8.762006723236874e-05,167.2356897518239,1.676086730185398e-05,-56.45554523
17207.03125,9.044182098748229e-05,-5.780627722,1.170460657999982e-05,-88.02205352
17211.91406,8.035003873885158e-05,179.9736071,4.405239915214319e-05,103.6059647526079
17216.79688,5.99386549956915e-05,-7.827138523,7.790782756187219e-05,-71.80889523
17221.67969,4.725722826078922e-05,133.2153622241347,0.000100495,116.1796537715116
17226.5625,5.76149896410064e-05,-82.5573879,0.000101514,-60.39362009
17231.44531,7.366389663061924e-05,81.45354317508794,8.091503694222559e-05,118.8594961248608
17236.32813,8.41776038688727e-05,-107.3644531,5.014323895065817e-05,-60.88917906
17241.21094,8.390741341560402e-05,68.55435746950555,2.346613845637087e-05,123.4367328379258
17246.09375,7.895593682471186e-05,-110.7712859,1.02333355001314e-05,-65.99147659
17250.97656,7.841466742865321e-05,62.48365488,9.80969434320772e-06,114.0748198072085
17255.85938,8.020228872268152e-05,-132.1709144,6.605400949787254e-06,-19.77031557
17260.74219,7.173210454019986e-05,30.11106159682097,4.741899581659007e-06,-51.90105328
17265.625,6.097955127635151e-05,-173.4661021,8.441048921873252e-06,171.6358128036777
17270.50781,5.050818501083068e-05,-9.30955796,1.524062002046273e-05,0.9572739527926452
17275.39063,2.53410859034172e-05,158.1383652697032,2.860955107700574e-05,-164.2331854
17280.27344,7.313081648311302e-06,-140.0677175,2.699017524633805e-05,49.40721420965411
17285.15625,1.955863312083841e-05,-20.4151893,3.115340285731141e-05,-96.4246674
17290.03906,3.067304552474019e-05,130.2574849685531,3.857527533198443e-05,86.03624968725531
17294.92188,3.574642844771541e-05,-67.04645544,3.447166146832817e-05,-89.98786293
17299.80469,2.114934266577876e-05,95.54863442929594,2.102613415018928e-05,92.74754292708757
17304.6875,7.979752778460219e-06,-151.6860888,6.339515792307285e-06,-80.40260325
17309.57031,1.366718184413177e-05,-47.92551854,9.116686371397485e-06,-133.0593409
17314.45313,3.776743648896487e-05,103.7727056359674,2.282979846373845e-05,51.99546873816966
17319.33594,5.665578364874788e-05,-84.2426817,3.77702689104429e-05,-129.3794703
17324.21875,5.374516741918384e-05,70.57840126023463,5.007982190893474e-05,52.85827439
17329.10156,6.094519779549081e-05,-139.0592577,5.709256267465993e-05,-122.2744077
17333.98438,6.825308433284038e-05,25.34449433344132,5.87613788631658e-05,56.09161836176163
17338.86719,7.522337723066151e-05,-167.661868,5.203424695412554e-05,-141.5900457
17343.75,7.276710836365709e-05,6.746615090829523,4.491806727179584e-05,4.905331095573032
17348.63281,5.946224263058167e-05,179.6191207539554,4.814693560202502e-05,148.0809657545546
17353.51563,5.005287172134989e-05,-8.906491264,6.015681968744233e-05,-52.97412517
17358.39844,4.862595903135806e-05,169.3347202210538,5.059394321159278e-05,113.7956427299269
17363.28125,5.115847618827031e-05,-9.264480562,2.491117472829773e-05,-94.10983777
17368.16406,5.610126612184371e-05,173.2037990077465,1.075216270366985e-05,12.10758697029032
17373.04688,6.045555177233326e-05,2.615292391286498,1.820575475135219e-05,126.9153211735161
17377.92969,5.645661885804686e-05,-159.3420729,1.82045582443404e-05,-82.60857455
17382.8125,5.121286590480524e-05,33.21846090802545,1.910446849450485e-05,47.58750782784966
17387.69531,5.584496922401128e-05,-128.4111941,1.809871642167169e-05,-155.0698371
17392.57813,6.390991255161545e-05,74.21810449389713,7.525061825608269e-06,6.732008188146484
17397.46094,6.625213514307945e-05,-101.005762,8.232930020122415e-06,-81.95686418
17402.34375,7.499027021631505e-05,71.43333049459888,1.396700343460772e-05,121.0892322543099
17407.22656,6.938350586991784e-05,-108.3617948,9.328146075512879e-06,5.557162317973106
17412.10938,5.583822914035073e-05,71.07251902570677,8.219779102128263e-06,-75.79032943
17416.99219,5.223897354062761e-05,-109.8014983,2.14402534339517e-05,144.5149737069358
17421.875,3.530787114071508e-05,86.99826535207015,2.149169098431593e-05,-60.60332232
17426.75781,1.716985039519344e-05,-17.49396217,1.751478720250873e-05,62.38662672079078
17431.64063,2.964435236278753e-05,-139.6021526,1.9877762520645e-05,-141.8001824
17436.52344,4.937274171003903e-05,57.6966497,2.968780888646028e-05,29.27128581758985
17441.40625,7.169257763660717e-05,-107.5655714,3.838263936813176e-05,-157.6256344
17446.28906,8.202422829417661e-05,97.33241684646168,2.814133841301997e-05,24.59317329081144
17451.17188,0.000102627,-56.42327183,1.143227277570234e-05,-144.3351676
17456.05469,0.000129523,136.0408797867929,3.560540559252797e-06,84.36698966022901
17460.9375,0.00014037,-38.90222408,9.888495519864083e-06,-16.86274894
17465.82031,0.000116384,140.4386114783539,2.316721498670661e-05,172.2337169978174
17470.70313,6.645123793895451e-05,-44.25028558,3.186776226697626e-05,-14.54477634
17475.58594,3.193083814100747e-05,150.1932651,3.57933869926491e-05,151.5692703955623
17480.46875,3.105964495535121e-05,8.812227171388484,4.396134386440287e-05,-49.59376239
17485.35156,4.524971897395521e-05,-156.2018608,5.490343417365853e-05,110.3850936993903
17490.23438,5.584645914141411e-05,21.91841117383388,6.165465159759491e-05,-88.53963118
17495.11719,4.056645142417009e-05,-161.938926,6.131543565456218e-05,78.31021681767852
17500,8.150183350954055e-06,4.264377933819924,5.352022634115361e-05,-110.4067505
17504.88281,2.983662241688129e-05,40.33229345760027,4.714613459091087e-05,57.35353708502409
17509.76563,5.369515283073363e-05,-134.2158104,4.523776115280463e-05,-138.553859
17514.64844,5.259128452261965e-05,52.89116766941906,4.722215285709239e-05,37.18274167253489
17519.53125,3.734622130357771e-05,-130.3016207,4.638552286637271e-05,-139.5059601
17524.41406,1.336689845847263e-05,50.03288359508991,4.331755689217522e-05,33.42395917899805
17529.29688,1.739714555829057e-05,3.631120308052353,3.925756505506434e-05,-152.2847198
17534.17969,3.515724634847707e-05,-179.1206247,3.053289530066539e-05,34.77528699820557
17539.0625,3.998578505258807e-05,-27.75526976,3.599117292180548e-05,-153.590774
17543.94531,4.804835369328883e-05,120.8242972670306,4.41868062799779e-05,10.74228721532977
17548.82813,3.609373102678758e-05,-80.60482647,3.338208655858091e-05,178.8794020428012
17553.71094,1.388079313076917e-05,36.88328771296794,1.994205163462903e-05,-27.81752427
17558.59375,2.598278625750335e-05,102.5359789729599,1.604473426686743e-05,95.74162433250277
17563.47656,5.770133606301726e-05,-96.20817276,2.352026469589007e-05,-161.2525417
17568.35938,6.533628373066152e-05,85.89646115161732,3.400450417429648e-05,-19.09405702
17573.24219,5.624515639495744e-05,-91.85435558,2.703097327887176e-05,136.2490979716793
17578.125,3.667388224124951e-05,72.48620671217144,2.435011341036391e-05,-72.59032113
17583.00781,3.165116572417532e-05,-171.3563723,1.862377046114364e-05,112.4899420819281
17587.89063,5.300412807454439e-05,-7.939381472,1.108509535788708e-05,-16.32205768
17592.77344,7.199349424770715e-05,171.7673605565197,1.718250973597606e-05,165.3803077378388
17597.65625,7.195251385954571e-05,-12.2374194,2.384461943105696e-05,-25.55006445
17602.53906,4.131037342890846e-05,176.5613880862768,2.489068801531629e-05,170.1803329795169
17607.42188,1.946144953612453e-05,49.79984083628938,0.000550979,43.31328601587848
17612.30469,1.683447490360561e-05,-32.04076104,0.003729917,-135.4124157
17617.1875,3.807677163993152e-05,-177.4179443,0.008590591,44.65224457730572
17622.07031,3.446157477977185e-05,5.283112196006353,0.010491054,-135.3782475
17626.95313,2.099866221878371e-05,-161.729028,0.010525875,44.57956167507712
17631.83594,6.020381017785436e-06,28.97095769510672,0.009286054,-135.4764667
17636.71875,1.910570272716884e-05,63.62674511617741,0.004752524,44.32010085640405
17641.60156,2.727455082181321e-05,-80.70761207,0.00094752,-136.7281861
17646.48438,3.845608311285692e-05,151.1679409254337,6.971472489160366e-05,35.06728486578726
17651.36719,6.70962308507666e-05,-14.20763262,3.38331184746303e-05,-140.389597
17656.25,8.64948177715528e-05,170.5203844643632,6.559019922320717e-06,136.5249372131425
17661.13281,7.412328600720465e-05,-2.2899349,3.722563551845296e-05,21.57395123502267
17666.01563,5.858315551523322e-05,-171.5110491,6.208954087701071e-05,-150.0552225
17670.89844,5.973485944460683e-05,30.00920628219049,7.071133028816392e-05,29.73415944823051
17675.78125,6.721549422910991e-05,-120.3882177,5.204819744591298e-05,-158.292154
17680.66406,6.521362802460552e-05,75.89132390918819,2.110694570818651e-05,-5.143245911
17685.54688,5.323111639420282e-05,-95.48476202,1.898889504516156e-05,69.05226758955793
17690.42969,4.057411895227863e-05,108.0914037578122,4.141046626914414e-05,-139.9688756
17695.3125,3.364679238350869e-05,-38.43983629,5.558727150800597e-05,33.64450236498385
17700.19531,3.601756456822351e-05,136.8233244346357,5.503572205103547e-05,-154.2276039
17705.07813,4.783353058950492e-05,-76.39924664,4.270026746450133e-05,7.965891701
17709.96094,6.815701668775924e-05,92.27560121089756,2.844372831885811e-05,143.1425983947519
17714.84375,8.120658513834744e-05,-82.01527044,3.13027518437569e-05,-58.04923694
17719.72656,7.893409158816797e-05,99.69698341459414,3.124570355005342e-05,124.8754534
17724.60938,7.126614293124184e-05,-72.49658724,2.932996525689973e-05,-51.88899012
17729.49219,6.269918202891346e-05,127.3514460584845,2.571519467807294e-05,173.1815686053723
17734.375,4.339752261069724e-05,-33.22746389,3.861059102495302e-05,45.21496321761465
17739.25781,2.821873525426951e-05,177.3489562830506,5.113890267216363e-05,-119.3474843
17744.14063,3.861511813417124e-05,27.91239008683553,6.107872783758634e-05,60.64627380002162
17749.02344,5.250471181041336e-05,-152.9196284,6.551111862263297e-05,-119.2382239
17753.90625,5.707056843302689e-05,14.52029390950946,6.31085776285549e-05,61.49257075475892
17758.78906,6.088928555584227e-05,174.1242796107535,5.41246109672014e-05,-124.3996141
17763.67188,7.208565933779706e-05,-33.30431884,3.871555352570351e-05,45.64930036488992
17768.55469,7.595957023767076e-05,129.7493762113963,2.927017110003245e-05,-132.668634
17773.4375,6.949224968116648e-05,-63.40424532,2.627298668861862e-05,38.39564536075511
17778.32031,6.12468703420369e-05,101.0660598152374,2.015543793416752e-05,-175.5026147
17783.20313,4.110825998267046e-05,-98.41020593,1.515388153111478e-05,-15.75338117
17788.08594,2.052738187724064e-05,55.08304169510065,1.790253414592134e-05,174.0170709831916
17792.96875,9.088174595969291e-06,-169.9477837,2.252599136460775e-05,-11.08032195
17797.85156,1.50431254990722e-05,-86.98442478,2.178230247098891e-05,154.6101031852334
17802.73438,3.674944521213683e-05,86.50508635544792,2.168154470725012e-05,-39.69535534
17807.61719,4.571753844294432e-05,-74.41295326,1.90454430595867e-05,127.2145297506927
17812.5,5.304451329723499e-05,119.5237995,1.306761488242554e-05,-63.21498968
17817.38281,7.544786562296367e-05,-56.3782105,1.794991222584549e-06,-10.73889515
17822.26563,8.088940790468532e-05,133.7620052109543,2.332467234511358e-05,106.8612665
17827.14844,5.578593148017738e-05,-38.16244661,3.795046138651132e-05,-91.41988317
17832.03125,5.284031706134637e-05,139.5080778555846,4.047337495159583e-05,79.64006578681642
17836.91406,6.831376952518772e-05,-28.02969205,3.282147382677534e-05,-106.1247554
17841.79688,7.446109912795586e-05,168.2292652209474,2.402368967182856e-05,41.45472311818047
17846.67969,7.520157283864016e-05,-10.61690166,2.898083839279175e-05,-159.1771984
17851.5625,6.187155225123486e-05,162.6405325426757,3.330843525610373e-05,25.02747148881981
17856.44531,3.714035429228497e-05,-27.03695249,3.065665234256771e-05,-150.5341587
17861.32813,2.09212741347025e-05,87.05791900440128,3.159389652942958e-05,50.15206273581417
17866.21094,4.945841597726365e-05,-143.7905493,3.637300513799852e-05,-119.1672481
17871.09375,6.500197425425524e-05,29.80983887549669,3.278461968914896e-05,62.64982413146847
17875.97656,5.847469956429082e-05,-154.8476694,3.988024543730047e-05,-116.0637328
17880.85938,5.970011357926148e-05,11.02514418,5.551238709134928e-05,50.84979499405632
17885.74219,7.764569225257939e-05,-168.0296906,6.756016110844668e-05,-142.7147642
17890.625,8.213904750058427e-05,25.09917683526848,7.949938730650061e-05,35.26874054711875
17895.50781,7.002314104119209e-05,-138.3589826,8.623215021808218e-05,-140.3892988
17900.39063,6.582717046189806e-05,50.56997836708302,7.836435925229447e-05,49.25781596414778
17905.27344,4.549569527214088e-05,-118.7597478,6.389075297716768e-05,-114.8579688
17910.15625,3.208252857243396e-05,143.8374968386341,4.184460988968327e-05,84.74786147448202
17915.03906,4.828427938604768e-05,-20.13721335,2.243708765379598e-05,-59.11004363
17919.92188,4.897620293635884e-05,139.4670595595226,1.677737066426709e-05,163.1931136694121
17924.80469,5.655001144288452e-05,-43.42873998,5.123209395247225e-06,6.304991557818793
17929.6875,5.450761458322203e-05,122.3854128012819,1.550990039605998e-05,30.80352910141885
17934.57031,5.305057255890911e-05,-83.54370077,3.19994708753212e-05,-133.0158611
17939.45313,3.887034049520912e-05,80.42405145140781,4.561851562877677e-05,41.15738195120083
17944.33594,2.614537760761085e-05,-102.0131928,5.202198798695772e-05,-143.4254322
17949.21875,2.842023857883731e-05,111.5637528489192,4.367043679737797e-05,45.54108671131574
17954.10156,2.53665436514914e-05,-73.33059428,3.656336404953656e-05,-131.5326224
17958.98438,2.047117269894529e-05,60.84906801934676,2.665093236122279e-05,55.36440963849923
17963.86719,2.563243255600241e-05,-140.9928688,1.133056078835351e-05,-74.53633783
17968.75,4.003296982437434e-05,29.83126072,1.400714943794655e-05,-177.6010356
17973.63281,4.159341339694944e-05,-158.0770711,2.201664428083966e-05,-10.43683951
17978.51563,2.723356406371556e-05,17.77077755407239,3.434005580272302e-05,148.9417630811559
17983.39844,2.473558576389739e-05,-179.4223754,4.453022305203932e-05,-45.4688286
17988.28125,3.362427878273036e-05,-18.37996223,6.006713528939554e-05,122.5879715313047
17993.16406,3.919700513500158e-05,169.1667852062986,6.97755817817741e-05,-61.31743436
17998.04688,4.774111680470084e-05,4.509433049394909,6.111174983678489e-05,116.7823984933823
18002.92969,4.061391735672004e-05,-173.9784235,4.996816746733662e-05,-64.30787687
18007.8125,2.338801955214793e-05,-9.754027624,3.96627987368512e-05,123.4442113286795
18012.69531,2.032232782553882e-05,158.0245105610966,2.68517625785244e-05,-39.42655525
18017.57813,1.719042702441383e-05,-65.20349345,2.033620245201976e-05,175.3616786499951
18022.46094,3.628259306239472e-05,66.0623495,3.300434458559654e-05,37.69404736726257
18027.34375,4.480157548176879e-05,-120.2004217,4.448751888415072e-05,-119.9989169
18032.22656,4.450181802021108e-05,42.77096151741396,4.32368363634885e-05,75.99986597825888
18037.10938,5.036565895396593e-05,-149.1271562,3.518540138397673e-05,-98.38806034
18041.99219,3.976730964369529e-05,42.17782641850349,2.058178243864569e-05,90.95854598567648
18046.875,2.17695207031005e-05,-136.8001753,4.653788216263369e-06,0.6716584196557477
18051.75781,1.835516453991833e-05,10.35741253,2.053494923673327e-05,-111.0581193
18056.64063,1.99346656520852e-05,-150.3941417,2.24019840972821e-05,75.52531271018032
18061.52344,1.620545436184666e-05,44.57720613559088,1.755762212259877e-05,-78.40504539
18066.40625,1.243596440866321e-05,-138.373012,2.128190687173397e-05,125.6515745016157
18071.28906,1.763084675877484e-05,49.55283706346923,3.323506850858732e-05,-33.79087646
18076.17188,1.604523989346131e-05,178.8684447779258,5.030061579124639e-05,151.7707142014717
18081.05469,5.135223607385157e-05,-60.47864632,6.218532428826557e-05,-34.60559933
18085.9375,9.552975198298925e-05,105.3139414426165,7.687379182565174e-05,131.8070552780764
18090.82031,0.000124183,-86.53774126,9.375487924122008e-05,-63.23321323
18095.70313,0.000139762,84.48806681065882,9.655604278723852e-05,106.7097891910789
18100.58594,0.000127007,-105.0712769,8.733632799378138e-05,-80.5537013
18105.46875,8.55600016204125e-05,67.29716712201302,7.1720352112875e-05,91.40867476620473
18110.35156,4.735166729243615e-05,-92.43075362,3.747772056134534e-05,-98.49127714
18115.23438,4.609452981747248e-05,129.5451327588124,5.815386332042881e-06,17.04344994302756
18120.11719,5.775389787579071e-05,-27.21495757,1.80774137252178e-05,98.76012768904172
18125,6.779655674344922e-05,169.2887128584626,3.25089355093773e-05,-78.48324674
18129.88281,5.843970859989654e-05,3.355486474761132,4.11125462202685e-05,118.0124727577892
18134.76563,3.988512209476232e-05,-164.8892252,4.47594288765867e-05,-42.6087492
18139.64844,3.261437176266761e-05,18.51773872,5.298234932226622e-05,150.7828462009584
18144.53125,3.055097418766876e-05,-154.3900017,6.156243757046796e-05,-29.7682897
18149.41406,2.742612103551596e-05,23.18704286639845,5.369783285408713e-05,142.0853513467089
18154.29688,3.50346433611462e-05,-172.2172236,3.931409920620308e-05,-59.38876868
18159.17969,4.639946725187151e-05,25.22173542180884,4.478878525820403e-05,91.01706597179397
18164.0625,6.474640275129047e-05,-127.1968784,5.09162987074398e-05,-103.0919512
18168.94531,8.685884580069356e-05,59.90856738,4.474873860015079e-05,62.83567198435141
18173.82813,0.000106156,-117.4391138,3.889569922500382e-05,-123.7529263
18178.71094,0.000110728,72.01180594952113,2.828285321759706e-05,72.37441955148451
18183.59375,8.25491620947545e-05,-97.06938957,1.751241452938368e-05,-68.00408618
18188.47656,3.816523195168993e-05,126.4581350141161,2.201142619314186e-05,140.3567136934618
18193.35938,6.905019289984659e-05,10.40085357457465,3.125635456047504e-05,-42.28403898
18198.24219,9.153812309710153e-05,-156.0298225,2.92669838786412e-05,130.5980666193645
18203.125,7.888806256931325e-05,38.29917856570168,1.64771822115287e-05,-68.18314704
18208.00781,4.567724334023135e-05,-121.7550564,6.623922020951528e-06,27.1284366
18212.89063,2.601740924168065e-05,144.3974043162365,1.827589393807754e-05,133.2184914287512
18217.77344,5.409805708414584e-05,4.653202826078626,3.103685272169646e-05,-51.05374692
18222.65625,6.927995800816252e-05,-165.3223434,3.581416559761247e-05,131.0675176650813
18227.53906,5.794856407257926e-05,22.66433446170241,3.926517729804137e-05,-50.76788312
18232.42188,2.811833087782988e-05,-134.4460039,4.219034062443929e-05,130.5134274445606
18237.30469,1.786682080000254e-05,135.4458824274192,3.28184743556686e-05,-54.5140549
18242.1875,4.206919654979945e-05,-6.388059048,1.836074973778539e-05,116.9010441819036
18247.07031,5.653417098453473e-05,169.7698910799326,1.012904338115919e-05,-52.56238402
18251.95313,5.375380696046414e-05,-20.28654957,3.311369560472767e-06,2.543278192
18256.83594,3.901074071690875e-05,167.1933604475051,1.783993072084637e-05,163.3187112809712
18261.71875,1.730246048005995e-05,19.39436015378944,2.516154014828891e-05,-3.871437988
18266.60156,9.473595251768839e-06,-75.64249252,3.728913133460443e-05,-177.017061
18271.48438,1.30442151558024e-05,133.2630996343513,5.022025479491962e-05,5.973691552124423
18276.36719,1.510888268422307e-05,9.627792786939477,5.344933198354158e-05,-166.4312583
18281.25,3.672165456272668e-05,-118.1049444,5.208942255631348e-05,22.90259576736673
18286.13281,5.3704848931928e-05,85.71501598864201,5.296575342855903e-05,-144.99026
18291.01563,5.643790567327938e-05,-74.14431852,5.778704545516638e-05,46.35805941535097
18295.89844,4.98226989340253e-05,120.6660590714996,5.928430745903186e-05,-130.3395759
18300.78125,4.69430441601771e-05,-28.02439456,6.51522425023487e-05,44.83355965999606
18305.66406,5.920464575745058e-05,175.5297107224517,7.760113098677765e-05,-142.8914224
18310.54688,5.715438383396832e-05,8.721537441222855,7.92700562617257e-05,33.01644593260085
18315.42969,4.756369609544069e-05,-151.8855239,6.83086391434983e-05,-142.4124552
18320.3125,3.554585624582617e-05,61.7625677,4.495556059902048e-05,50.50726159044878
18325.19531,5.117082290140393e-05,-80.6817145,1.569521177248692e-05,-88.30871894
18330.07813,7.607586949460542e-05,113.0349968556068,2.279629229818929e-05,179.5594770719695
18334.96094,7.995999662903352e-05,-52.10207615,3.632743987936251e-05,-2.031052948
18339.84375,5.751162405028639e-05,136.9845191,3.876168843554469e-05,166.4299803158797
18344.72656,3.058032101161297e-05,1.647098682831569,4.057788105030844e-05,-23.59670389
18349.60938,6.418906098802684e-05,-130.519119,4.728986508721121e-05,145.5018695
18354.49219,8.925443886333011e-05,59.95801845004964,4.21052290188258e-05,-45.52770704
18359.375,9.63069856346819e-05,-111.7214964,2.071190687354949e-05,119.2879214077117
18364.25781,9.305044193973649e-05,73.51829310142506,9.832309541435359e-06,173.1321775799898
18369.14063,7.788581622716149e-05,-96.26550932,2.70740375057057e-05,-29.72281025
18374.02344,6.932152058415254e-05,98.84630942979777,3.589002802270151e-05,146.2052647760921
18378.90625,6.637288547085279e-05,-63.51609477,3.803364951773689e-05,-42.8143729
18383.78906,5.382364521356253e-05,129.2099057687467,2.590896414051346e-05,135.9220733550253
18388.67188,3.231167074686165e-05,-41.62216428,9.481790870095597e-06,5.915741088499777
18393.55469,3.223516613283715e-05,172.2244051571041,8.906946417398099e-06,-47.40534828
18398.4375,4.947578538820337e-05,7.500845866986293,2.638203474959879e-05,-173.6866361
18403.32031,6.105570665352862e-05,-170.6201472,4.309463504251007e-05,23.11044111
18408.20313,6.448705271892656e-05,9.102336841257072,5.826015844526458e-05,-145.6984906
18413.08594,4.41473181739392e-05,-170.7919336,5.931333022846836e-05,38.81089715726549
18417.96875,5.564341587097131e-06,-92.99912581,4.968820781710653e-05,-139.0772248
18422.85156,4.834662421814424e-05,24.09330362392088,4.402277388025311e-05,39.33457504456704
18427.73438,6.634800497028071e-05,-152.7998759,3.951757342060769e-05,-141.9272619
18432.61719,5.471998219004665e-05,59.02355403313861,3.712873413667212e-05,50.75732605160954
18437.5,6.014532903303664e-05,-65.07328458,3.37709428222508e-05,-105.088544
18442.38281,8.464498135660761e-05,147.7888412591876,3.032372943912141e-05,109.6360300192805
18447.26563,9.448545229131965e-05,-21.53478138,2.999035772223929e-05,-35.79936458
18452.14844,5.523330870799838e-05,161.023326,2.991524205556877e-05,166.0162158689877
18457.03125,1.442613688779958e-05,-170.0474383,2.595928017389655e-05,-7.085043655
18461.91406,6.644633545977719e-05,-1.623326555,2.262406353475859e-05,-168.1012273
18466.79688,7.975870163214594e-05,170.4221444081294,2.828539086358435e-05,20.49351964847579
18471.67969,5.621766778059531e-05,-21.34797973,4.041626684459832e-05,-166.7781489
18476.5625,9.202605478065845e-06,97.61382866146721,5.018400886077569e-05,13.72719581492823
18481.44531,4.795254601423485e-05,171.8760026162102,4.832920557136928e-05,-167.8984188
18486.32813,6.941813466298412e-05,-15.97212073,4.444278066817299e-05,3.884686108242708
18491.21094,6.38433473785701e-05,155.4418535517194,3.694801724747366e-05,174.5988532322223
18496.09375,4.673419798428051e-05,-21.44757198,2.812294099146792e-05,-14.55856538
18500.97656,3.696787695956287e-05,-174.9753349,2.808311599089025e-05,169.7969683091848
18505.85938,3.208450540102317e-05,12.51880604747309,2.988343074660313e-05,-1.235097479
18510.74219,2.778935643148527e-05,-179.0150239,2.930464642804579e-05,-169.5547087
18515.625,2.002714804831588e-05,-26.7859889,2.444726737198962e-05,24.20204565665477
18520.50781,3.212532522166437e-05,71.61304526326438,2.104511220733471e-05,-155.9456867
18525.39063,5.619878966664943e-05,-116.6871716,3.177135610247526e-05,12.23885589030908
18530.27344,5.855851964950555e-05,73.35356982148609,4.50947825148464e-05,-167.0889096
18535.15625,5.130071265979775e-05,-103.9757594,5.46052865792736e-05,18.91868099071441
18540.03906,3.139103158990577e-05,81.54843820041788,6.205228256240015e-05,-152.7685769
18544.92188,1.114237412099123e-05,31.96515181543905,5.660070202677987e-05,45.26557964680201
18549.80469,4.97597561039148e-05,-93.52821393,4.465155034695292e-05,-98.71808261
18554.6875,7.87598726584027e-05,106.7399569520236,4.476355918420279e-05,122.8025745530999
18559.57031,8.886916920683767e-05,-61.67252303,5.525819001322768e-05,-28.41795129
18564.45313,7.212704156076221e-05,126.9839513441025,6.303974182848848e-05,173.4664608
18569.33594,4.347250631808127e-05,-36.07938188,6.316402555523236e-05,14.70239530921062
18574.21875,1.868672984497344e-05,147.8545435246021,6.19454652255389e-05,-149.4576688
18579.10156,2.599587061554292e-05,-139.6254189,5.602081615904704e-05,41.11908360942899
18583.98438,5.08668525291367e-05,29.34668151217275,4.252550814916519e-05,-131.9172071
18588.86719,3.913192277942305e-05,-150.655354,2.497197005500948e-05,24.45865754
18593.75,7.398341886429912e-06,58.82230888604646,2.711498880026909e-05,151.1704672642619
18598.63281,2.717403551620151e-05,26.15300403030604,2.507801961561986e-05,-39.29621032
18603.51563,5.255449894407438e-05,-150.9493072,9.821656225870958e-06,145.0823178563536
18608.39844,6.260711308140496e-05,12.26872338169389,5.981850216597549e-06,141.6294853899134
18613.28125,5.679751091889837e-05,163.8327816848999,2.278846973181071e-05,-33.87506828
18618.16406,5.533075181871353e-05,-50.81187866,3.228339631687698e-05,159.9642186794303
18623.04688,6.425204035752389e-05,114.2462180969514,2.416654512975813e-05,5.647933337487339
18627.92969,5.394929154712026e-05,-76.38024344,1.269450040819914e-05,-148.3548957
18632.8125,3.671172124946877e-05,84.25035812455837,7.760579558886199e-06,-12.32758765
18637.69531,2.89906692653989e-05,-109.9967921,8.432390707225082e-06,94.86906777722814
18642.57813,3.189680281464373e-05,37.73241024,8.403507497622042e-06,-140.132124
18647.46094,3.991442556751428e-05,-158.627642,6.20009728697981e-06,-54.41748444
18652.34375,3.859298395563234e-05,21.17413344710364,2.267842090048931e-05,101.7435824629426
18657.22656,4.798313079732785e-05,-162.0818302,4.615953123167704e-05,-77.59628642
18662.10938,5.17191232389963e-05,15.72677828961502,6.084988506029311e-05,100.1712296660087
18666.99219,3.799266869256645e-05,-168.2870537,5.887220692840119e-05,-79.44160359
18671.875,2.263269418362453e-05,-5.563225045,5.199275236432036e-05,107.0114860302627
18676.75781,1.10156938456266e-05,130.1254841909265,4.802521962145613e-05,-64.00525193
18681.64063,1.762561593770293e-05,-142.674373,3.94142907061167e-05,120.4453736412174
18686.52344,4.248191899937564e-05,12.62402304966689,2.86640918518581e-05,-66.34461364
18691.40625,5.138598318541121e-05,-178.265273,2.396133273811282e-05,105.7267228
18696.28906,4.212465534823592e-05,2.193984212378376,1.76259905018456e-05,-90.65487402
18701.17188,3.100967794480437e-05,-172.8626715,1.222162797561558e-05,57.63958244
18706.05469,1.384052733076295e-05,-7.103568397,4.722189950993822e-07,-177.3027415
18710.9375,1.224189360615865e-05,69.16572367154953,1.642160805223751e-05,-101.1811644
18715.82031,2.913928969197505e-05,-109.7600521,3.007519286640396e-05,82.90998151846017
18720.70313,2.5990588236232e-05,86.56028920231986,4.286376536537795e-05,-97.86728214
18725.58594,2.071821923423258e-05,5.013736207,5.574092646253143e-05,87.31992395
18730.46875,6.160869664521207e-05,-146.6662221,5.97703657039511e-05,-90.00245842
18735.35156,8.516327785871249e-05,41.01124603263876,4.826705138274453e-05,91.12698218946556
18740.23438,8.402571316250629e-05,-138.6536935,3.231266190183314e-05,-83.57506399
18745.11719,6.847146400739973e-05,18.58892759677115,2.054491123359135e-05,108.4368800514378
18750,5.852502641138157e-05,158.2892944,1.332652774434971e-05,-2.26430733
18754.88281,5.724642749004115e-05,-46.74868553,3.64964408832456e-05,-142.5257463
18759.76563,6.074380534572153e-05,132.4313488,6.021839189329474e-05,34.55787776
18764.64844,5.476499835056098e-05,-40.24623409,7.505470775750969e-05,-151.6175823
18769.53125,2.70163098137451e-05,125.0697718756099,7.72855654801442e-05,25.48250822046483
18774.41406,2.99917667988409e-05,-150.1074735,6.089351391282738e-05,-157.7549553
18779.29688,6.052066440653325e-05,11.35953645852508,3.632564470644657e-05,8.685182347393924
18784.17969,7.893885936569671e-05,-166.0978717,1.475983802158402e-05,-177.8721307
18789.0625,7.755246042713276e-05,17.00643728682236,9.897726588638162e-06,150.0166367004333
18793.94531,5.472727203009744e-05,-161.2868109,2.854155692908897e-05,0.046330087
18798.82813,2.315732295345203e-05,38.53456886222097,4.238885185879173e-05,-167.5580129
18803.71094,1.641885346963705e-05,-47.22598658,4.664091277921438e-05,12.06848260032414
18808.59375,2.14494826591975e-05,164.4881688297335,4.524145690906022e-05,-173.504785
18813.47656,1.988968847823433e-05,27.74256526140864,4.524276453112868e-05,-9.513829844
18818.35938,2.801476565923557e-05,-115.0913306,5.134013922980681e-05,144.6895200086137
18823.24219,4.329006367524775e-05,89.26693500389629,6.601649661960475e-05,-48.59980474
18828.125,6.418878877852579e-05,-78.34002386,7.562281918687185e-05,136.6325994336399
18833.00781,6.56411369015333e-05,104.5760331841774,0.000300157,77.47751444016139
18837.89063,5.344902285797423e-05,-83.51804347,0.001968844,-92.68229124
18842.77344,3.447817526522909e-05,75.15063415907018,0.004169758,88.27818634350717
18847.65625,2.284900372911813e-05,-151.9103285,0.004872212,-91.43342043
18852.53906,2.543627830252855e-05,26.62941309011365,0.0048686,88.80383248543538
18857.42188,2.495275679797527e-05,-147.1962786,0.004115804,-90.92399979
18862.30469,1.556703626139588e-05,25.14983986293123,0.001897437,89.49465232657641
18867.1875,1.876316072744027e-05,-124.6057871,0.000280134,-87.54033845
18872.07031,3.850857948413855e-05,49.80549473078523,4.462225737555122e-05,-122.3241441
18876.95313,4.824689113150725e-05,-136.0940801,4.888584192013871e-05,54.49729238476226
18881.83594,5.077750414606525e-05,50.75491235466708,4.732123055699943e-05,-124.4901019
18886.71875,5.300605854133702e-05,-115.9554317,3.959134113039772e-05,57.23212261692505
18891.60156,5.091158754510168e-05,91.25368445583766,1.88119279926721e-05,-131.0455258
18896.48438,5.310023741284804e-05,-66.5470404,6.511173135277892e-06,-74.79113492
18901.36719,5.052024485835822e-05,111.8920112535554,1.852481465087239e-05,85.00526196447173
18906.25,3.911030921015321e-05,-86.52156495,2.964736743620253e-05,-70.54130266
18911.13281,3.324586144527807e-05,47.55063943077994,4.910569589461554e-05,125.7893384
18916.01563,4.00411736530752e-05,-164.4896801,5.941909949711336e-05,-41.92546367
18920.89844,4.480636382517966e-05,-8.182175758,5.692030999879897e-05,145.8013307829765
18925.78125,5.228315236612462e-05,175.8950443332007,5.174498980994541e-05,-33.30471372
18930.66406,5.016681470270191e-05,20.49738737662916,4.44830692111301e-05,154.2781613488712
18935.54688,3.70989595189595e-05,-133.3159328,2.589767283479625e-05,-20.67978249
18940.42969,3.01552525278618e-05,74.15893472752434,5.90480717376194e-06,52.71995744392327
18945.3125,2.252392104797877e-05,-69.93577363,2.570983307933311e-05,174.0170997784702
18950.19531,3.402710151490705e-05,177.1923911670661,4.022150827906144e-05,-14.14973321
18955.07813,4.965458183031682e-05,13.83348768,4.811736424162873e-05,150.9736751985594
18959.96094,4.186304912135631e-05,-150.5489933,4.934513571102335e-05,-53.28426013
18964.84375,3.678395388069168e-05,42.61850024502989,4.857353200160843e-05,101.8366879191775
18969.72656,3.326369423569425e-05,-147.9554235,5.308539721196106e-05,-91.06587647
18974.60938,2.280310154503792e-05,4.043253820970616,5.06357776876658e-05,82.57854287934394
18979.49219,3.026102375850981e-05,123.9281986235172,3.15983756200195e-05,-112.6259424
18984.375,6.176516774201422e-05,-75.62246647,8.028563207831868e-06,47.28083326359256
18989.25781,7.795602831382285e-05,97.19619085251426,6.381380725761363e-06,111.8661282823032
18994.14063,7.253896723461928e-05,-84.89399014,1.864837704609197e-05,-40.64374667
18999.02344,5.54988733047344e-05,99.68863564,2.260873465879345e-05,145.2328905927367
19003.90625,2.770950381731053e-05,-53.18412283,2.736333558018663e-05,-33.27495074
19008.78906,3.073047338353627e-05,-163.8862492,3.622636041874754e-05,153.0458614469391
19013.67188,4.518970884904192e-05,38.40045959284345,3.116348305984258e-05,-16.68987577
19018.55469,5.713668783570104e-05,-128.9071967,1.817777329708316e-05,171.2131925838661
19023.4375,7.062746910460484e-05,55.39271643119865,1.343081481621964e-05,71.16031622235138
19028.32031,7.237208030752198e-05,-125.3130086,4.173991705572802e-05,-81.70519647
19033.20313,5.762183990939169e-05,39.02491505499322,5.729836209284763e-05,103.5040613773318
19038.08594,4.845881775023216e-05,170.0911471085425,5.362009669308765e-05,-67.11788639
19042.96875,7.089856366372435e-05,-49.12273716,4.270524061571072e-05,112.9306450525086
19047.85156,8.461495626651966e-05,122.5088658912665,2.414834960884331e-05,-66.64194126
19052.73438,8.181315942344918e-05,-57.56838022,1.601621130086779e-05,179.4415624133972
19057.61719,7.04177860677835e-05,128.4464751248454,2.246166917260764e-05,28.01463853926911
19062.5,4.672123662456803e-05,-30.35979785,2.656526585346552e-05,-146.3468714
19067.38281,2.440479735179626e-05,174.4323218530888,3.268156937665637e-05,26.71699093135767
19072.26563,1.357132324491974e-06,-40.67211767,2.400117242491097e-05,-152.4291709
19077.14844,2.025201923247288e-05,4.977591892788578,1.6577033825192e-05,94.18111926189292
19082.03125,2.842596021171788e-05,-158.1241391,3.092597888200805e-05,-52.10663768
19086.91406,3.12236584325924e-05,47.15927539110932,3.55808741443816e-05,149.1277279838717
19091.79688,4.737500365151352e-05,-117.5058896,3.199720122749551e-05,-14.70945936
19096.67969,7.23999257527263e-05,76.71867974386547,1.76564630154469e-05,-173.9269068
19101.5625,7.724420513422645e-05,-86.97036582,1.832426377054136e-05,57.49445561376227
19106.44531,7.415813369009344e-05,100.1337179126143,2.229885100540211e-05,-123.1490471
19111.32813,6.487888180825342e-05,-78.27305508,2.183670172082575e-05,46.04096553481712
19116.21094,3.831589510409061e-05,144.9780764465497,2.41596534779558e-05,-149.7041111
19121.09375,4.143503618096515e-05,35.81381363452807,3.212862238541191e-05,20.39368452004217
19125.97656,5.723172189387266e-05,-98.27354322,3.366244541086397e-05,-152.688843
19130.85938,7.688237750574151e-05,93.70163894183447,2.526592148948214e-05,16.54326028705448
19135.74219,8.020566316469123e-05,-79.52387318,2.831483368625707e-05,179.0820510146544
19140.625,7.01870886964284e-05,112.5117278,3.475781621621978e-05,6.240453034846561
19145.50781,4.901182078120225e-05,-60.32336636,3.42528771208084e-05,-176.935072
19150.39063,4.008745766512965e-05,109.9090858700202,2.924915233759331e-05,9.588982771719541
19155.27344,4.840833652021152e-05,-79.10447679,2.726453994514289e-05,-156.3355907
19160.15625,6.21125760372861e-05,98.04691663335493,2.001624237918867e-05,9.334302461124846
19165.03906,8.615991209960597e-05,-85.34751475,1.379011089384242e-05,134.8872098918593
19169.92188,0.000100073,96.61508438008036,2.36088252522031e-05,-65.93450289
19174.80469,8.260878464610011e-05,-83.71207008,2.902156085320432e-05,108.5128275179808
19179.6875,5.05222811497131e-05,82.38796335311184,2.287867010009558e-05,-105.7130752
19184.57031,1.639040248991429e-05,-128.0407006,2.575058107917526e-05,30.44915697023944
19189.45313,2.535170204792059e-05,-86.97791144,3.879280572753222e-05,-162.6472445
19194.33594,4.108955924539282e-05,76.59758939283982,5.610457555656168e-05,9.548172191131945
19199.21875,4.347089925352881e-05,-133.6903253,6.676763590466891e-05,-179.906008
19204.10156,5.176075647599557e-05,24.87459791183214,6.691707007476429e-05,-4.280091292
19208.98438,3.772885529528551e-05,-175.721733,5.997257651412436e-05,167.1817126902898
19213.86719,3.583552817454691e-05,-67.10200693,5.315180009181938e-05,-37.97891611
19218.75,5.527719401011476e-05,86.40941977749225,4.79826095844031e-05,115.9463564658382
19223.63281,5.986869596373652e-05,-108.1329795,3.584957186054485e-05,-83.7679265
19228.51563,6.301606494389702e-05,62.44026485773981,2.571469174422924e-05,74.44845351410777
19233.39844,5.12463255706393e-05,-125.6420272,2.335804906912177e-05,-115.386815
19238.28125,3.973263518687448e-05,31.32601608317896,1.290973072248487e-05,64.46789456063031
19243.16406,4.369633381173926e-05,-162.089292,5.275537353097979e-06,108.1434379672694
19248.04688,4.445374131141913e-05,20.08910441047677,1.287216268432112e-05,-102.813261
19252.92969,4.056469876174713e-05,-155.5624032,1.618846017905542e-05,49.95948384359409
19257.8125,2.984082063082223e-05,20.31321262801329,1.945287862981357e-05,-149.6975101
19262.69531,1.657427091430144e-05,177.8004958808185,1.605338012725403e-05,11.16298384248008
19267.57813,1.247522216992785e-05,-26.62518166,1.540471466396335e-05,132.8649265930395
19272.46094,7.798125834590378e-06,143.6076612800705,1.813467363392857e-05,-62.14654079
19277.34375,7.420772604856117e-06,-142.1638767,3.425477454820295e-06,144.3457380366252
19282.22656,3.376045751098829e-05,41.38164455262602,1.084980108728453e-05,69.86551715254771
19287.10938,7.070348211440232e-05,-132.7183154,2.983603863197675e-05,-129.7562146
19291.99219,9.657996752674717e-05,49.18501493503505,4.605221924803201e-05,51.16113579296106
19296.875,0.000109397,-123.3452936,4.03424432616105e-05,-130.8042262
19301.75781,9.755698881997878e-05,72.24842679945478,2.828151856049032e-05,33.09847982453831
19306.64063,6.868752314148909e-05,-79.77016534,1.814177230127206e-05,-169.4860597
19311.52344,5.419517536416052e-05,136.9412083675677,1.176557780348135e-05,-108.4482149
19316.40625,4.843693414240699e-05,-9.234219852,3.108079930426102e-05,40.98175423074118
19321.28906,3.802457845076281e-05,-158.4840483,2.605959601304007e-05,-150.7497142
19326.17188,2.739572913682937e-05,60.23206644147307,1.749743403160434e-05,23.01864784516079
19331.05469,2.591688202858032e-05,-97.42926591,9.225265270976842e-06,-125.11803
19335.9375,2.287709661579521e-05,84.16761853926705,2.066020985940609e-05,158.1401333103844
19340.82031,1.591368491235016e-05,-101.1907247,4.568683620836101e-05,-15.3363434
19345.70313,1.500880230579721e-05,-36.43054986,5.608540683392365e-05,175.2654894
19350.58594,3.562619215453751e-05,116.1704308198917,5.369276850475086e-05,7.202251119140391
19355.46875,2.946494853734672e-05,-78.29342974,3.545923932801047e-05,-165.7945424
19360.35156,2.908827124590294e-05,89.39031757012545,1.787554014751134e-05,79.53234853
19365.23438,4.009015629366007e-05,-108.0380307,3.346820836144513e-05,-42.04172902
19370.11719,5.048177766797453e-05,38.34316312131582,4.062186957469382e-05,154.4741311566819
19375,6.524200769830773e-05,-153.900666,3.336109410221635e-05,-32.23266254
19379.88281,7.065299825605321e-05,37.73459452614817,2.507431310972404e-05,94.62459153879939
19384.76563,6.460853218520216e-05,-138.6233616,4.589173334312002e-05,-134.0778634
19389.64844,4.944811976511965e-05,29.18331147291158,7.293273074478631e-05,28.2063781
19394.53125,3.397185741625527e-05,-138.4882723,8.91576203849201e-05,-155.1901585
19399.41406,3.554736957738353e-05,74.50323437335275,8.835129535759082e-05,24.14951560340917
19404.29688,3.671120461728078e-05,-98.56848935,8.270378391631737e-05,-168.7925511
19409.17969,3.298990068230235e-05,106.4024309179092,7.397307449656367e-05,-5.239332911
19414.0625,3.409883307998822e-05,-25.05669022,6.060118020558084e-05,154.7989448475331
19418.94531,5.033227854255163e-05,-158.5308702,6.074455495079842e-05,-51.54283434
19423.82813,7.408756444982931e-05,33.38780373379016,6.510103097904382e-05,102.6685796175936
19428.71094,8.172812667117355e-05,-152.3348876,7.134177599439615e-05,-106.5125462
19433.59375,7.297723730859482e-05,13.05456769312668,7.972810503519105e-05,54.30697157474939
19438.47656,5.167955462260472e-05,165.1697580571411,7.25160309651858e-05,-129.4603045
19443.35938,3.876199488712557e-05,-59.39872581,4.984781993430547e-05,55.61022911053244
19448.24219,3.400999751160662e-05,101.2518551598196,2.343362601379155e-05,-110.8927332
19453.125,2.6112377926253e-05,-81.05463123,1.4616741268399e-05,151.2491314369414
19458.00781,2.329277165807499e-05,114.8389511745139,2.542640237356354e-05,10.91649690321899
19462.89063,3.803762142672436e-05,-3.612406915,2.338437933510245e-05,-141.3254384
19467.77344,6.120918954212995e-05,-156.0512106,1.552398694588752e-05,54.37307558724387
19472.65625,6.22764951792548e-05,42.17925004896423,5.649093347258166e-06,-161.2884866
19477.53906,6.508987316830123e-05,-126.7557091,6.437873818134917e-06,-80.49646066
19482.42188,5.774022318879565e-05,50.43629492796377,1.461245338558594e-05,70.28333742565576
19487.30469,4.031074904993297e-05,-154.5663682,2.647379773934287e-05,-124.7515325
19492.1875,3.794958178391413e-05,-2.026955063,4.185995453785207e-05,54.19719539259398
19497.07031,2.96273607911683e-05,-179.5579001,5.756429362308289e-05,-119.2335119
19501.95313,1.426892336795127e-05,56.01261015842163,6.568145329393397e-05,66.13819270391654
19506.83594,3.941170756709423e-05,-50.96093023,6.792936721000845e-05,-105.0091228
19511.71875,5.982708694759313e-05,135.9298083679408,5.050739910173738e-05,78.92677203152729
19516.60156,5.02555304310553e-05,-39.64513668,1.715417814539169e-05,160.4829005144336
19521.48438,3.319003993696352e-05,152.8551278228824,8.075352779710702e-05,-60.99610036
19526.36719,1.759148244042605e-05,14.94627427137844,0.000122403,115.7689487108968
19531.25,3.034633472867179e-05,-134.2243138,0.00012899,-70.98941157
19536.13281,5.455399346139888e-05,30.41416652119818,0.000113447,100.0859441849472
19541.01563,6.369390844763742e-05,-154.8666653,7.26496768389542e-05,-97.76634827
19545.89844,5.691091691297578e-05,30.25240557445856,4.451619655661046e-05,40.32406435
19550.78125,4.997060496094973e-05,-147.4514129,4.282167193384044e-05,-176.4633833
19555.66406,3.056332576082618e-05,27.98643353469399,3.575940972599761e-05,-36.28299525
19560.54688,8.993988035463558e-06,-160.4636476,4.210967350615058e-05,84.05442497386551
19565.42969,5.837531365658072e-06,-41.86444609,6.613950265471468e-05,-114.8483146
19570.3125,1.823835946394991e-05,107.6325613290792,7.899630165822874e-05,56.61506596372475
19575.19531,2.800162872151154e-05,-73.73230506,7.852388461541114e-05,-131.8475071
19580.07813,2.7908078769676e-05,117.1489092179325,6.479729042075763e-05,50.27345957533038
19584.96094,2.272499187467324e-05,-51.21186062,4.214142469132624e-05,-114.0473675
19589.84375,6.857337158916737e-06,176.7113375887239,2.855791751839773e-05,103.3891669219392
19594.72656,1.808237805619013e-05,115.9893786154266,3.050230055323941e-05,-54.43057328
19599.60938,3.919251293433186e-05,-42.8357455,3.20154722021619e-05,114.9916232914062
19604.49219,6.583019483463204e-05,151.8162791093474,2.742996891671776e-05,-84.64397958
19609.375,8.081506685702754e-05,-11.4425609,2.063241802545977e-05,53.01794907633575
19614.25781,8.311824805242307e-05,-174.2241304,3.251934430775032e-05,-166.1839024
19619.14063,9.023564249972389e-05,17.53393924570215,3.97609007869571e-05,1.96949412
19624.02344,9.358725980453663e-05,-160.4909915,2.729910548278273e-05,161.6720946
19628.90625,8.071326569622168e-05,9.097868895571349,1.372758271325084e-05,-96.10962606
19633.78906,7.054997726790938e-05,168.4193616566106,3.057459153695727e-05,26.00530859265737
19638.67188,6.18183571319536e-05,-28.05183845,4.474282521414943e-05,-157.413895
19643.55469,4.176551166407e-05,121.8104585771407,4.529041912815892e-05,24.39940536
19648.4375,3.862995062625554e-05,-119.3691911,3.404807782950969e-05,-139.9310571
19653.32031,5.061710897571985e-05,16.20739226287563,2.876515333130297e-05,80.60261064890359
19658.20313,6.125167627769824e-05,175.1808183801493,2.739223434165062e-05,-78.56644595
19663.08594,5.745505052876504e-05,-13.03391075,2.706669463894453e-05,99.87246775623829
19667.96875,4.616314465444841e-05,166.8114658288943,2.645079078658079e-05,-92.10695436
19672.85156,3.071508017542511e-05,-0.301586702,1.867535161361746e-05,57.16253532457552
19677.73438,1.307610217522293e-05,-140.2120609,1.546463401835934e-05,173.4873036111704
19682.61719,2.169423669962652e-05,108.4890270458092,2.179998583805521e-05,-60.08140578
19687.5,3.928034881524308e-05,-64.26919147,2.024684072728659e-05,91.79252211659603
19692.38281,5.317118046857747e-05,126.7552507888123,1.091437992380952e-05,-146.1125373
19697.26563,6.686133244325871e-05,-44.71110013,1.778278815659716e-05,-43.29503734
19702.14844,5.730593567495955e-05,146.2036288728039,2.323915692975246e-05,95.45943841530908
19707.03125,4.242551727441993e-05,5.546807608079654,2.260550461496827e-05,-136.1771532
19711.91406,4.412301444143718e-05,-149.1295254,2.751868306939277e-05,-3.643890183
19716.79688,3.84106231285848e-05,54.95635701582444,4.21091160438927e-05,153.1944675957823
19721.67969,2.822694983427504e-05,-88.76179414,5.155646202838834e-05,-31.62815141
19726.5625,2.235121102407467e-05,-162.7307529,4.817647572737146e-05,146.5718316138662
19731.44531,5.5585268299093e-05,49.38672148,5.221333321588832e-05,-29.36188355
19736.32813,6.116483341829674e-05,-117.6525812,6.124143128764194e-05,154.4207717266353
19741.21094,4.162711445871247e-05,88.51841492087952,6.257318520379868e-05,-34.14835463
19746.09375,2.890075320082734e-05,-51.98443625,5.660080472167642e-05,140.0609574
19750.97656,2.992296503571173e-05,172.6731306255558,4.1389883555389e-05,-42.75213542
19755.85938,5.11674994412937e-05,24.66164218180114,3.197222977708752e-05,113.3551859890795
19760.74219,6.916643905321904e-05,-147.8048618,3.376887234888096e-05,-90.09332102
19765.625,7.001392958413303e-05,33.59181173197915,3.423920563792351e-05,80.47918936463088
19770.50781,6.299591756609755e-05,-149.3783411,2.959098802494748e-05,-96.47581165
19775.39063,4.995451874634893e-05,31.11521136788576,2.114984288433483e-05,94.38257251142855
19780.27344,2.588548396768447e-05,-124.3310953,8.927845192901448e-06,-59.51409686
19785.15625,2.606854486024015e-05,128.9190294422582,1.116990116355896e-05,-170.3907508
19790.03906,5.02326679958742e-05,-38.21342547,2.307596204311678e-05,-36.21722726
19794.92188,6.636549657840382e-05,139.5088607793722,5.085864317123743e-05,118.4984469128918
19799.80469,7.286732322812648e-05,-46.6358026,7.362588773863223e-05,-66.56761699
19804.6875,7.700073587320778e-05,138.4858654600328,8.459011304523274e-05,107.0944448232398
19809.57031,7.900777726487041e-05,-23.29445098,8.095436668713447e-05,-85.00545388
19814.45313,8.050725470672433e-05,172.6564166921829,6.051136367609871e-05,75.55472332062901
19819.33594,8.269582756408312e-05,5.060684818729492,4.167697314966424e-05,-147.9367102
19824.21875,9.474391920764558e-05,-166.5031019,4.731982051940065e-05,-5.836066145
19829.10156,0.000110239,12.05465855613659,3.856526811807521e-05,161.2952945211566
19833.98438,0.000104193,179.4178708200265,1.723603163585554e-05,-45.79416014
19838.86719,9.209224472246796e-05,-17.30506221,7.070046992155861e-06,33.41826884554554
19843.75,8.322364973686904e-05,153.7016384483575,1.861515795524848e-05,152.3647247027397
19848.63281,7.046361984608525e-05,-42.32284126,2.436253942387096e-05,-30.61301329
19853.51563,5.896840182192583e-05,119.2548502988922,2.673671390621766e-05,144.4910005837959
19858.39844,3.974691325086653e-05,-67.54925708,2.980185568377875e-05,-39.31641778
19863.28125,3.48043329546405e-05,104.3076015231609,3.313265477515077e-05,137.0772613086756
19868.16406,4.596523116106627e-05,-69.93966505,4.277679146552812e-05,-50.45445358
19873.04688,4.392656066015407e-05,129.3062599030049,4.344672589599622e-05,120.0644143372478
19877.92969,3.581510906107025e-05,-37.81570561,4.028249099059497e-05,-86.53075541
19882.8125,4.139320504182635e-05,132.9319530674029,4.781871902155671e-05,74.04970255
19887.69531,5.381572889160871e-05,-55.33224657,4.30971347533762e-05,-112.3107033
19892.57813,6.830338502054974e-05,107.6477570093497,2.989128790999581e-05,66.16985187791779
19897.46094,8.87781186247192e-05,-81.32622519,1.361930074324645e-05,-98.05305877
19902.34375,8.360115346295854e-05,110.1636466868971,9.845285889112227e-06,-166.8411041
19907.22656,6.647717526433602e-05,-51.98988658,1.97048192677019e-05,7.648024583987562
19912.10938,4.357449360819738e-05,137.1584096914235,1.634437371977271e-05,165.5289505959734
19916.99219,2.270837626330027e-05,-3.671371887,4.327731505877246e-06,-109.4322408
19921.875,1.642732525380096e-05,-159.8868347,6.955845492440513e-06,70.71304510292643
19926.75781,1.296718550050094e-05,-115.1116586,6.4403825828348e-06,-137.1064535
19931.64063,3.73518993211399e-05,28.26219231723601,2.268226392354355e-05,-4.724629451
19936.52344,4.973477991661749e-05,-170.0861878,2.684226202148007e-05,-173.3250712
19941.40625,5.966210374843031e-05,-2.47980297,3.072510147272009e-05,23.02872066
19946.28906,6.327466054859556e-05,166.2439247122408,3.751952791674868e-05,-157.3862469
19951.17188,4.487090779425999e-05,-34.96809749,3.357657383779016e-05,40.65334489
19956.05469,2.32298256760112e-05,90.08197878499634,3.020860356967087e-05,-97.13665381
19960.9375,2.624262780425803e-05,-156.8862237,2.65212309712465e-05,108.2950291911431
19965.82031,2.492213544234821e-05,6.710943505317681,2.22698063345172e-05,-82.32903083
19970.70313,1.012748106769812e-05,173.8680412063447,2.553517015647579e-05,75.94548338752092
19975.58594,1.225223934497228e-05,-92.19941208,3.018560626347055e-05,-116.1261656
19980.46875,2.227261624550799e-05,71.28770356099329,4.116539442098904e-05,64.57013523
19985.35156,2.464975427602355e-05,-114.631063,5.199328175198105e-05,-98.55233865
19990.23438,2.7658738946348e-05,84.90594486603074,5.572408921024511e-05,108.0130279293508
19995.11719,2.550650380888895e-05,-82.50503315,4.739144653410484e-05,-45.84609203
20000,2.262228318899766e-06,180,3.439868350830426e-05,180
